"=HYPERLINK(""https://drive.google.com/drive/folders/1k5ks3zaGR4UXYmnkOolcVVjfpZ7wm6QQ"", ""04 - ABR - 26 / 30/04 - QUI"")",B10- TRT/RN REVERTE JUSTA CAUSA ,LEO, ✔, ✔,,BOLETIM_RADIO_TJRN_30_04_2026_B10_TRTRN_REVERTE_JUSTA_CAUSA_,https://docs.google.com/document/d/1otCwW6U7WOxjIt1iekX4dTkaIw_wSaHbLb3-PaEfTzY/edit?usp=drivesdk,2026-04-30 00:00:00
"=HYPERLINK(""https://drive.google.com/drive/folders/1k5ks3zaGR4UXYmnkOolcVVjfpZ7wm6QQ"", ""04 - ABR - 26 / 30/04 - QUI"")",B9- TJRN DESTAQUE PRÊMIO NACIONAL CNJ,LEO, ✔, ✔,,BOLETIM_RADIO_TJRN_30_04_2026_B9_TJRN_DESTAQUE_PREMIO_NACIONAL_CNJ,https://docs.google.com/document/d/1x02S6m0AgSWpFoi-F3aNPzwrJu_ReIGObU6XdgebGNg/edit?usp=drivesdk,2026-04-30
"=HYPERLINK(""https://drive.google.com/drive/folders/1k5ks3zaGR4UXYmnkOolcVVjfpZ7wm6QQ"", ""04 - ABR - 26 / 30/04 - QUI"")",B8- TJRN CASO POLLYANA CONDENA SEIS ,LEO, ✔, ✔,,BOLETIM_RADIO_TJRN_30_04_2026_B8_TJRN_CASO_POLLYANA_CONDENA_SEIS_,https://docs.google.com/document/d/15qAHMnzjUAuCOzKv2ayxZqASmwieFveuBTzu_BByMHY/edit?usp=drivesdk,2026-04-30
"=HYPERLINK(""https://drive.google.com/drive/folders/1k5ks3zaGR4UXYmnkOolcVVjfpZ7wm6QQ"", ""04 - ABR - 26 / 30/04 - QUI"")",B7- TJRN MULHER INDENIZADA PERFIL FRAUDULENTO ,LEO, ✔, ✔,,BOLETIM_RADIO_TJRN_30_04_2026_B7_TJRN_MULHER_INDENIZADA_PERFIL_FRAUDULENTO_,https://docs.google.com/document/d/1wKajGYYjckLYbeL9liqzffa-Hdzp-_kkAk5EUOqDdFY/edit?usp=drivesdk,2026-04-30
"=HYPERLINK(""https://drive.google.com/drive/folders/1k5ks3zaGR4UXYmnkOolcVVjfpZ7wm6QQ"", ""04 - ABR - 26 / 30/04 - QUI"")",B6- TJRN REATIVAÇÃO PLANO SAÚDE ,LEO, ✔, ✔,,BOLETIM_RADIO_TJRN_30_04_2026_B6_TJRN_REATIVACAO_PLANO_SAUDE_,https://docs.google.com/document/d/1xYPcgJxpVFiLI3UxkuQChSPQSJeC7W90GwDuKHUeEUg/edit?usp=drivesdk,2026-04-30
"=HYPERLINK(""https://drive.google.com/drive/folders/1k5ks3zaGR4UXYmnkOolcVVjfpZ7wm6QQ"", ""04 - ABR - 26 / 30/04 - QUI"")",B5- TJRN PACIENTE ESCLEROSE LATERAL,LEO, ✔, ✔,,BOLETIM_RADIO_TJRN_30_04_2026_B5_TJRN_PACIENTE_ESCLEROSE_LATERAL,https://docs.google.com/document/d/1g8Fq-fHIVtqZ5geF6tjdtCS3HVBhDz7TwHBKXZCg9Qk/edit?usp=drivesdk,2026-04-30
"=HYPERLINK(""https://drive.google.com/drive/folders/1k5ks3zaGR4UXYmnkOolcVVjfpZ7wm6QQ"", ""04 - ABR - 26 / 30/04 - QUI"")",B4- TJRN RECONHECE VICIO ACESSÓRIO ,LEO, ✔, ✔,,BOLETIM_RADIO_TJRN_30_04_2026_B4_TJRN_RECONHECE_VICIO_ACESSORIO_,https://docs.google.com/document/d/15PAITlN-1rXGdKppJSSZUFrp9Ht4nBeUYC2qKR2tGKk/edit?usp=drivesdk,2026-04-30
"=HYPERLINK(""https://drive.google.com/drive/folders/1k5ks3zaGR4UXYmnkOolcVVjfpZ7wm6QQ"", ""04 - ABR - 26 / 30/04 - QUI"")",B3- TJRN MANTIDO JÚRI ACUSADOS HOMICÍDIOS ,LEO, ✔, ✔,,BOLETIM_RADIO_TJRN_30_04_2026_B3_TJRN_MANTIDO_JURI_ACUSADOS_HOMICIDIOS_,https://docs.google.com/document/d/187j9VC8y49p7Vn7ykan37dRhJXCXMXl_XZVyretJlP4/edit?usp=drivesdk,2026-04-30
"=HYPERLINK(""https://drive.google.com/drive/folders/1k5ks3zaGR4UXYmnkOolcVVjfpZ7wm6QQ"", ""04 - ABR - 26 / 30/04 - QUI"")",B2- TJRN SESSÃO JÚRI POLLYANA ,LEO, ✔, ✔,,BOLETIM_RADIO_TJRN_30_04_2026_B2_TJRN_SESSAO_JURI_POLLYANA_,https://docs.google.com/document/d/12O738-w6ZQvSIeia4Z9Bp1Tlgp-ahZ2uigYb8SunEQY/edit?usp=drivesdk,2026-04-30
"=HYPERLINK(""https://drive.google.com/drive/folders/1k5ks3zaGR4UXYmnkOolcVVjfpZ7wm6QQ"", ""04 - ABR - 26 / 30/04 - QUI"")",B1- TJRN CÂMARA VEREADORES VIRGÍLIO MACEDO ,LEO, ✔, ✔,,BOLETIM_RADIO_TJRN_30_04_2026_B1_TJRN_CAMARA_VEREADORES_VIRGILIO_MACEDO_,https://docs.google.com/document/d/1jiQLW1FVFFdYXfoukKPdkhUCbn3QpQtlPTZoNcZT1DM/edit?usp=drivesdk,2026-04-30
"=HYPERLINK(""https://drive.google.com/drive/folders/1rSn-Vo8prGuI5HzlqpLhKC6G8PyHV3p-"", ""04 - ABR - 26 / 29/04 - QUA"")",B10- MPRN OPERAÇÃO TRÁFICO DROGAS ,LEO, ✔, ✔,,BOLETIM_RADIO_TJRN_29_04_2026_B10_MPRN_OPERACAO_TRAFICO_DROGAS_,https://docs.google.com/document/d/1OFCqy7k7sB4NyqK5LFS_Ht6MzcQ1BD6BPYSNRCwWLgg/edit?usp=drivesdk,2026-04-30
"=HYPERLINK(""https://drive.google.com/drive/folders/1rSn-Vo8prGuI5HzlqpLhKC6G8PyHV3p-"", ""04 - ABR - 26 / 29/04 - QUA"")",B9- DPERN RESTABELECIMENTO ÁGUA ,LEO, ✔, ✔,,BOLETIM_RADIO_TJRN_29_04_2026_B9_DPERN_RESTABELECIMENTO_AGUA_,https://docs.google.com/document/d/1mIK-t3q-fbqaDO7omqkWG0e0IWhRnpXCEtjPZ-vTV60/edit?usp=drivesdk,2026-04-30
"=HYPERLINK(""https://drive.google.com/drive/folders/1rSn-Vo8prGuI5HzlqpLhKC6G8PyHV3p-"", ""04 - ABR - 26 / 29/04 - QUA"")",B8- TJRN PROGRAMA JUSTIÇA E ESCOLA ,LEO, ✔, ✔,,BOLETIM_RADIO_TJRN_29_04_2026_B8_TJRN_PROGRAMA_JUSTICA_E_ESCOLA_,https://docs.google.com/document/d/1na7mVTSrjcuuAiRmUjBKF3FVGe9ZymwejwWNFtlWHj8/edit?usp=drivesdk,2026-04-30
"=HYPERLINK(""https://drive.google.com/drive/folders/1rSn-Vo8prGuI5HzlqpLhKC6G8PyHV3p-"", ""04 - ABR - 26 / 29/04 - QUA"")",B7- SEGUNDA SEMANA PAUTA VERDE,LIV, ✔, ✔,,BOLETIM_RADIO_TJRN_29_04_2026_B7_SEGUNDA_SEMANA_PAUTA_VERDE,https://docs.google.com/document/d/156CiVQphuL62q9RHyyGXMcXGZlA-ZG2k6ESL1MdIAqQ/edit?usp=drivesdk,2026-04-29
"=HYPERLINK(""https://drive.google.com/drive/folders/1rSn-Vo8prGuI5HzlqpLhKC6G8PyHV3p-"", ""04 - ABR - 26 / 29/04 - QUA"")",B6- DANOS MORAIS FOGÃO DEFEITUOSO,LIV, ✔, ✔,,BOLETIM_RADIO_TJRN_29_04_2026_B6_DANOS_MORAIS_FOGAO_DEFEITUOSO,https://docs.google.com/document/d/1g6f0Fleo71ubbFct6b93VsKEJPv4MdWjftTZ5Ju4yrE/edit?usp=drivesdk,2026-04-29
"=HYPERLINK(""https://drive.google.com/drive/folders/1rSn-Vo8prGuI5HzlqpLhKC6G8PyHV3p-"", ""04 - ABR - 26 / 29/04 - QUA"")",B5- HOMICÍDIO CULPOSO NEGADO RECURSO,LIV, ✔, ✔,,BOLETIM_RADIO_TJRN_29_04_2026_B5_HOMICIDIO_CULPOSO_NEGADO_RECURSO,https://docs.google.com/document/d/1hjYLd-p9qGuA5a1QvvPmotAm_nfTie3INSouSuL3-WU/edit?usp=drivesdk,2026-04-29
"=HYPERLINK(""https://drive.google.com/drive/folders/1rSn-Vo8prGuI5HzlqpLhKC6G8PyHV3p-"", ""04 - ABR - 26 / 29/04 - QUA"")",B4- EMPRESA PENDÊNCIAS TRIBUTÁRIAS,LIV, ✔, ✔,,BOLETIM_RADIO_TJRN_29_04_2026_B4_EMPRESA_PENDENCIAS_TRIBUTARIAS,https://docs.google.com/document/d/1uiRAD0qEbPaiU0D8g8m8HJhpNgvsmrEXnswOhgii8qM/edit?usp=drivesdk,2026-04-29
"=HYPERLINK(""https://drive.google.com/drive/folders/1rSn-Vo8prGuI5HzlqpLhKC6G8PyHV3p-"", ""04 - ABR - 26 / 29/04 - QUA"")",B3- INDENIZAÇÃO GELADEIRA DEFEITUOSA,LIV, ✔, ✔,,BOLETIM_RADIO_TJRN_29_04_2026_B3_INDENIZACAO_GELADEIRA_DEFEITUOSA,https://docs.google.com/document/d/1suWvq__jrV2lKnZwAqC_-rQjULoHXd23sxgFKH_HMWM/edit?usp=drivesdk,2026-04-29
"=HYPERLINK(""https://drive.google.com/drive/folders/1rSn-Vo8prGuI5HzlqpLhKC6G8PyHV3p-"", ""04 - ABR - 26 / 29/04 - QUA"")",B2- CUSTEIO MATERIAIS CIRÚRGICOS,LIV, ✔, ✔,,BOLETIM_RADIO_TJRN_29_04_2026_B2_CUSTEIO_MATERIAIS_CIRURGICOS,https://docs.google.com/document/d/1jsfMK_BxmN9V1wnFMGdBGRQ-Ihy21ZcFgYu850tZ8Fg/edit?usp=drivesdk,2026-04-29
"=HYPERLINK(""https://drive.google.com/drive/folders/1rSn-Vo8prGuI5HzlqpLhKC6G8PyHV3p-"", ""04 - ABR - 26 / 29/04 - QUA"")",B1- INSCRIÇÕES PRÊMIO INNOVARE,LIV, ✔, ✔,,BOLETIM_RADIO_TJRN_29_04_2026_B1_INSCRICOES_PREMIO_INNOVARE,https://docs.google.com/document/d/15ZozDS8U8hCXSjxMx76ZMMaFMIYSa4b7jwMWxzfOKeg/edit?usp=drivesdk,2026-04-29
"=HYPERLINK(""https://drive.google.com/drive/folders/1Wjd_uXqQe4AXIugjxeHUqBBQYOni_3QS"", ""04 - ABR - 26 / 28/04 - TER"")",B10- TJRN COOPERAÇÃO TÉCNICA,LEO, ✔, ✔,,BOLETIM_RADIO_TJRN_28_04_2026_B10_TJRN_COOPERACAO_TECNICA,https://docs.google.com/document/d/1hrdwd44GVUqN59AU0pIpFZfikMzTtMq3msIMnOFwXKg/edit?usp=drivesdk,2026-05-28
"=HYPERLINK(""https://drive.google.com/drive/folders/1Wjd_uXqQe4AXIugjxeHUqBBQYOni_3QS"", ""04 - ABR - 26 / 28/04 - TER"")",B9- DPERN DECISÃO INDÍGENAS WARAO,LEO, ✔, ✔,,BOLETIM_RADIO_TJRN_28_04_2026_B9_DPERN_DECISAO_INDIGENAS_WARAO,https://docs.google.com/document/d/139Y1KEkj9_MS9aJwGZ-vzhhJmf-yT_hHaIjP1qrXbDs/edit?usp=drivesdk,2026-04-28
"=HYPERLINK(""https://drive.google.com/drive/folders/1Wjd_uXqQe4AXIugjxeHUqBBQYOni_3QS"", ""04 - ABR - 26 / 28/04 - TER"")",B8- OAB/RN LOCAIS PROVA ENAM,LEO, ✔, ✔,,BOLETIM_RADIO_TJRN_28_04_2026_B8_OABRN_LOCAIS_PROVA_ENAM,https://docs.google.com/document/d/1khNPWiQvKluJssbGEcN7fIlqxSsmR47iC6KNJomTMpA/edit?usp=drivesdk,2026-04-28
"=HYPERLINK(""https://drive.google.com/drive/folders/1Wjd_uXqQe4AXIugjxeHUqBBQYOni_3QS"", ""04 - ABR - 26 / 28/04 - TER"")",B7- MPRN MANUNTENÇÃO SERVIÇOS SUS ,LEO, ✔, ✔,,BOLETIM_RADIO_TJRN_28_04_2026_B7_MPRN_MANUNTENCAO_SERVICOS_SUS_,https://docs.google.com/document/d/16ZTZ_FExKHXTSsw8kIa_hMwIvrPkpwYH6k_oMBzRs1k/edit?usp=drivesdk,2026-04-28
"=HYPERLINK(""https://drive.google.com/drive/folders/1Wjd_uXqQe4AXIugjxeHUqBBQYOni_3QS"", ""04 - ABR - 26 / 28/04 - TER"")",B6- TJRN OPERAÇÃO RECEPTOR ,LEO, ✔, ✔,,BOLETIM_RADIO_TJRN_28_04_2026_B6_TJRN_OPERACAO_RECEPTOR_,https://docs.google.com/document/d/1YpRGrmOpL96GFHYt0VLqaSp7X63ronh7NETuOGFDikQ/edit?usp=drivesdk,2026-04-28
"=HYPERLINK(""https://drive.google.com/drive/folders/1Wjd_uXqQe4AXIugjxeHUqBBQYOni_3QS"", ""04 - ABR - 26 / 28/04 - TER"")",B5- TJRN JUSTIÇA POTIGUAR NESGA ISENÇÃO ,LEO, ✔, ✔,,BOLETIM_RADIO_TJRN_28_04_2026_B5_TJRN_JUSTICA_POTIGUAR_NESGA_ISENCAO_,https://docs.google.com/document/d/1n9zOTxxC30W9xNesVzGZzlpVyJidreE0kNCXDejFyoI/edit?usp=drivesdk,2026-04-28
"=HYPERLINK(""https://drive.google.com/drive/folders/1Wjd_uXqQe4AXIugjxeHUqBBQYOni_3QS"", ""04 - ABR - 26 / 28/04 - TER"")",B4- TJRN CITAÇÃO CÔNJUGE ,LEO, ✔, ✔,,BOLETIM_RADIO_TJRN_28_04_2026_B4_TJRN_CITACAO_CONJUGE_,https://docs.google.com/document/d/1N1J-1-SVBvIm0Oy8aVGVfUQlUB7zjXMjEr4rYmdnjBI/edit?usp=drivesdk,2026-04-28
"=HYPERLINK(""https://drive.google.com/drive/folders/1Wjd_uXqQe4AXIugjxeHUqBBQYOni_3QS"", ""04 - ABR - 26 / 28/04 - TER"")",B3- TJRN EMPRESA VESTUÁRIO INDENIZAÇÃO ,LEO, ✔, ✔,,BOLETIM_RADIO_TJRN_28_04_2026_B3_TJRN_EMPRESA_VESTUARIO_INDENIZACAO_,https://docs.google.com/document/d/1iUqeKSmTcQGI7Zu9qsufAURe1W9Ls3o6lJkxZ77zlhE/edit?usp=drivesdk,2026-04-28
"=HYPERLINK(""https://drive.google.com/drive/folders/1Wjd_uXqQe4AXIugjxeHUqBBQYOni_3QS"", ""04 - ABR - 26 / 28/04 - TER"")",B2- TJRN 3 CÂMARA INGRESSOS COOPERADOS ,LEO, ✔, ✔,,BOLETIM_RADIO_TJRN_28_04_2026_B2_TJRN_3_CAMARA_INGRESSOS_COOPERADOS_,https://docs.google.com/document/d/1QBJlaYoGxIhtEZvw3Ff2Lpu1cXubsmacNn6H9mXwYso/edit?usp=drivesdk,2026-04-28
"=HYPERLINK(""https://drive.google.com/drive/folders/1Wjd_uXqQe4AXIugjxeHUqBBQYOni_3QS"", ""04 - ABR - 26 / 28/04 - TER"")",B1- TJRN CASO POLLYANA ,LEO, ✔, ✔,,BOLETIM_RADIO_TJRN_28_04_2026_B1_TJRN_CASO_POLLYANA_,https://docs.google.com/document/d/1yBmxsjnSJvf_LTJPl9TwnJqv73r24hD1TFn1OprvmVE/edit?usp=drivesdk,2026-04-28
"=HYPERLINK(""https://drive.google.com/drive/folders/12xE6chR-oLlKJcRTzn-gaaegI1PmGbyQ"", ""04 - ABR - 26 / 27/04 - SEG"")",B10- TRT/RN EVENTO PREPARATÓRIO CONCILIAÇÃO ,LEO, ✔, ✔,,BOLETIM_RADIO_TJRN_27_04_2026_B10_TRTRN_EVENTO_PREPARATORIO_CONCILIACAO_,https://docs.google.com/document/d/1SH21TLrZMzeILsBKvddFseTEXJ7fXm8hvlB5n7BgYhM/edit?usp=drivesdk,2026-04-27
"=HYPERLINK(""https://drive.google.com/drive/folders/12xE6chR-oLlKJcRTzn-gaaegI1PmGbyQ"", ""04 - ABR - 26 / 27/04 - SEG"")",B9- MPRN BLOQUEIO PARNAMIRIM ,LEO, ✔, ✔,,BOLETIM_RADIO_TJRN_27_04_2026_B9_MPRN_BLOQUEIO_PARNAMIRIM_,https://docs.google.com/document/d/121r3kw9togibG8_f-CevjxAOBkgOecEr58vuCn4klq8/edit?usp=drivesdk,2026-04-27
"=HYPERLINK(""https://drive.google.com/drive/folders/12xE6chR-oLlKJcRTzn-gaaegI1PmGbyQ"", ""04 - ABR - 26 / 27/04 - SEG"")",B8- TJRN SESSÃO ORDINÁRIA HÍBRIDA ,LEO, ✔, ✔,,BOLETIM_RADIO_TJRN_27_04_2026_B8_TJRN_SESSAO_ORDINARIA_HIBRIDA_,https://docs.google.com/document/d/1WvxfuwYt3AE98Q9XSIBpj9RZ4vnUEGgePTIFWu5ALRk/edit?usp=drivesdk,2026-04-27
"=HYPERLINK(""https://drive.google.com/drive/folders/12xE6chR-oLlKJcRTzn-gaaegI1PmGbyQ"", ""04 - ABR - 26 / 27/04 - SEG"")",B7- CONVOCAÇÃO HETEROIDENTIFICAÇÃO ENAM,LIV, ✔, ✔,,BOLETIM_RADIO_TJRN_27_04_2026_B7_CONVOCACAO_HETEROIDENTIFICACAO_ENAM,https://docs.google.com/document/d/1T-ZAxzFjchFwSOAkS5KPP1rZLmDy6LyUCrBpjyYUndI/edit?usp=drivesdk,2026-04-27
"=HYPERLINK(""https://drive.google.com/drive/folders/12xE6chR-oLlKJcRTzn-gaaegI1PmGbyQ"", ""04 - ABR - 26 / 27/04 - SEG"")",B6- ESTÁGIO JARDIM PIRANHAS,LIV, ✔, ✔,,BOLETIM_RADIO_TJRN_27_04_2026_B6_ESTAGIO_JARDIM_PIRANHAS,https://docs.google.com/document/d/1_yJ8R-yfansfmGJkIiZUlMYzGk_reE_H0Vum3ecy-Ac/edit?usp=drivesdk,2026-04-27
"=HYPERLINK(""https://drive.google.com/drive/folders/12xE6chR-oLlKJcRTzn-gaaegI1PmGbyQ"", ""04 - ABR - 26 / 27/04 - SEG"")",B5- ADICIONAL INSALUBRIDADE TÉCNICO SAMU,LIV, ✔, ✔,,BOLETIM_RADIO_TJRN_27_04_2026_B5_ADICIONAL_INSALUBRIDADE_TECNICO_SAMU,https://docs.google.com/document/d/19_GWMQUrq2cKivMkAxyA_NJGNzEvX04dQU3260i5vf0/edit?usp=drivesdk,2026-04-27
"=HYPERLINK(""https://drive.google.com/drive/folders/12xE6chR-oLlKJcRTzn-gaaegI1PmGbyQ"", ""04 - ABR - 26 / 27/04 - SEG"")",B4- CORTE LUZ SISTEMA SOLAR,LIV, ✔, ✔,,BOLETIM_RADIO_TJRN_27_04_2026_B4_CORTE_LUZ_SISTEMA_SOLAR,https://docs.google.com/document/d/1zBZKItxpMSHOKqH84KUxQY1dSXiU9NFBF8BBV4K76Co/edit?usp=drivesdk,2026-04-27
"=HYPERLINK(""https://drive.google.com/drive/folders/12xE6chR-oLlKJcRTzn-gaaegI1PmGbyQ"", ""04 - ABR - 26 / 27/04 - SEG"")",B3- TERAPIAS CRIANÇA TEA,LIV, ✔, ✔,,BOLETIM_RADIO_TJRN_27_04_2026_B3_TERAPIAS_CRIANCA_TEA,https://docs.google.com/document/d/1bDDZq7hcFlMBce-O6flPwqbG9xM6AkOhTUuiH3oKzqQ/edit?usp=drivesdk,2026-04-27
"=HYPERLINK(""https://drive.google.com/drive/folders/12xE6chR-oLlKJcRTzn-gaaegI1PmGbyQ"", ""04 - ABR - 26 / 27/04 - SEG"")",B2- CONDOMÍNIO LICENÇAS LEGAIS,LIV, ✔, ✔,,BOLETIM_RADIO_TJRN_27_04_2026_B2_CONDOMINIO_LICENCAS_LEGAIS,https://docs.google.com/document/d/1h9hU32fvHWk15_8Ldy4mBssOMzJV7D1YNs6YQoDbQhM/edit?usp=drivesdk,2026-04-27
"=HYPERLINK(""https://drive.google.com/drive/folders/12xE6chR-oLlKJcRTzn-gaaegI1PmGbyQ"", ""04 - ABR - 26 / 27/04 - SEG"")",B1- PLANO SAÚDE CIRURGIA BARIÁTRICA,LIV, ✔, ✔,,BOLETIM_RADIO_TJRN_27_04_2026_B1_PLANO_SAUDE_CIRURGIA_BARIATRICA,https://docs.google.com/document/d/1oGMcZaa_BpTCvR4_DZiW5QU0y8IawBhGau0x1GmV1Tk/edit?usp=drivesdk,2026-04-27
"=HYPERLINK(""https://drive.google.com/drive/folders/1EJe1Hofie2k1sO-I7q2nvN0BGpRbGGO7"", ""04 - ABR - 26 / 24/04 - SEX"")",B10- PROJETO LAIS SAÚDE,LIV, ✔, ✔,,BOLETIM_RADIO_TJRN_24_04_2026_B10_PROJETO_LAIS_SAUDE,https://docs.google.com/document/d/1y6pR-Te3zqYjEYruW5ekl1WRhxUQn4v2nAOTtd2mx2s/edit?usp=drivesdk,2026-04-27
"=HYPERLINK(""https://drive.google.com/drive/folders/1EJe1Hofie2k1sO-I7q2nvN0BGpRbGGO7"", ""04 - ABR - 26 / 24/04 - SEX"")",B9- CENTRAL ESTADUAL LIBRAS,LIV, ✔, ✔,,BOLETIM_RADIO_TJRN_24_04_2026_B9_CENTRAL_ESTADUAL_LIBRAS,https://docs.google.com/document/d/1XdYRVQhQQel3i65jzNF5VTpPOOwKpa8WVpzYvh_4ApA/edit?usp=drivesdk,2026-04-27
"=HYPERLINK(""https://drive.google.com/drive/folders/1EJe1Hofie2k1sO-I7q2nvN0BGpRbGGO7"", ""04 - ABR - 26 / 24/04 - SEX"")",B8- LIBERAÇÃO 1 MILHÃO HENRIQUE LAJES,LIV, ✔, ✔,,BOLETIM_RADIO_TJRN_24_04_2026_B8_LIBERACAO_1_MILHAO_HENRIQUE_LAJES,https://docs.google.com/document/d/1Qf-9wZX8Ut0DuKClGmnGyml0sZpZmEFYlY-X_PjKPII/edit?usp=drivesdk,2026-04-27
"=HYPERLINK(""https://drive.google.com/drive/folders/1EJe1Hofie2k1sO-I7q2nvN0BGpRbGGO7"", ""04 - ABR - 26 / 24/04 - SEX"")",B7- TRT DIÁLOGO CONCILIAÇÃO,LIV, ✔, ✔,,BOLETIM_RADIO_TJRN_24_04_2026_B7_TRT_DIALOGO_CONCILIACAO,https://docs.google.com/document/d/1CObDB-6SJCB4MJHgAbYDYqJTJu83vXYbeqBaJ6Hu5zY/edit?usp=drivesdk,2026-04-27
"=HYPERLINK(""https://drive.google.com/drive/folders/1EJe1Hofie2k1sO-I7q2nvN0BGpRbGGO7"", ""04 - ABR - 26 / 24/04 - SEX"")",B6- ESTÁGIO DIREITO VARA CÍVEL,LIV, ✔, ✔,,BOLETIM_RADIO_TJRN_24_04_2026_B6_ESTAGIO_DIREITO_VARA_CIVEL,https://docs.google.com/document/d/1-RJn93R1r_vH9iXOUlq612rJHFe0O20mNx1p55q3OMo/edit?usp=drivesdk,2026-04-24
"=HYPERLINK(""https://drive.google.com/drive/folders/1EJe1Hofie2k1sO-I7q2nvN0BGpRbGGO7"", ""04 - ABR - 26 / 24/04 - SEX"")",B5- REGULARIZAÇÃO EMPREENDIMENTO PONTA NEGRA,LIV, ✔, ✔,,BOLETIM_RADIO_TJRN_24_04_2026_B5_REGULARIZACAO_EMPREENDIMENTO_PONTA_NEGRA,https://docs.google.com/document/d/1-7uCqbydrmlr1LMXillv-BJwWrFo-eI3h5PajEvFmqM/edit?usp=drivesdk,2026-04-24
"=HYPERLINK(""https://drive.google.com/drive/folders/1EJe1Hofie2k1sO-I7q2nvN0BGpRbGGO7"", ""04 - ABR - 26 / 24/04 - SEX"")",B4- RETROATIVO GRATIFICAÇÃO DENTISTA,LIV, ✔, ✔,,BOLETIM_RADIO_TJRN_24_04_2026_B4_RETROATIVO_GRATIFICACAO_DENTISTA,https://docs.google.com/document/d/1U3Z30MMA59oUamHG7A9mIJ4ofW5uoxDqeAyraAUMz0o/edit?usp=drivesdk,2026-04-24
"=HYPERLINK(""https://drive.google.com/drive/folders/1EJe1Hofie2k1sO-I7q2nvN0BGpRbGGO7"", ""04 - ABR - 26 / 24/04 - SEX"")",B3- PERDA AUDITIVA MOTORISTA AMBULÂNCIA,LIV, ✔, ✔,,BOLETIM_RADIO_TJRN_24_04_2026_B3_PERDA_AUDITIVA_MOTORISTA_AMBULANCIA,https://docs.google.com/document/d/1SdZYLkUTCXBhbyJ5hwmKWMPx74YcBmhc3nEWHFfPoaM/edit?usp=drivesdk,2026-04-24
"=HYPERLINK(""https://drive.google.com/drive/folders/1EJe1Hofie2k1sO-I7q2nvN0BGpRbGGO7"", ""04 - ABR - 26 / 24/04 - SEX"")",B2- BLOQUEIO INDEVIDO APLICATIVO,LIV, ✔, ✔,,BOLETIM_RADIO_TJRN_24_04_2026_B2_BLOQUEIO_INDEVIDO_APLICATIVO,https://docs.google.com/document/d/1DTMLU1CL-X-WiOXf57UN9mt_ZTosFQclQEvUaJiRC9M/edit?usp=drivesdk,2026-04-24
"=HYPERLINK(""https://drive.google.com/drive/folders/1EJe1Hofie2k1sO-I7q2nvN0BGpRbGGO7"", ""04 - ABR - 26 / 24/04 - SEX"")",B1- ATRASO TRANSPORTE INDENIZAÇÃO,LIV, ✔, ✔,,BOLETIM_RADIO_TJRN_24_04_2026_B1_ATRASO_TRANSPORTE_INDENIZACAO,https://docs.google.com/document/d/1OTxkyuKtbC5sBlvwu5P-oh4qqbatjRei7DlhFzMbX0I/edit?usp=drivesdk,2026-04-24
"=HYPERLINK(""https://drive.google.com/drive/folders/1xnteOF-AFnGE_y0qYf37fwRsZ-JtTT1w"", ""04 - ABR - 26 / 23/04 -QUI"")",B10- TRT-RN LEILÃO 2026,LEO, ✔, ✔,,BOLETIM_RADIO_TJRN_23_04_2026_B10_TRT_RN_LEILAO_2026,https://docs.google.com/document/d/11USsLszdEllW70P1dSC3Y0FJL-E9lna2ZYbpmy6lhck/edit?usp=drivesdk,2026-04-23
"=HYPERLINK(""https://drive.google.com/drive/folders/1xnteOF-AFnGE_y0qYf37fwRsZ-JtTT1w"", ""04 - ABR - 26 / 23/04 -QUI"")",B9- TRE-RN APERFEIÇOAMENTO MAGISTRATURA ,LEO, ✔, ✔,,BOLETIM_RADIO_TJRN_23_04_2026_B9_TRE_RN_APERFEICOAMENTO_MAGISTRATURA_,https://docs.google.com/document/d/1OorIWOYz8stSZScqMvg4UoYpUMhKQN0P7NOKW5bxqdo/edit?usp=drivesdk,2026-04-23
"=HYPERLINK(""https://drive.google.com/drive/folders/1xnteOF-AFnGE_y0qYf37fwRsZ-JtTT1w"", ""04 - ABR - 26 / 23/04 -QUI"")",B8- MPRN RECOMENDA REGULARIZAÇÃO LIXO,LEO, ✔, ✔,,BOLETIM_RADIO_TJRN_23_04_2026_B8_MPRN_RECOMENDA_REGULARIZACAO_LIXO,https://docs.google.com/document/d/1dMTFcNvb0h5SxxKZWB4hkmcBd81UIseFLSNTqalfnp8/edit?usp=drivesdk,2026-04-23
"=HYPERLINK(""https://drive.google.com/drive/folders/1xnteOF-AFnGE_y0qYf37fwRsZ-JtTT1w"", ""04 - ABR - 26 / 23/04 -QUI"")",B7- TCE-RN TREINAMENTO GESTORES TRANSPARÊNCIA ,LEO, ✔, ✔,,BOLETIM_RADIO_TJRN_23_04_2026_B7_TCE_RN_TREINAMENTO_GESTORES_TRANSPARENCIA_,https://docs.google.com/document/d/1th5z1U-TFIqFTaBpX3lAutDmA-uyEknX0x2tMreYgrw/edit?usp=drivesdk,2026-04-23
"=HYPERLINK(""https://drive.google.com/drive/folders/1xnteOF-AFnGE_y0qYf37fwRsZ-JtTT1w"", ""04 - ABR - 26 / 23/04 -QUI"")",B6- GRUPO APOIO METAS ESTÁGIO,LIV, ✔, ✔,,BOLETIM_RADIO_TJRN_23_04_2026_B6_GRUPO_APOIO_METAS_ESTAGIO,https://docs.google.com/document/d/14PrxTuzJrWAuJ-2KlZR6Gj_DIegyFHKfu83vPgRLkvI/edit?usp=drivesdk,2026-04-23
"=HYPERLINK(""https://drive.google.com/drive/folders/1xnteOF-AFnGE_y0qYf37fwRsZ-JtTT1w"", ""04 - ABR - 26 / 23/04 -QUI"")",B5- EMPRESA ÔNIBUS CONDENAÇÃO,LIV, ✔, ✔,,BOLETIM_RADIO_TJRN_23_04_2026_B5_EMPRESA_ONIBUS_CONDENACAO,https://docs.google.com/document/d/1tsOtFqouEdkeGM_BOPjSRThpktpkUbRmClEoE654JdY/edit?usp=drivesdk,2026-04-23
"=HYPERLINK(""https://drive.google.com/drive/folders/1xnteOF-AFnGE_y0qYf37fwRsZ-JtTT1w"", ""04 - ABR - 26 / 23/04 -QUI"")",B4- FALHA SEGURANÇA DADOS,LIV, ✔, ✔,,BOLETIM_RADIO_TJRN_23_04_2026_B4_FALHA_SEGURANCA_DADOS,https://docs.google.com/document/d/16zHANaGlVRKdrMSCKy-piYRR453-TUwGV5sPtqAshL4/edit?usp=drivesdk,2026-04-23
"=HYPERLINK(""https://drive.google.com/drive/folders/1xnteOF-AFnGE_y0qYf37fwRsZ-JtTT1w"", ""04 - ABR - 26 / 23/04 -QUI"")",B3- IRREGULARIDADE LEILÃO,LIV, ✔, ✔,,BOLETIM_RADIO_TJRN_23_04_2026_B3_IRREGULARIDADE_LEILAO,https://docs.google.com/document/d/1HomwqxAj3gU3VHjn0cGKz1LDKJ527KFu7Jz_f9quMeQ/edit?usp=drivesdk,2026-04-23
"=HYPERLINK(""https://drive.google.com/drive/folders/1xnteOF-AFnGE_y0qYf37fwRsZ-JtTT1w"", ""04 - ABR - 26 / 23/04 -QUI"")",B2- DANOS MORAIS MESA MADEIRA,LIV, ✔, ✔,,BOLETIM_RADIO_TJRN_23_04_2026_B2_DANOS_MORAIS_MESA_MADEIRA,https://docs.google.com/document/d/1nhizhnpoAIz-qefGK8va69ZYjggkiGz85otHYefMMaI/edit?usp=drivesdk,2026-04-23
"=HYPERLINK(""https://drive.google.com/drive/folders/1xnteOF-AFnGE_y0qYf37fwRsZ-JtTT1w"", ""04 - ABR - 26 / 23/04 -QUI"")",B1- ROUBO MAJORADO CONDENAÇÃO,LEO, ✔, ✔,,BOLETIM_RADIO_TJRN_23_04_2026_B1_ROUBO_MAJORADO_CONDENACAO,https://docs.google.com/document/d/15EoKFWPDDwt6TDJHt2mgOdmJlm1kg87Htr7FSktMHjs/edit?usp=drivesdk,2026-04-22
"=HYPERLINK(""https://drive.google.com/drive/folders/1xFiH6Hs7kYKBSsEwVhFyZxwaJ8Cj3osZ"", ""04 - ABR - 26 / 22/04 - QUA"")",B10- MPRN RECOMENDA RETIRADA PLACAS AREZ,LEO, ✔, ✔,,BOLETIM_RADIO_TJRN_22_04_2026_B10_MPRN_RECOMENDA_RETIRADA_PLACAS_AREZ,https://docs.google.com/document/d/1EEbKvHCM9Yymj_2oXHNCMM4pZ1qRrtOHNfwidCvQn_c/edit?usp=drivesdk,2026-04-22
"=HYPERLINK(""https://drive.google.com/drive/folders/1xFiH6Hs7kYKBSsEwVhFyZxwaJ8Cj3osZ"", ""04 - ABR - 26 / 22/04 - QUA"")",B9- TRT/RN CONTRATO INTERMITENTE FALHA CTPS,LEO, ✔, ✔,,BOLETIM_RADIO_TJRN_22_04_2026_B9_TRTRN_CONTRATO_INTERMITENTE_FALHA_CTPS,https://docs.google.com/document/d/1-OjDbcEqcDiZGYGhMOtx5GtkOFM0MowXXOdTIAm0kHM/edit?usp=drivesdk,2026-04-22
"=HYPERLINK(""https://drive.google.com/drive/folders/1xFiH6Hs7kYKBSsEwVhFyZxwaJ8Cj3osZ"", ""04 - ABR - 26 / 22/04 - QUA"")",B8- ESTÁGIO PÓS JOÂO CÂMARA,LIV, ✔, ✔,,BOLETIM_RADIO_TJRN_22_04_2026_B8_ESTAGIO_POS_JOAO_CAMARA,https://docs.google.com/document/d/1pM5BmF0GpDR86wirPYJ287PAYC1lps7a8t8LH5dP2ec/edit?usp=drivesdk,2026-04-22
"=HYPERLINK(""https://drive.google.com/drive/folders/1xFiH6Hs7kYKBSsEwVhFyZxwaJ8Cj3osZ"", ""04 - ABR - 26 / 22/04 - QUA"")",B7- GARANTIA TRATAMENTO PACIENTE,LIV, ✔, ✔,,BOLETIM_RADIO_TJRN_22_04_2026_B7_GARANTIA_TRATAMENTO_PACIENTE,https://docs.google.com/document/d/1Kla9JvS2gAvIkBYAT7Nrc0zpW93bw2S5JpiK2V5XzpM/edit?usp=drivesdk,2026-04-22
"=HYPERLINK(""https://drive.google.com/drive/folders/1xFiH6Hs7kYKBSsEwVhFyZxwaJ8Cj3osZ"", ""04 - ABR - 26 / 22/04 - QUA"")",B6- USUCAPIÃO NEGADO,LIV, ✔, ✔,,BOLETIM_RADIO_TJRN_22_04_2026_B6_USUCAPIAO_NEGADO,https://docs.google.com/document/d/1KdVkrPkogIZsg7tMxnNmh30mk1DFD7OUKUZ7eH-fB0E/edit?usp=drivesdk,2026-04-22
"=HYPERLINK(""https://drive.google.com/drive/folders/1xFiH6Hs7kYKBSsEwVhFyZxwaJ8Cj3osZ"", ""04 - ABR - 26 / 22/04 - QUA"")",B5- PAGAMENTO ADICIONAL RISCO VIDA,LIV, ✔, ✔,,BOLETIM_RADIO_TJRN_22_04_2026_B5_PAGAMENTO_ADICIONAL_RISCO_VIDA,https://docs.google.com/document/d/1F917horrM2WyXpDuvyHjurQaxpNvIa62FIeQs5iFghM/edit?usp=drivesdk,2026-04-22
"=HYPERLINK(""https://drive.google.com/drive/folders/1xFiH6Hs7kYKBSsEwVhFyZxwaJ8Cj3osZ"", ""04 - ABR - 26 / 22/04 - QUA"")",B4- INDENIZAÇÃO ENERGIA,LIV, ✔, ✔,,BOLETIM_RADIO_TJRN_22_04_2026_B4_INDENIZACAO_ENERGIA,https://docs.google.com/document/d/15_F6Hq45nnnkdsJ-xTPm27h_Pab1DcbbaetO1EVktig/edit?usp=drivesdk,2026-04-22
"=HYPERLINK(""https://drive.google.com/drive/folders/1xFiH6Hs7kYKBSsEwVhFyZxwaJ8Cj3osZ"", ""04 - ABR - 26 / 22/04 - QUA"")",B3- PENAS PECUNIÁRIAS ACARI,LIV, ✔, ✔,,BOLETIM_RADIO_TJRN_22_04_2026_B3_PENAS_PECUNIARIAS_ACARI,https://docs.google.com/document/d/1DMNY2SXatjHn8FQvnaRwBq2g_63tyeRzrd9SEkAQz3M/edit?usp=drivesdk,2026-04-22
"=HYPERLINK(""https://drive.google.com/drive/folders/1xFiH6Hs7kYKBSsEwVhFyZxwaJ8Cj3osZ"", ""04 - ABR - 26 / 22/04 - QUA"")",B2- ENCERRAMENTO REGISTRE-SE,LIV, ✔, ✔,,BOLETIM_RADIO_TJRN_22_04_2026_B2_ENCERRAMENTO_REGISTRE_SE,https://docs.google.com/document/d/10OYTy3q-5QXgGCJc5dm44YbVHWN3kA9OhQ5DADMjZTM/edit?usp=drivesdk,2026-04-22
"=HYPERLINK(""https://drive.google.com/drive/folders/1xFiH6Hs7kYKBSsEwVhFyZxwaJ8Cj3osZ"", ""04 - ABR - 26 / 22/04 - QUA"")",B1- FÓRUM NACIONAL MEDIAÇÃO,LIV, ✔, ✔,,BOLETIM_RADIO_TJRN_22_04_2026_B1_FORUM_NACIONAL_MEDIACAO,https://docs.google.com/document/d/1DvNbUMnA1SluKYfSP9RlT_H2Y5xw7X5ylLp4A9OxyUQ/edit?usp=drivesdk,2026-04-22
"=HYPERLINK(""https://drive.google.com/drive/folders/1NPCLZiID6zujd5Xo62NCR_Yx4CHTIij3"", ""04 - ABR - 26 / 17/04 - SEX"")",B10- ACÚMULO FUNÇÕES POLICIAL CIVIL,LIV, ✔, ✔,,BOLETIM_RADIO_TJRN_17_04_2026_B10_ACUMULO_FUNCOES_POLICIAL_CIVIL,https://docs.google.com/document/d/1n4d8-9YJgMcc_X1cksqwwETLHNW6BWok1IRZz0PwSpM/edit?usp=drivesdk,2026-04-22
"=HYPERLINK(""https://drive.google.com/drive/folders/1NPCLZiID6zujd5Xo62NCR_Yx4CHTIij3"", ""04 - ABR - 26 / 17/04 - SEX"")",B9- CONDENAÇÃO COSERN INDENIZAÇÃO,LIV, ✔, ✔,,BOLETIM_RADIO_TJRN_17_04_2026_B9_CONDENACAO_COSERN_INDENIZACAO,https://docs.google.com/document/d/1pfHq7JifAvXC-7nHDJZ_0mEE0dln-4Ydt_gMYfQzS0s/edit?usp=drivesdk,2026-04-22
"=HYPERLINK(""https://drive.google.com/drive/folders/1NPCLZiID6zujd5Xo62NCR_Yx4CHTIij3"", ""04 - ABR - 26 / 17/04 - SEX"")",B8- CONDENAÇÃO PAGAMENTO FUNCARTE,LIV, ✔, ✔,,BOLETIM_RADIO_TJRN_17_04_2026_B8_CONDENACAO_PAGAMENTO_FUNCARTE,https://docs.google.com/document/d/1lePH9zm3EbSustMVWQxpqo56yWP-PFjBZpx9DjI_VMc/edit?usp=drivesdk,2026-04-22
"=HYPERLINK(""https://drive.google.com/drive/folders/1NPCLZiID6zujd5Xo62NCR_Yx4CHTIij3"", ""04 - ABR - 26 / 17/04 - SEX"")",B7- FUNDO INFÂNCIA GROSSOS,LIV, ✔, ✔,,BOLETIM_RADIO_TJRN_17_04_2026_B7_FUNDO_INFANCIA_GROSSOS,https://docs.google.com/document/d/1t3qZOsrSVOQeumQHKwr3ORnRtJh9VDT3XVL2gyiCv1I/edit?usp=drivesdk,2026-04-22
"=HYPERLINK(""https://drive.google.com/drive/folders/1NPCLZiID6zujd5Xo62NCR_Yx4CHTIij3"", ""04 - ABR - 26 / 17/04 - SEX"")",B6- MPRN JÚRI CONDENAÇÃO HOMEM MORTE,LEO, ✔, ✔,,BOLETIM_RADIO_TJRN_17_04_2026_B6_MPRN_JURI_CONDENACAO_HOMEM_MORTE,https://docs.google.com/document/d/1nCN_3Xifx8ttnEdr-Diux1OIJPTohsz2xjLSRXq8wRs/edit?usp=drivesdk,2026-04-16
"=HYPERLINK(""https://drive.google.com/drive/folders/1NPCLZiID6zujd5Xo62NCR_Yx4CHTIij3"", ""04 - ABR - 26 / 17/04 - SEX"")",B5- TRT/RN PROJETO ACESSIBILIDADE ATITUDINAL ,LEO, ✔, ✔,,BOLETIM_RADIO_TJRN_17_04_2026_B5_TRTRN_PROJETO_ACESSIBILIDADE_ATITUDINAL_,https://docs.google.com/document/d/10WCQ2FnX6x9P3davI13zrlsWpYFLdlgWyfnsa0PvyiY/edit?usp=drivesdk,2026-04-16
"=HYPERLINK(""https://drive.google.com/drive/folders/1NPCLZiID6zujd5Xo62NCR_Yx4CHTIij3"", ""04 - ABR - 26 / 17/04 - SEX"")",B4- TJRN PARTICIPA EXPANSÃO PLATAFORMA ,LEO, ✔, ✔,,BOLETIM_RADIO_TJRN_17_04_2026_B4_TJRN_PARTICIPA_EXPANSAO_PLATAFORMA_,https://docs.google.com/document/d/1uq5oh14d-9Gpr9Glpg6JZabMCr9A8zPYcSUxblDZSHA/edit?usp=drivesdk,2026-04-16
"=HYPERLINK(""https://drive.google.com/drive/folders/1NPCLZiID6zujd5Xo62NCR_Yx4CHTIij3"", ""04 - ABR - 26 / 17/04 - SEX"")",B3- TJRN DETERMINA EXCLUSÃO 48 HORAS ,LEO, ✔, ✔,,BOLETIM_RADIO_TJRN_17_04_2026_B3_TJRN_DETERMINA_EXCLUSAO_48_HORAS_,https://docs.google.com/document/d/1Vofygd_1etXQBe4twpe62rxfh1ERe4NcBJfQWScFhko/edit?usp=drivesdk,2026-04-16
"=HYPERLINK(""https://drive.google.com/drive/folders/1NPCLZiID6zujd5Xo62NCR_Yx4CHTIij3"", ""04 - ABR - 26 / 17/04 - SEX"")",B2- TJRN RECONHECE COMPETENCIA IELMO MARINHO TAXA ,LEO, ✔, ✔,,BOLETIM_RADIO_TJRN_17_04_2026_B2_TJRN_RECONHECE_COMPETENCIA_IELMO_MARINHO_TAXA_,https://docs.google.com/document/d/1F_GtrEIAitR_8ZW30qW-VRN5J9kQGc3Ut7QH8GmpEHI/edit?usp=drivesdk,2026-04-16
"=HYPERLINK(""https://drive.google.com/drive/folders/1NPCLZiID6zujd5Xo62NCR_Yx4CHTIij3"", ""04 - ABR - 26 / 17/04 - SEX"")",B1- TJRN PACIENTE INDENIZADO FALHA PLANO,LEO, ✔, ✔,,BOLETIM_RADIO_TJRN_17_04_2026_B1_TJRN_PACIENTE_INDENIZADO_FALHA_PLANO,https://docs.google.com/document/d/18nlxXtBV7fdIIc4IIHXVZIbizKgz8VQeSZIunKvZht8/edit?usp=drivesdk,2026-04-16
"=HYPERLINK(""https://drive.google.com/drive/folders/1sohAgC-JAb3YbVnJucHkUg5V-HpYHwLT"", ""04 - ABR - 26 / 16/04 - QUI"")",B10- OAB/RN PADRONIZAÇÃO PROCESSOS ,LEO, ✔, ✔,,BOLETIM_RADIO_TJRN_16_04_2026_B10_OABRN_PADRONIZACAO_PROCESSOS_,https://docs.google.com/document/d/1Rll-3afFYrMkZ1JkvdVsYILvpmw44m65fVADZjMXszg/edit?usp=drivesdk,2026-04-16
"=HYPERLINK(""https://drive.google.com/drive/folders/1sohAgC-JAb3YbVnJucHkUg5V-HpYHwLT"", ""04 - ABR - 26 / 16/04 - QUI"")",B9- TJRN AÇÃO INTEGRADA EMISSÃO DOCUMENTOS ,LEO, ✔, ✔,,BOLETIM_RADIO_TJRN_16_04_2026_B9_TJRN_ACAO_INTEGRADA_EMISSAO_DOCUMENTOS_,https://docs.google.com/document/d/1MdjHmZzEczF0YmXnmwqYNbaJsMivI7ycGWxqkX3ZJvw/edit?usp=drivesdk,2026-04-15
"=HYPERLINK(""https://drive.google.com/drive/folders/1sohAgC-JAb3YbVnJucHkUg5V-HpYHwLT"", ""04 - ABR - 26 / 16/04 - QUI"")",B8- CMN PACOTE GRATUIDADE TRANSPORTE PÚBLICO ,LEO, ✔, ✔,,BOLETIM_RADIO_TJRN_16_04_2026_B8_CMN_PACOTE_GRATUIDADE_TRANSPORTE_PUBLICO_,https://docs.google.com/document/d/1a1J4VvClJsk4dVaP0AU6Dl0GsTSf3Ezxuo9izamxilQ/edit?usp=drivesdk,2026-04-15
"=HYPERLINK(""https://drive.google.com/drive/folders/1sohAgC-JAb3YbVnJucHkUg5V-HpYHwLT"", ""04 - ABR - 26 / 16/04 - QUI"")",B7- MPRN VERBAS PECUNIÁRIAS ,LEO, ✔, ✔,,BOLETIM_RADIO_TJRN_16_04_2026_B7_MPRN_VERBAS_PECUNIARIAS_,https://docs.google.com/document/d/1UPNsl-e9I2oZ5HcBSXlBEzmikAqdlNUV3EE0lycwPAQ/edit?usp=drivesdk,2026-04-15
"=HYPERLINK(""https://drive.google.com/drive/folders/1sohAgC-JAb3YbVnJucHkUg5V-HpYHwLT"", ""04 - ABR - 26 / 16/04 - QUI"")",B6- TJRN CONDENA LOJA INDENIZAÇÃO ,LEO, ✔, ✔,,BOLETIM_RADIO_TJRN_16_04_2026_B6_TJRN_CONDENA_LOJA_INDENIZACAO_,https://docs.google.com/document/d/16xSZxsZyMvI30LstEk1fyFviQZyQrLN9qMOrFjCD1iI/edit?usp=drivesdk,2026-04-15
"=HYPERLINK(""https://drive.google.com/drive/folders/1sohAgC-JAb3YbVnJucHkUg5V-HpYHwLT"", ""04 - ABR - 26 / 16/04 - QUI"")",B5- TJRN MUNICÍPIO NATAL CONDENADO TRANSBORDAMENTO ,LEO, ✔, ✔,,BOLETIM_RADIO_TJRN_16_04_2026_B5_TJRN_MUNICIPIO_NATAL_CONDENADO_TRANSBORDAMENTO_,https://docs.google.com/document/d/12IvIddIDsJ66GeT9mjzz4-sRDH4ngiEN0jq2qqV6Da0/edit?usp=drivesdk,2026-04-15
"=HYPERLINK(""https://drive.google.com/drive/folders/1sohAgC-JAb3YbVnJucHkUg5V-HpYHwLT"", ""04 - ABR - 26 / 16/04 - QUI"")",B4- TJRN CANCELAMENTO PASSAGENS AÉREAS COLÔMBIA ,LEO, ✔, ✔,,BOLETIM_RADIO_TJRN_16_04_2026_B4_TJRN_CANCELAMENTO_PASSAGENS_AEREAS_COLOMBIA_,https://docs.google.com/document/d/15buE67Dk0qxIqlwbfm4FUIUMsq_2-iWpig3FnFJyDqI/edit?usp=drivesdk,2026-04-15
"=HYPERLINK(""https://drive.google.com/drive/folders/1sohAgC-JAb3YbVnJucHkUg5V-HpYHwLT"", ""04 - ABR - 26 / 16/04 - QUI"")",B3- TJRN CONDENA MOTORISTA ACIDENTE MOTOCICLISTA ,LEO, ✔, ✔,,BOLETIM_RADIO_TJRN_16_04_2026_B3_TJRN_CONDENA_MOTORISTA_ACIDENTE_MOTOCICLISTA_,https://docs.google.com/document/d/1h2cMUuTANE02RTzwFqOqmOWPuK7Mr3_j3Ad-RnBo0Og/edit?usp=drivesdk,2026-04-15
"=HYPERLINK(""https://drive.google.com/drive/folders/1sohAgC-JAb3YbVnJucHkUg5V-HpYHwLT"", ""04 - ABR - 26 / 16/04 - QUI"")",B2- TJRN ACUSADO VÁRIOS DELITOS GOIANINHA ,LEO, ✔, ✔,,BOLETIM_RADIO_TJRN_16_04_2026_B2_TJRN_ACUSADO_VARIOS_DELITOS_GOIANINHA_,https://docs.google.com/document/d/1zhx306jTooCIZZhjVrfrpRWuCvVkS5KjSDq6Hw72AF8/edit?usp=drivesdk,2026-04-15
"=HYPERLINK(""https://drive.google.com/drive/folders/1sohAgC-JAb3YbVnJucHkUg5V-HpYHwLT"", ""04 - ABR - 26 / 16/04 - QUI"")",B1- TJRN PACIENTE INDENIZADO CICATRIZ QUEIXO,LEO, ✔, ✔,,BOLETIM_RADIO_TJRN_16_04_2026_B1_TJRN_PACIENTE_INDENIZADO_CICATRIZ_QUEIXO,https://docs.google.com/document/d/1rLmbSzc600d3grg5CXbs_WeUauVbIfmHc9zxtGZbukk/edit?usp=drivesdk,2026-04-15
"=HYPERLINK(""https://drive.google.com/drive/folders/14AZTZtfFs3XBVoWoRJeVr678m0rl7F61"", ""04 - ABR - 26 / 15/04 - QUA"")",B10- TRE-RN CARTILHA PROPAGANDA ELEITORAL ,LEO, ✔, ✔,,BOLETIM_RADIO_TJRN_15_04_2026_B10_TRE_RN_CARTILHA_PROPAGANDA_ELEITORAL_,https://docs.google.com/document/d/1Uh3hmHEPlUrpd4K1GDQrK6b262ZKhXz1EviaVpqqht0/edit?usp=drivesdk,2026-04-14
"=HYPERLINK(""https://drive.google.com/drive/folders/14AZTZtfFs3XBVoWoRJeVr678m0rl7F61"", ""04 - ABR - 26 / 15/04 - QUA"")",B9- MPRN IMPLEMENTAÇÃO CÂMERAS VIDEOMONITORAMENTO ,LEO, ✔, ✔,,BOLETIM_RADIO_TJRN_15_04_2026_B9_MPRN_IMPLEMENTACAO_CAMERAS_VIDEOMONITORAMENTO_,https://docs.google.com/document/d/1kkm0d2p7L6-bIgc2XwoG-Ek-oUcWDrrhFDnq3PWiRVs/edit?usp=drivesdk,2026-04-14
"=HYPERLINK(""https://drive.google.com/drive/folders/14AZTZtfFs3XBVoWoRJeVr678m0rl7F61"", ""04 - ABR - 26 / 15/04 - QUA"")",B8- DPERN INSCRIÇÃO CANDIDATO PM,LEO, ✔, ✔,,BOLETIM_RADIO_TJRN_15_04_2026_B8_DPERN_INSCRICAO_CANDIDATO_PM,https://docs.google.com/document/d/17EZwPyq3AJz0M8ZMj97NLU7Q0yvt43QwciYxiXB6NFo/edit?usp=drivesdk,2026-04-14
"=HYPERLINK(""https://drive.google.com/drive/folders/14AZTZtfFs3XBVoWoRJeVr678m0rl7F61"", ""04 - ABR - 26 / 15/04 - QUA"")",B7- TRT/RN PROGRAMA REGISTRE-SE,LEO, ✔, ✔,,BOLETIM_RADIO_TJRN_15_04_2026_B7_TRTRN_PROGRAMA_REGISTRE_SE,https://docs.google.com/document/d/1nl82QE41vwAz38_qxwuq80w6aT1GWJ2LFiIvi3a6FGc/edit?usp=drivesdk,2026-04-14
"=HYPERLINK(""https://drive.google.com/drive/folders/14AZTZtfFs3XBVoWoRJeVr678m0rl7F61"", ""04 - ABR - 26 / 15/04 - QUA"")",B6- TJRN NOMEIA TRÊS CANDIDATOS ,LEO, ✔, ✔,,BOLETIM_RADIO_TJRN_15_04_2026_B6_TJRN_NOMEIA_TRES_CANDIDATOS_,https://docs.google.com/document/d/1TowjeAVBJgIS6cfOazoW6mNXx3ulmALmNQkqh08SqGE/edit?usp=drivesdk,2026-04-14
"=HYPERLINK(""https://drive.google.com/drive/folders/14AZTZtfFs3XBVoWoRJeVr678m0rl7F61"", ""04 - ABR - 26 / 15/04 - QUA"")",B5- TJRN SELEÇÃO ESTÁGIO PAU FERROS ,LEO, ✔, ✔,,BOLETIM_RADIO_TJRN_15_04_2026_B5_TJRN_SELECAO_ESTAGIO_PAU_FERROS_,https://docs.google.com/document/d/10GexmUtYyruR4Uji1sLT-3PulxfJ3nyo0XRMrIT_IxU/edit?usp=drivesdk,2026-04-14
"=HYPERLINK(""https://drive.google.com/drive/folders/14AZTZtfFs3XBVoWoRJeVr678m0rl7F61"", ""04 - ABR - 26 / 15/04 - QUA"")",B4- TJRN VARA CIVEL NATAL PREMIO ADVOGADOS ,LEO, ✔, ✔,,BOLETIM_RADIO_TJRN_15_04_2026_B4_TJRN_VARA_CIVEL_NATAL_PREMIO_ADVOGADOS_,https://docs.google.com/document/d/1-_ruw9rGpiP5h4_OCs2Dx8n6Yhicw_5I8dmKCorYs9E/edit?usp=drivesdk,2026-04-14
"=HYPERLINK(""https://drive.google.com/drive/folders/14AZTZtfFs3XBVoWoRJeVr678m0rl7F61"", ""04 - ABR - 26 / 15/04 - QUA"")",B3- TJRN COLISÃO E FUGA CONDUTOR ,LEO, ✔, ✔,,BOLETIM_RADIO_TJRN_15_04_2026_B3_TJRN_COLISAO_E_FUGA_CONDUTOR_,https://docs.google.com/document/d/1tIumvKW6BgzhNB195QopP8r6jk5p_nsXAIVx8BwebZo/edit?usp=drivesdk,2026-04-14
"=HYPERLINK(""https://drive.google.com/drive/folders/14AZTZtfFs3XBVoWoRJeVr678m0rl7F61"", ""04 - ABR - 26 / 15/04 - QUA"")",B2- TJRN EMPRESÁRIA INDENIZADA ,LEO, ✔, ✔,,BOLETIM_RADIO_TJRN_15_04_2026_B2_TJRN_EMPRESARIA_INDENIZADA_,https://docs.google.com/document/d/1m-nrtssJVreaL3dlTSF7qJ0mB8BW7EA_8YxIAfn-yKg/edit?usp=drivesdk,2026-04-14
"=HYPERLINK(""https://drive.google.com/drive/folders/14AZTZtfFs3XBVoWoRJeVr678m0rl7F61"", ""04 - ABR - 26 / 15/04 - QUA"")",B1- TJRN ADVOGADA CONSTRANGIDA ,LEO, ✔, ✔,,BOLETIM_RADIO_TJRN_15_04_2026_B1_TJRN_ADVOGADA_CONSTRANGIDA_,https://docs.google.com/document/d/1WOoAeunxPw3KXRo-B2cM4PCpq-07t6kTt_lXOREkyuQ/edit?usp=drivesdk,2026-04-14
"=HYPERLINK(""https://drive.google.com/drive/folders/1jXuJA1_4bJc4duLBU-sDaz4Ha8cyaAcz"", ""04 - ABR - 26 / 14/04 - TER"")",B10- INDENIZAÇÃO ALAGAMENTO RESIDÊNCIA,LIV, ✔, ✔,,BOLETIM_RADIO_TJRN_14_04_2026_B10_INDENIZACAO_ALAGAMENTO_RESIDENCIA,https://docs.google.com/document/d/1we9lQ97-5xxsDJRQF1_mnTpseNgXHEKK8zMDSwPqnI0/edit?usp=drivesdk,2026-04-14
"=HYPERLINK(""https://drive.google.com/drive/folders/1jXuJA1_4bJc4duLBU-sDaz4Ha8cyaAcz"", ""04 - ABR - 26 / 14/04 - TER"")",B9- CONDENAÇÃO GOLPE IDOSA,LIV, ✔, ✔,,BOLETIM_RADIO_TJRN_14_04_2026_B9_CONDENACAO_GOLPE_IDOSA,https://docs.google.com/document/d/15fyb3u3Dwcu2A7U0aNlZ367cxdMyK26bbRyEFDe4uig/edit?usp=drivesdk,2026-04-14
"=HYPERLINK(""https://drive.google.com/drive/folders/1jXuJA1_4bJc4duLBU-sDaz4Ha8cyaAcz"", ""04 - ABR - 26 / 14/04 - TER"")",B8- BLOQUEIO APLICATIVO MENSAGENS,LIV, ✔, ✔,,BOLETIM_RADIO_TJRN_14_04_2026_B8_BLOQUEIO_APLICATIVO_MENSAGENS,https://docs.google.com/document/d/1qwhgFrEDEjHFtCBLK8Eu2VVjHXuDJPkVEQxt9vWmPvE/edit?usp=drivesdk,2026-04-14
"=HYPERLINK(""https://drive.google.com/drive/folders/1jXuJA1_4bJc4duLBU-sDaz4Ha8cyaAcz"", ""04 - ABR - 26 / 14/04 - TER"")",B7- REGISTRE-SE,LIV, ✔, ✔,,BOLETIM_RADIO_TJRN_14_04_2026_B7_REGISTRE_SE,https://docs.google.com/document/d/1oWN1Ogill7BLRGtWGF0z6YcU45vjmWOTGn7IzH0CNyU/edit?usp=drivesdk,2026-04-14
"=HYPERLINK(""https://drive.google.com/drive/folders/1jXuJA1_4bJc4duLBU-sDaz4Ha8cyaAcz"", ""04 - ABR - 26 / 14/04 - TER"")",B6- CONDENAÇÃO FURTO CARRO,LIV, ✔, ✔,,BOLETIM_RADIO_TJRN_14_04_2026_B6_CONDENACAO_FURTO_CARRO,https://docs.google.com/document/d/1viRVweqH8_kdjDg6Y5j_rUODtt3rQpdd2KdcXzAYrwk/edit?usp=drivesdk,2026-04-14
"=HYPERLINK(""https://drive.google.com/drive/folders/1jXuJA1_4bJc4duLBU-sDaz4Ha8cyaAcz"", ""04 - ABR - 26 / 14/04 - TER"")",B5- AÇÃO EXTINTA HETEROIDENTIFICAÇÃO,LIV, ✔, ✔,,BOLETIM_RADIO_TJRN_14_04_2026_B5_ACAO_EXTINTA_HETEROIDENTIFICACAO,https://docs.google.com/document/d/1geeKXhHonK8feUOjSFxDV29Fj5dBxaBb1faknPMJnrA/edit?usp=drivesdk,2026-04-14
"=HYPERLINK(""https://drive.google.com/drive/folders/1jXuJA1_4bJc4duLBU-sDaz4Ha8cyaAcz"", ""04 - ABR - 26 / 14/04 - TER"")",B4- INDENIZAÇÃO FALTA HIGIENE HOSPEDAGEM,LIV, ✔, ✔,,BOLETIM_RADIO_TJRN_14_04_2026_B4_INDENIZACAO_FALTA_HIGIENE_HOSPEDAGEM,https://docs.google.com/document/d/1Bs97gEr6qI0dabRZfB3zWVzOs4WRifUYDygA_Q69mYY/edit?usp=drivesdk,2026-04-14
"=HYPERLINK(""https://drive.google.com/drive/folders/1jXuJA1_4bJc4duLBU-sDaz4Ha8cyaAcz"", ""04 - ABR - 26 / 14/04 - TER"")",B3- CONDENAÇÃO PLANO CIRURGIA FACIAL,LIV, ✔, ✔,,BOLETIM_RADIO_TJRN_14_04_2026_B3_CONDENACAO_PLANO_CIRURGIA_FACIAL,https://docs.google.com/document/d/19wXv4XGvU-r45gcKf1w6eRN07W2R2d2woB3vYSON0i4/edit?usp=drivesdk,2026-04-14
"=HYPERLINK(""https://drive.google.com/drive/folders/1jXuJA1_4bJc4duLBU-sDaz4Ha8cyaAcz"", ""04 - ABR - 26 / 14/04 - TER"")",B2- ANULAÇÃO DÉBITO TRIBUTÁRIO,LIV, ✔, ✔,,BOLETIM_RADIO_TJRN_14_04_2026_B2_ANULACAO_DEBITO_TRIBUTARIO,https://docs.google.com/document/d/1MJDZn7Otb9LJKulc3Bh_Mk1-h-i8GowKb6hKyxK3NWI/edit?usp=drivesdk,2026-04-14
"=HYPERLINK(""https://drive.google.com/drive/folders/1jXuJA1_4bJc4duLBU-sDaz4Ha8cyaAcz"", ""04 - ABR - 26 / 14/04 - TER"")",B1- BLOQUEIO TRATAMENTO CRIANÇA TEA,LIV, ✔, ✔,,BOLETIM_RADIO_TJRN_14_04_2026_B1_BLOQUEIO_TRATAMENTO_CRIANCA_TEA,https://docs.google.com/document/d/17BdhOEvvtL7OnoddjJtl6GnGKIdsvWBJq7z6NNxucjA/edit?usp=drivesdk,2026-04-14
"=HYPERLINK(""https://drive.google.com/drive/folders/14cWMmmm6HSEGdnjyJ9O5ZkJOfu0HBkZs"", ""04 - ABR - 26 / 13/04 - SEG"")",B10- SUPLEMENTO CRIANÇA SELETIVIDADE,LIV, ✔, ✔,,BOLETIM_RADIO_TJRN_13_04_2026_B10_SUPLEMENTO_CRIANCA_SELETIVIDADE,https://docs.google.com/document/d/11C6_QlrjatudIWaGt_VzY5vEzct2HbZoZA0lazRLZrw/edit?usp=drivesdk,2026-04-14
"=HYPERLINK(""https://drive.google.com/drive/folders/14cWMmmm6HSEGdnjyJ9O5ZkJOfu0HBkZs"", ""04 - ABR - 26 / 13/04 - SEG"")",B9- CONTRATAÇÃO MÉDICO IRREGULAR,LIV, ✔, ✔,,BOLETIM_RADIO_TJRN_13_04_2026_B9_CONTRATACAO_MEDICO_IRREGULAR,https://docs.google.com/document/d/1tmHamWLsEIJV3_5Rhg_FuX5jMfal7dTyRZJvcSyPL6k/edit?usp=drivesdk,2026-04-14
"=HYPERLINK(""https://drive.google.com/drive/folders/14cWMmmm6HSEGdnjyJ9O5ZkJOfu0HBkZs"", ""04 - ABR - 26 / 13/04 - SEG"")",B8- SUSPENSÃO FATURA ENERGIA ELÉTRICA,LIV, ✔, ✔,,BOLETIM_RADIO_TJRN_13_04_2026_B8_SUSPENSAO_FATURA_ENERGIA_ELETRICA,https://docs.google.com/document/d/1JMS32K3SRRfbBRl-swVHbS8pvbOkWZLDszjEpmXI2L0/edit?usp=drivesdk,2026-04-14
"=HYPERLINK(""https://drive.google.com/drive/folders/14cWMmmm6HSEGdnjyJ9O5ZkJOfu0HBkZs"", ""04 - ABR - 26 / 13/04 - SEG"")",B7- DANOS MORAIS MANOBRA IRREGULAR,LIV, ✔, ✔,,BOLETIM_RADIO_TJRN_13_04_2026_B7_DANOS_MORAIS_MANOBRA_IRREGULAR,https://docs.google.com/document/d/1PEqHMcn_0zPc-iJeT_lpiAAawLd-pG3bYGaEerCy3RQ/edit?usp=drivesdk,2026-04-14
"=HYPERLINK(""https://drive.google.com/drive/folders/14cWMmmm6HSEGdnjyJ9O5ZkJOfu0HBkZs"", ""04 - ABR - 26 / 13/04 - SEG"")",B6- TJRN CONVOCA 45 TÉCNICOS ,LEO, ✔, ✔,,BOLETIM_RADIO_TJRN_13_04_2026_B6_TJRN_CONVOCA_45_TECNICOS_,https://docs.google.com/document/d/1TmQdb0APCeS0Hv0iceXmNaTblh6JjpNC3tvO58OpgqA/edit?usp=drivesdk,2026-04-09
"=HYPERLINK(""https://drive.google.com/drive/folders/14cWMmmm6HSEGdnjyJ9O5ZkJOfu0HBkZs"", ""04 - ABR - 26 / 13/04 - SEG"")",B5- TJRN PASSAGEIRA RECEBEU MALA DANIFICADA ,LEO, ✔, ✔,,BOLETIM_RADIO_TJRN_13_04_2026_B5_TJRN_PASSAGEIRA_RECEBEU_MALA_DANIFICADA_,https://docs.google.com/document/d/1xEjQUCKUq4td0GhisMsIT8In8-ORBAkWJPQ8AaBoLOg/edit?usp=drivesdk,2026-04-09
"=HYPERLINK(""https://drive.google.com/drive/folders/14cWMmmm6HSEGdnjyJ9O5ZkJOfu0HBkZs"", ""04 - ABR - 26 / 13/04 - SEG"")",B4- TJRN ACUSADOS CRIMES TRÁFICO ,LEO, ✔, ✔,,BOLETIM_RADIO_TJRN_13_04_2026_B4_TJRN_ACUSADOS_CRIMES_TRAFICO_,https://docs.google.com/document/d/1M27BC4CMwqEWjaUedNjpHE2hmEj-HsnGITTbZah7Ams/edit?usp=drivesdk,2026-04-09
"=HYPERLINK(""https://drive.google.com/drive/folders/14cWMmmm6HSEGdnjyJ9O5ZkJOfu0HBkZs"", ""04 - ABR - 26 / 13/04 - SEG"")",B3- TJRN IPERN CONDENADO INDENIZAR SERVIDORA ,LEO, ✔, ✔,,BOLETIM_RADIO_TJRN_13_04_2026_B3_TJRN_IPERN_CONDENADO_INDENIZAR_SERVIDORA_,https://docs.google.com/document/d/13_-cfic5tS0mwuPL-P1u_tQPUhAFdgZfi2txwmORjOs/edit?usp=drivesdk,2026-04-09
"=HYPERLINK(""https://drive.google.com/drive/folders/14cWMmmm6HSEGdnjyJ9O5ZkJOfu0HBkZs"", ""04 - ABR - 26 / 13/04 - SEG"")",B2- TJRN PARNAMIRIM CONDENADO ACIDENTE TRANSPORTE ,LEO, ✔, ✔,,BOLETIM_RADIO_TJRN_13_04_2026_B2_TJRN_PARNAMIRIM_CONDENADO_ACIDENTE_TRANSPORTE_,https://docs.google.com/document/d/10nG75mnS38K5K2mI3-19Jz3uMBBnW9Vq9Wk5EBpOYxU/edit?usp=drivesdk,2026-04-09
"=HYPERLINK(""https://drive.google.com/drive/folders/14cWMmmm6HSEGdnjyJ9O5ZkJOfu0HBkZs"", ""04 - ABR - 26 / 13/04 - SEG"")",B1- TJRN CONDENA PLATAFORMA DIGITAL FALHA ,LEO, ✔, ✔,,BOLETIM_RADIO_TJRN_13_04_2026_B1_TJRN_CONDENA_PLATAFORMA_DIGITAL_FALHA_,https://docs.google.com/document/d/1CwVVXy2jO7lNYTH9Z-xDeXggHD8ZUg14DWd6GF5RVBU/edit?usp=drivesdk,2026-04-09
"=HYPERLINK(""https://drive.google.com/drive/folders/1D7_GUVzfEykQ6FlAaA7r3INFDJcURRYF"", ""04 - ABR - 26 / 10/04- SEX"")",B10- TJRN DETERMINA SUSPENSÃO ATO CANDIDATA APROVADA,LEO, ✔, ✔,,BOLETIM_RADIO_TJRN_10_04_2026_B10_TJRN_DETERMINA_SUSPENSAO_ATO_CANDIDATA_APROVADA,https://docs.google.com/document/d/1NyxGp_gu-4LNdhvwt3LkMKNaW8SkANnsbSDPKrPxU6o/edit?usp=drivesdk,2026-04-09
"=HYPERLINK(""https://drive.google.com/drive/folders/1D7_GUVzfEykQ6FlAaA7r3INFDJcURRYF"", ""04 - ABR - 26 / 10/04- SEX"")",B9- TJRN RECONHECE DESCUMPRIMENTO CONTRATUAL ,LEO, ✔, ✔,,BOLETIM_RADIO_TJRN_10_04_2026_B9_TJRN_RECONHECE_DESCUMPRIMENTO_CONTRATUAL_,https://docs.google.com/document/d/1loaW-sdeRgHyWIoypFJFwZ7dvs78XYSaJxATZ-onMjg/edit?usp=drivesdk,2026-04-09
"=HYPERLINK(""https://drive.google.com/drive/folders/1D7_GUVzfEykQ6FlAaA7r3INFDJcURRYF"", ""04 - ABR - 26 / 10/04- SEX"")",B8- TJRN DUPLA CONDENADA ASSALTO ,LEO, ✔, ✔,,BOLETIM_RADIO_TJRN_10_04_2026_B8_TJRN_DUPLA_CONDENADA_ASSALTO_,https://docs.google.com/document/d/115b5OQrSqNlwEHdvRGNQluf-oGgxxzpyZ6uxaSTkSL0/edit?usp=drivesdk,2026-04-09
"=HYPERLINK(""https://drive.google.com/drive/folders/1D7_GUVzfEykQ6FlAaA7r3INFDJcURRYF"", ""04 - ABR - 26 / 10/04- SEX"")",B7- TJRN TRIPLO HOMICÍDIO NISIA FLORESTA JÚRI MANTIDO ,LEO, ✔, ✔,,BOLETIM_RADIO_TJRN_10_04_2026_B7_TJRN_TRIPLO_HOMICIDIO_NISIA_FLORESTA_JURI_MANTIDO_,https://docs.google.com/document/d/1qLUboOpXvLQPmNlW_7fIZZKxwZMx1Q8v50X0eGn39YA/edit?usp=drivesdk,2026-04-09
"=HYPERLINK(""https://drive.google.com/drive/folders/1D7_GUVzfEykQ6FlAaA7r3INFDJcURRYF"", ""04 - ABR - 26 / 10/04- SEX"")",B6- TJRN PLANO SAÚDE COBRANÇA EXCESSIVA ,LEO, ✔, ✔,,BOLETIM_RADIO_TJRN_10_04_2026_B6_TJRN_PLANO_SAUDE_COBRANCA_EXCESSIVA_,https://docs.google.com/document/d/1qTk9CS5Eq6o-sqIVkWvI3N4q8RLZcafiASaeGxQsMHY/edit?usp=drivesdk,2026-04-09
"=HYPERLINK(""https://drive.google.com/drive/folders/1D7_GUVzfEykQ6FlAaA7r3INFDJcURRYF"", ""04 - ABR - 26 / 10/04- SEX"")",B5- TJRN RECONHECE DIREITO CORRETOR ,LEO, ✔, ✔,,BOLETIM_RADIO_TJRN_10_04_2026_B5_TJRN_RECONHECE_DIREITO_CORRETOR_,https://docs.google.com/document/d/1V2uQr0niI6jsY7kXDarbiOTblbyqba2kfogeT1DuqfU/edit?usp=drivesdk,2026-04-09
"=HYPERLINK(""https://drive.google.com/drive/folders/1D7_GUVzfEykQ6FlAaA7r3INFDJcURRYF"", ""04 - ABR - 26 / 10/04- SEX"")",B4- TJRN CLIENTE SOFRE GOLPE EMPRÉSTIMO CONSIGNADO ,LEO, ✔, ✔,,BOLETIM_RADIO_TJRN_10_04_2026_B4_TJRN_CLIENTE_SOFRE_GOLPE_EMPRESTIMO_CONSIGNADO_,https://docs.google.com/document/d/162INNGLi0AZV7rOWLSD1uWztnrKDR3nkq2cJQ-GIavc/edit?usp=drivesdk,2026-04-09
"=HYPERLINK(""https://drive.google.com/drive/folders/1D7_GUVzfEykQ6FlAaA7r3INFDJcURRYF"", ""04 - ABR - 26 / 10/04- SEX"")",B3- TJRN COSERN CANCELAR DÉBITO FRAUDE ,LEO, ✔, ✔,,BOLETIM_RADIO_TJRN_10_04_2026_B3_TJRN_COSERN_CANCELAR_DEBITO_FRAUDE_,https://docs.google.com/document/d/1Tr5RAFz6W8lbMVF8sYKV-H-gP6RrdtyaypEnjwd1s8E/edit?usp=drivesdk,2026-04-09
"=HYPERLINK(""https://drive.google.com/drive/folders/1D7_GUVzfEykQ6FlAaA7r3INFDJcURRYF"", ""04 - ABR - 26 / 10/04- SEX"")",B2- TJRN SUPERLOTAÇÃO CARCERÁRIA PROGRESSÃO REGIME ,LEO, ✔, ✔,,BOLETIM_RADIO_TJRN_10_04_2026_B2_TJRN_SUPERLOTACAO_CARCERARIA_PROGRESSAO_REGIME_,https://docs.google.com/document/d/1mE9gvwbIay1UZ7pYkdOoMqF5Vics0U9JrbmF0WLpXMs/edit?usp=drivesdk,2026-04-09
"=HYPERLINK(""https://drive.google.com/drive/folders/1D7_GUVzfEykQ6FlAaA7r3INFDJcURRYF"", ""04 - ABR - 26 / 10/04- SEX"")",B1-TJRN DECISÃO REALIZAÇÃO PERÍCIA ASSINATURA ,LEO, ✔, ✔,,BOLETIM_RADIO_TJRN_10_04_2026_B1_TJRN_DECISAO_REALIZACAO_PERICIA_ASSINATURA_,https://docs.google.com/document/d/1ukALgo95EZogpgAh4NLsehkQq5n3MdDDa8TFeOesW3c/edit?usp=drivesdk,2026-04-09
"=HYPERLINK(""https://drive.google.com/drive/folders/1vfdB8JUm3CZE-TSmELnDLBVOqohVhxYF"", ""04 - ABR - 26 / 09/04 - QUI"")",B10- TRE/RN AUTOATENDIMENTO ELEITORAL BIOMETRIA ,LEO, ✔, ✔,,BOLETIM_RADIO_TJRN_09_04_2026_B10_TRERN_AUTOATENDIMENTO_ELEITORAL_BIOMETRIA_,https://docs.google.com/document/d/1_rTSbLtADbzd9wHzNm2pELkma8oDWe54A-2XJKaQy3w/edit?usp=drivesdk,2026-04-07
"=HYPERLINK(""https://drive.google.com/drive/folders/1vfdB8JUm3CZE-TSmELnDLBVOqohVhxYF"", ""04 - ABR - 26 / 09/04 - QUI"")",B9- TRE/RN CAMPANHA ARRECADAÇÕES LIVROS INFANTIS ,LEO, ✔, ✔,,BOLETIM_RADIO_TJRN_09_04_2026_B9_TRERN_CAMPANHA_ARRECADACOES_LIVROS_INFANTIS_,https://docs.google.com/document/d/1118QpL3fDyas1bl-ftOGCpE7blnXToyaJXcAFzlWvwc/edit?usp=drivesdk,2026-04-07
"=HYPERLINK(""https://drive.google.com/drive/folders/1vfdB8JUm3CZE-TSmELnDLBVOqohVhxYF"", ""04 - ABR - 26 / 09/04 - QUI"")",B8- TRT/RN NOVA SALA ESPERA AUDIÊNCIA ,LEO, ✔, ✔,,BOLETIM_RADIO_TJRN_09_04_2026_B8_TRTRN_NOVA_SALA_ESPERA_AUDIENCIA_,https://docs.google.com/document/d/1FvCoayj5bIIyqxBeQT5MFGGktA6qgjHqsLeuaUnOjTs/edit?usp=drivesdk,2026-04-07
"=HYPERLINK(""https://drive.google.com/drive/folders/1vfdB8JUm3CZE-TSmELnDLBVOqohVhxYF"", ""04 - ABR - 26 / 09/04 - QUI"")",B7- TJRN SEMANA NACIONAL REGISTRO CIVIL,LEO, ✔, ✔,,BOLETIM_RADIO_TJRN_09_04_2026_B7_TJRN_SEMANA_NACIONAL_REGISTRO_CIVIL,https://docs.google.com/document/d/1RnIZAPYpZJ_MsbO362sMAd2iYAvRbYRQB7NR-CfUzHg/edit?usp=drivesdk,2026-04-07
"=HYPERLINK(""https://drive.google.com/drive/folders/1vfdB8JUm3CZE-TSmELnDLBVOqohVhxYF"", ""04 - ABR - 26 / 09/04 - QUI"")",B6- TJRN CÂMARA SESSÃO EXTRAORDINÁRIA HÍBRIDA ,LEO, ✔, ✔,,BOLETIM_RADIO_TJRN_09_04_2026_B6_TJRN_CAMARA_SESSAO_EXTRAORDINARIA_HIBRIDA_,https://docs.google.com/document/d/14kLowDOkrSsFFLnWkS_YNKwrrQlohy6YzYsXjQSd_us/edit?usp=drivesdk,2026-04-07
"=HYPERLINK(""https://drive.google.com/drive/folders/1vfdB8JUm3CZE-TSmELnDLBVOqohVhxYF"", ""04 - ABR - 26 / 09/04 - QUI"")",B5- TJRN MANTIDA CONDENAÇÃO EMPRESA AÉREA ,LEO, ✔, ✔,,BOLETIM_RADIO_TJRN_09_04_2026_B5_TJRN_MANTIDA_CONDENACAO_EMPRESA_AEREA_,https://docs.google.com/document/d/1eiTfC3atmkl4wTri_Jope1EwbX0f1lA8HXomRcJ_Zrw/edit?usp=drivesdk,2026-04-07
"=HYPERLINK(""https://drive.google.com/drive/folders/1vfdB8JUm3CZE-TSmELnDLBVOqohVhxYF"", ""04 - ABR - 26 / 09/04 - QUI"")",B4- TJRN SUPOSTO DESVIO FUNÇÃO PM,LEO, ✔, ✔,,BOLETIM_RADIO_TJRN_09_04_2026_B4_TJRN_SUPOSTO_DESVIO_FUNCAO_PM,https://docs.google.com/document/d/1lewjX8TJ45Ef2NzKLWiuxCTp3u5roRdO9r8MKyZ4QlI/edit?usp=drivesdk,2026-04-07
"=HYPERLINK(""https://drive.google.com/drive/folders/1vfdB8JUm3CZE-TSmELnDLBVOqohVhxYF"", ""04 - ABR - 26 / 09/04 - QUI"")",B3- TJRN TECNICO PAGAMENTO SERVIÇO ,LEO, ✔, ✔,,BOLETIM_RADIO_TJRN_09_04_2026_B3_TJRN_TECNICO_PAGAMENTO_SERVICO_,https://docs.google.com/document/d/1UBLDz9KjVr4vna-e9KcStUIPB8qFu18LiInTK75E4eA/edit?usp=drivesdk,2026-04-07
"=HYPERLINK(""https://drive.google.com/drive/folders/1vfdB8JUm3CZE-TSmELnDLBVOqohVhxYF"", ""04 - ABR - 26 / 09/04 - QUI"")",B2- TJRN MANTÉM CONDENAÇÃO ACUSADOS ROUBO,LEO, ✔, ✔,,BOLETIM_RADIO_TJRN_09_04_2026_B2_TJRN_MANTEM_CONDENACAO_ACUSADOS_ROUBO,https://docs.google.com/document/d/1ZtRxAUOyizAwmQk5O06A_6Ro5yzAjCtGIQVImfD-eCo/edit?usp=drivesdk,2026-04-07
"=HYPERLINK(""https://drive.google.com/drive/folders/1vfdB8JUm3CZE-TSmELnDLBVOqohVhxYF"", ""04 - ABR - 26 / 09/04 - QUI"")",B1- TJRN COBRANÇA INDEVIDA BAGAGEM ,LEO, ✔, ✔,,BOLETIM_RADIO_TJRN_09_04_2026_B1_TJRN_COBRANCA_INDEVIDA_BAGAGEM_,https://docs.google.com/document/d/1CJ4PqKlLDd2oqL19wugS9Pin1-47xzRqIsJgACKXmcA/edit?usp=drivesdk,2026-04-07
"=HYPERLINK(""https://drive.google.com/drive/folders/1UwbznNq9XP38iQYSyEvvZ-X3naw5rkjz"", ""04 - ABR - 26 / 08/04 - QUA"")",B10- TJRN SEMANA NACIONAL SAÚDE,LEO, ✔, ✔,,BOLETIM_RADIO_TJRN_08_04_2026_B10_TJRN_SEMANA_NACIONAL_SAUDE,https://docs.google.com/document/d/1T2jsxsrQJOAoAkGaF9wl0ZLEHZK19QGe1_9WzKXq498/edit?usp=drivesdk,2026-04-07
"=HYPERLINK(""https://drive.google.com/drive/folders/1UwbznNq9XP38iQYSyEvvZ-X3naw5rkjz"", ""04 - ABR - 26 / 08/04 - QUA"")",B9- TJRN ANULA CONTRATO ÓTICA ,LEO, ✔, ✔,,BOLETIM_RADIO_TJRN_08_04_2026_B9_TJRN_ANULA_CONTRATO_OTICA_,https://docs.google.com/document/d/1xyGUsIMOxsmzuN3CBZNby3-fbO-79FgajkDEO2yfLSU/edit?usp=drivesdk,2026-04-06
"=HYPERLINK(""https://drive.google.com/drive/folders/1UwbznNq9XP38iQYSyEvvZ-X3naw5rkjz"", ""04 - ABR - 26 / 08/04 - QUA"")",B8- TJRN FALHA DEPÓSITO BANCÁRIO ,LEO, ✔, ✔,,BOLETIM_RADIO_TJRN_08_04_2026_B8_TJRN_FALHA_DEPOSITO_BANCARIO_,https://docs.google.com/document/d/1oOQPoEql03iFiIMPkApcWPbx5bHDtw9MoBrn0Y46s_U/edit?usp=drivesdk,2026-04-06
"=HYPERLINK(""https://drive.google.com/drive/folders/1UwbznNq9XP38iQYSyEvvZ-X3naw5rkjz"", ""04 - ABR - 26 / 08/04 - QUA"")",B7- TJRN PLATAFORMA NAO EFETIVA RESERVA HOTEL,LEO, ✔, ✔,,BOLETIM_RADIO_TJRN_08_04_2026_B7_TJRN_PLATAFORMA_NAO_EFETIVA_RESERVA_HOTEL,https://docs.google.com/document/d/1tzjsRTU-Ej0KlqVdPmSl6hxaUy2BMOnToj8jTyBUpao/edit?usp=drivesdk,2026-04-06
"=HYPERLINK(""https://drive.google.com/drive/folders/1UwbznNq9XP38iQYSyEvvZ-X3naw5rkjz"", ""04 - ABR - 26 / 08/04 - QUA"")",B6- TJRN VIGILANTE AUXILIAR CONDENADOS ,LEO, ✔, ✔,,BOLETIM_RADIO_TJRN_08_04_2026_B6_TJRN_VIGILANTE_AUXILIAR_CONDENADOS_,https://docs.google.com/document/d/1YcqKgv1ACCps-kEM5Ayjuqkjm6Lwj5HkGpZA2stcvXk/edit?usp=drivesdk,2026-04-06
"=HYPERLINK(""https://drive.google.com/drive/folders/1UwbznNq9XP38iQYSyEvvZ-X3naw5rkjz"", ""04 - ABR - 26 / 08/04 - QUA"")",B5- TJRN SENTENÇA EXIGÊNCIA PROCURAÇÃO DETRAN ,LEO, ✔, ✔,,BOLETIM_RADIO_TJRN_08_04_2026_B5_TJRN_SENTENCA_EXIGENCIA_PROCURACAO_DETRAN_,https://docs.google.com/document/d/1mDRQZcamYJTVX59ufH_g4IH9QI-s-rNQE0ZMpNYRC_g/edit?usp=drivesdk,2026-04-06
"=HYPERLINK(""https://drive.google.com/drive/folders/1UwbznNq9XP38iQYSyEvvZ-X3naw5rkjz"", ""04 - ABR - 26 / 08/04 - QUA"")",B4- TJRN PLANO SAÚDE CONDENADO CIRURGIA OCULAR ,LEO, ✔, ✔,,BOLETIM_RADIO_TJRN_08_04_2026_B4_TJRN_PLANO_SAUDE_CONDENADO_CIRURGIA_OCULAR_,https://docs.google.com/document/d/1SSb7mURZiyRL2H9Q21Ci7fpVievuMu4gl-oSuRqVclQ/edit?usp=drivesdk,2026-04-06
"=HYPERLINK(""https://drive.google.com/drive/folders/1UwbznNq9XP38iQYSyEvvZ-X3naw5rkjz"", ""04 - ABR - 26 / 08/04 - QUA"")",B3- TJRN AÇÃO ALIMENTOS IDOSO ALZHEIMER ,LEO, ✔, ✔,,BOLETIM_RADIO_TJRN_08_04_2026_B3_TJRN_ACAO_ALIMENTOS_IDOSO_ALZHEIMER_,https://docs.google.com/document/d/1lPfRtQajYtHbCBbCgX2Gr-LfpoNMnUnLiSEVbVJyVxw/edit?usp=drivesdk,2026-04-06
"=HYPERLINK(""https://drive.google.com/drive/folders/1UwbznNq9XP38iQYSyEvvZ-X3naw5rkjz"", ""04 - ABR - 26 / 08/04 - QUA"")",B2- TJRN BANCO CONDENADO VAZAMENTOS DADOS ,LEO, ✔, ✔,,BOLETIM_RADIO_TJRN_08_04_2026_B2_TJRN_BANCO_CONDENADO_VAZAMENTOS_DADOS_,https://docs.google.com/document/d/1gJ9VnxF96Uw9_SiusNbM7wbz9okrkElfVi3E7rpXXf0/edit?usp=drivesdk,2026-04-06
"=HYPERLINK(""https://drive.google.com/drive/folders/1UwbznNq9XP38iQYSyEvvZ-X3naw5rkjz"", ""04 - ABR - 26 / 08/04 - QUA"")",B1- TJRN SANTA CRUZ PROJETOS SOCIAIS ,LEO, ✔, ✔,,BOLETIM_RADIO_TJRN_08_04_2026_B1_TJRN_SANTA_CRUZ_PROJETOS_SOCIAIS_,https://docs.google.com/document/d/1YYc93KEXYyRJaIAI7pYy42rugj-w3xziZYS4JrjeRoI/edit?usp=drivesdk,2026-04-06
"=HYPERLINK(""https://drive.google.com/drive/folders/1KwUBFgyBtGPO2zr73QU_nRvMngLcJkLK"", ""04 - ABR - 26 / 07/04 - TER"")",B10- REPARADORA BARIÁTRICA,LIV, ✔, ✔,,BOLETIM_RADIO_TJRN_07_04_2026_B10_REPARADORA_BARIATRICA,https://docs.google.com/document/d/1syfG048ILaFH9cIhjIzrO_-g3Tvo30EhgIprLuVEPS0/edit?usp=drivesdk,2026-03-30
"=HYPERLINK(""https://drive.google.com/drive/folders/1KwUBFgyBtGPO2zr73QU_nRvMngLcJkLK"", ""04 - ABR - 26 / 07/04 - TER"")",B9- INDENIZAÇÃO FALTA ÁGUA,LIV, ✔, ✔,,BOLETIM_RADIO_TJRN_07_04_2026_B9_INDENIZACAO_FALTA_AGUA,https://docs.google.com/document/d/1-mHp8ZHd2FAttPPcH1Cl9IQBmq2abC1ziQxA_u_0gZ4/edit?usp=drivesdk,2026-03-30
"=HYPERLINK(""https://drive.google.com/drive/folders/1KwUBFgyBtGPO2zr73QU_nRvMngLcJkLK"", ""04 - ABR - 26 / 07/04 - TER"")",B8- MPRN EX-SECRETÁRIO MOSSORÓ CONDENADO,LIV, ✔, ✔,,BOLETIM_RADIO_TJRN_07_04_2026_B8_MPRN_EX_SECRETARIO_MOSSORO_CONDENADO,https://docs.google.com/document/d/1fib1FMQCMPqjEn99uWTbS7li7RDTl8Va9WoVJFYgQy0/edit?usp=drivesdk,2026-03-30
"=HYPERLINK(""https://drive.google.com/drive/folders/1KwUBFgyBtGPO2zr73QU_nRvMngLcJkLK"", ""04 - ABR - 26 / 07/04 - TER"")",B7- FALHA ELETRÔNICA CONCURSO,LIV, ✔, ✔,,BOLETIM_RADIO_TJRN_07_04_2026_B7_FALHA_ELETRONICA_CONCURSO,https://docs.google.com/document/d/1Q7cZ6fiZgQW0x_7DntR9RKX2_tNyOr_bQ-i99rA5JSs/edit?usp=drivesdk,2026-03-30
"=HYPERLINK(""https://drive.google.com/drive/folders/1KwUBFgyBtGPO2zr73QU_nRvMngLcJkLK"", ""04 - ABR - 26 / 07/04 - TER"")",B6- TJRN ACUSADO SEQUESTRO ,LEO, ✔, ✔,,BOLETIM_RADIO_TJRN_07_04_2026_B6_TJRN_ACUSADO_SEQUESTRO_,https://docs.google.com/document/d/1rlWRy16Mh9HbUM_ty6z5ihiJNl48ADyYlCsukWOGR4U/edit?usp=drivesdk,2026-04-06
"=HYPERLINK(""https://drive.google.com/drive/folders/1KwUBFgyBtGPO2zr73QU_nRvMngLcJkLK"", ""04 - ABR - 26 / 07/04 - TER"")",B5- TJRN CONDENADO ROUBO CARRO ,LEO, ✔, ✔,,BOLETIM_RADIO_TJRN_07_04_2026_B5_TJRN_CONDENADO_ROUBO_CARRO_,https://docs.google.com/document/d/1jKM3nuMbYRvHNmINrY5AFnidHUKjR5ByO8iV4WSIdA4/edit?usp=drivesdk,2026-04-06
"=HYPERLINK(""https://drive.google.com/drive/folders/1KwUBFgyBtGPO2zr73QU_nRvMngLcJkLK"", ""04 - ABR - 26 / 07/04 - TER"")",B4- TJRN NEGADO ATO IMPROBIDADE SAO MIGUEL ,LEO, ✔, ✔,,BOLETIM_RADIO_TJRN_07_04_2026_B4_TJRN_NEGADO_ATO_IMPROBIDADE_SAO_MIGUEL_,https://docs.google.com/document/d/1wLY6Nf6cMPyjExXW1Lf3NF2u1zbiwRIuKTmXapnct1I/edit?usp=drivesdk,2026-04-06
"=HYPERLINK(""https://drive.google.com/drive/folders/1KwUBFgyBtGPO2zr73QU_nRvMngLcJkLK"", ""04 - ABR - 26 / 07/04 - TER"")",B3- TJRN OPERADORA CONDENADA ,LEO, ✔, ✔,,BOLETIM_RADIO_TJRN_07_04_2026_B3_TJRN_OPERADORA_CONDENADA_,https://docs.google.com/document/d/1HpZNs1Woptm4Yj1Kd5qZdZxRHbZ3hzOAu0CwjKbg6m4/edit?usp=drivesdk,2026-04-06
"=HYPERLINK(""https://drive.google.com/drive/folders/1KwUBFgyBtGPO2zr73QU_nRvMngLcJkLK"", ""04 - ABR - 26 / 07/04 - TER"")",B2- TJRN CONSOLIDA MEDIAÇÃO CONFLITOS ,LEO, ✔, ✔,,BOLETIM_RADIO_TJRN_07_04_2026_B2_TJRN_CONSOLIDA_MEDIACAO_CONFLITOS_,https://docs.google.com/document/d/1kJJZy9HRGEe0rvZMQ9iIucHSEp3mgtN75hAYrYD5eIg/edit?usp=drivesdk,2026-03-31
"=HYPERLINK(""https://drive.google.com/drive/folders/1KwUBFgyBtGPO2zr73QU_nRvMngLcJkLK"", ""04 - ABR - 26 / 07/04 - TER"")",B1- TJRN CLIENTES RECEBERAM AGÊNCIA TURISMO ,LEO, ✔, ✔,,BOLETIM_RADIO_TJRN_07_04_2026_B1_TJRN_CLIENTES_RECEBERAM_AGENCIA_TURISMO_,https://docs.google.com/document/d/1hidSZigJcs2sG7sRhkTiZdo12_J72sDKIWKFdjUx8eE/edit?usp=drivesdk,2026-03-31
"=HYPERLINK(""https://drive.google.com/drive/folders/1m8hIdfr2pHt_CukfOGt7xApN8RZG-n6K"", ""04 - ABR - 26 / 06/04 - SEG"")",B10- TJRN CONDENA FALSO ADVOGADO ,LEO, ✔, ✔,,BOLETIM_RADIO_TJRN_06_04_2026_B10_TJRN_CONDENA_FALSO_ADVOGADO_,https://docs.google.com/document/d/1jxfjH7UrQ_uQoymk_x_u_Dtk8XCjcpkev79beVc8ymk/edit?usp=drivesdk,2026-03-31
"=HYPERLINK(""https://drive.google.com/drive/folders/1m8hIdfr2pHt_CukfOGt7xApN8RZG-n6K"", ""04 - ABR - 26 / 06/04 - SEG"")",B9- TJRN GARANTE COBERTURA PARTO SEM CARÊNCIA ,LEO, ✔, ✔,,BOLETIM_RADIO_TJRN_06_04_2026_B9_TJRN_GARANTE_COBERTURA_PARTO_SEM_CARENCIA_,https://docs.google.com/document/d/1B24Dt8UiPllTGmrf-uX63gzSr5cDW7OjKLSLa5G1igA/edit?usp=drivesdk,2026-03-31
"=HYPERLINK(""https://drive.google.com/drive/folders/1m8hIdfr2pHt_CukfOGt7xApN8RZG-n6K"", ""04 - ABR - 26 / 06/04 - SEG"")",B8- TJRN DECISÃO REALIZAÇÃO PERÍCIA GRAFOTÉCNICA ,LEO, ✔, ✔,,BOLETIM_RADIO_TJRN_06_04_2026_B8_TJRN_DECISAO_REALIZACAO_PERICIA_GRAFOTECNICA_,https://docs.google.com/document/d/1bf3HW3LxQ4LTTeh0clNvbxADS1pj4okSQuQfR30HLZs/edit?usp=drivesdk,2026-03-31
"=HYPERLINK(""https://drive.google.com/drive/folders/1m8hIdfr2pHt_CukfOGt7xApN8RZG-n6K"", ""04 - ABR - 26 / 06/04 - SEG"")",B7- TJRN ACORDOS EXTRAJUDICIAIS PROSSEGUIMENTOS ,LEO, ✔, ✔,,BOLETIM_RADIO_TJRN_06_04_2026_B7_TJRN_ACORDOS_EXTRAJUDICIAIS_PROSSEGUIMENTOS_,https://docs.google.com/document/d/1UkY75RZEIMSFieB32XsiFLmnVtkt_DanVrIMO-9P8a8/edit?usp=drivesdk,2026-03-31
"=HYPERLINK(""https://drive.google.com/drive/folders/1m8hIdfr2pHt_CukfOGt7xApN8RZG-n6K"", ""04 - ABR - 26 / 06/04 - SEG"")",B6- TJRN NEGA RECURSO ACUSADO TENTATIVA FEMINICÍDIO ,LEO, ✔, ✔,,BOLETIM_RADIO_TJRN_06_04_2026_B6_TJRN_NEGA_RECURSO_ACUSADO_TENTATIVA_FEMINICIDIO_,https://docs.google.com/document/d/1bixhJ4OGo6Fd_KqvSOpDnVIlL0LAmPSPWXmtljPXnVQ/edit?usp=drivesdk,2026-03-31
"=HYPERLINK(""https://drive.google.com/drive/folders/1m8hIdfr2pHt_CukfOGt7xApN8RZG-n6K"", ""04 - ABR - 26 / 06/04 - SEG"")",B5- TJRN MANTÉM RESPONSABILIZAÇÃO DANOS ENCHENTE ,LEO, ✔, ✔,,BOLETIM_RADIO_TJRN_06_04_2026_B5_TJRN_MANTEM_RESPONSABILIZACAO_DANOS_ENCHENTE_,https://docs.google.com/document/d/1ahDd-j1z16HNHDtvPOlWlUEvWTBCtkE5MqLfmbxToMU/edit?usp=drivesdk,2026-03-31
"=HYPERLINK(""https://drive.google.com/drive/folders/1m8hIdfr2pHt_CukfOGt7xApN8RZG-n6K"", ""04 - ABR - 26 / 06/04 - SEG"")",B4- TJRN MUNICÍPIO GARANTIR CONSULTAS ,LEO, ✔, ✔,,BOLETIM_RADIO_TJRN_06_04_2026_B4_TJRN_MUNICIPIO_GARANTIR_CONSULTAS_,https://docs.google.com/document/d/1ogPWEfxiXiExYulWf3MbKu_eUifdL3od4rnyhcrzCYU/edit?usp=drivesdk,2026-03-31
"=HYPERLINK(""https://drive.google.com/drive/folders/1m8hIdfr2pHt_CukfOGt7xApN8RZG-n6K"", ""04 - ABR - 26 / 06/04 - SEG"")",B3- TJRN COJUD PROCESSO SELETIVO ,LEO, ✔, ✔,,BOLETIM_RADIO_TJRN_06_04_2026_B3_TJRN_COJUD_PROCESSO_SELETIVO_,https://docs.google.com/document/d/1a9IUhR5M8hrk4SWvyDLOGqEuG4gAW_IMiFzUG44ADYw/edit?usp=drivesdk,2026-03-30
"=HYPERLINK(""https://drive.google.com/drive/folders/1m8hIdfr2pHt_CukfOGt7xApN8RZG-n6K"", ""04 - ABR - 26 / 06/04 - SEG"")",B2- TJRN PROJETO GMF REDE SOCIOEDUCATIVA ,LEO, ✔, ✔,,BOLETIM_RADIO_TJRN_06_04_2026_B2_TJRN_PROJETO_GMF_REDE_SOCIOEDUCATIVA_,https://docs.google.com/document/d/1M31OsofsQw4Pcii3S0gzVj6801wUwCrr9jrzVapX3WE/edit?usp=drivesdk,2026-03-30
"=HYPERLINK(""https://drive.google.com/drive/folders/1m8hIdfr2pHt_CukfOGt7xApN8RZG-n6K"", ""04 - ABR - 26 / 06/04 - SEG"")",B1- TJRN FALHA ELETRÔNICA REGISTRO DOCUMENTO ,LEO, ✔, ✔,,BOLETIM_RADIO_TJRN_06_04_2026_B1_TJRN_FALHA_ELETRONICA_REGISTRO_DOCUMENTO_,https://docs.google.com/document/d/1MuzpbZA4nW--o3XuUp03cS0REXHUnPtsXhMn87Ge1xQ/edit?usp=drivesdk,2026-03-30
Última sincronização: 08/06/2026 14:16 • Sistema Rádio Web 2026,,,,,,,,
