Última sincronização: 08/06/2026 00:13 • Sistema Rádio Web 2026,,,,,,,,,,,,,,,,,,,,,,,,,
Última sincronização: 08/06/2026 02:14 • Sistema Rádio Web 2026,,,,,,,,,,,,,,,,,,,,,,,,,
Última sincronização: 08/06/2026 04:13 • Sistema Rádio Web 2026,,,,,,,,,,,,,,,,,,,,,,,,,
Última sincronização: 08/06/2026 06:14 • Sistema Rádio Web 2026,,,,,,,,,,,,,,,,,,,,,,,,,
Última sincronização: 08/06/2026 08:13 • Sistema Rádio Web 2026,,,,,,,,,,,,,,,,,,,,,,,,,
Última sincronização: 08/06/2026 10:17 • Sistema Rádio Web 2026,,,,,,,,,,,,,,,,,,,,,,,,,
Última sincronização: 08/06/2026 12:16 • Sistema Rádio Web 2026,,,,,,,,,,,,,,,,,,,,,,,,,
Última sincronização: 07/06/2026 00:13 • Sistema Rádio Web 2026,,,,,,,,,,,,,,,,,,,,,,,,,
Última sincronização: 07/06/2026 04:13 • Sistema Rádio Web 2026,,,,,,,,,,,,,,,,,,,,,,,,,
Última sincronização: 07/06/2026 06:13 • Sistema Rádio Web 2026,,,,,,,,,,,,,,,,,,,,,,,,,
Última sincronização: 07/06/2026 08:13 • Sistema Rádio Web 2026,,,,,,,,,,,,,,,,,,,,,,,,,
Última sincronização: 07/06/2026 10:14 • Sistema Rádio Web 2026,,,,,,,,,,,,,,,,,,,,,,,,,
Última sincronização: 07/06/2026 12:13 • Sistema Rádio Web 2026,,,,,,,,,,,,,,,,,,,,,,,,,
Última sincronização: 07/06/2026 14:13 • Sistema Rádio Web 2026,,,,,,,,,,,,,,,,,,,,,,,,,
Última sincronização: 07/06/2026 16:13 • Sistema Rádio Web 2026,,,,,,,,,,,,,,,,,,,,,,,,,
Última sincronização: 07/06/2026 18:14 • Sistema Rádio Web 2026,,,,,,,,,,,,,,,,,,,,,,,,,
Última sincronização: 07/06/2026 20:13 • Sistema Rádio Web 2026,,,,,,,,,,,,,,,,,,,,,,,,,
Última sincronização: 07/06/2026 22:13 • Sistema Rádio Web 2026,,,,,,,,,,,,,,,,,,,,,,,,,
Última sincronização: 06/06/2026 00:13 • Sistema Rádio Web 2026,,,,,,,,,,,,,,,,,,,,,,,,,
Última sincronização: 06/06/2026 02:14 • Sistema Rádio Web 2026,,,,,,,,,,,,,,,,,,,,,,,,,
Última sincronização: 06/06/2026 04:13 • Sistema Rádio Web 2026,,,,,,,,,,,,,,,,,,,,,,,,,
Última sincronização: 06/06/2026 06:14 • Sistema Rádio Web 2026,,,,,,,,,,,,,,,,,,,,,,,,,
Última sincronização: 06/06/2026 08:13 • Sistema Rádio Web 2026,,,,,,,,,,,,,,,,,,,,,,,,,
Última sincronização: 06/06/2026 10:14 • Sistema Rádio Web 2026,,,,,,,,,,,,,,,,,,,,,,,,,
Última sincronização: 06/06/2026 12:14 • Sistema Rádio Web 2026,,,,,,,,,,,,,,,,,,,,,,,,,
Última sincronização: 06/06/2026 14:13 • Sistema Rádio Web 2026,,,,,,,,,,,,,,,,,,,,,,,,,
Última sincronização: 06/06/2026 16:14 • Sistema Rádio Web 2026,,,,,,,,,,,,,,,,,,,,,,,,,
Última sincronização: 06/06/2026 18:14 • Sistema Rádio Web 2026,,,,,,,,,,,,,,,,,,,,,,,,,
Última sincronização: 06/06/2026 20:13 • Sistema Rádio Web 2026,,,,,,,,,,,,,,,,,,,,,,,,,
Última sincronização: 06/06/2026 22:13 • Sistema Rádio Web 2026,,,,,,,,,,,,,,,,,,,,,,,,,
Última sincronização: 05/06/2026 00:13 • Sistema Rádio Web 2026,,,,,,,,,,,,,,,,,,,,,,,,,
Última sincronização: 05/06/2026 02:14 • Sistema Rádio Web 2026,,,,,,,,,,,,,,,,,,,,,,,,,
Última sincronização: 05/06/2026 04:13 • Sistema Rádio Web 2026,,,,,,,,,,,,,,,,,,,,,,,,,
Última sincronização: 05/06/2026 06:13 • Sistema Rádio Web 2026,,,,,,,,,,,,,,,,,,,,,,,,,
Última sincronização: 05/06/2026 08:13 • Sistema Rádio Web 2026,,,,,,,,,,,,,,,,,,,,,,,,,
Última sincronização: 05/06/2026 10:15 • Sistema Rádio Web 2026,,,,,,,,,,,,,,,,,,,,,,,,,
Última sincronização: 05/06/2026 12:13 • Sistema Rádio Web 2026,,,,,,,,,,,,,,,,,,,,,,,,,
Última sincronização: 05/06/2026 14:16 • Sistema Rádio Web 2026,,,,,,,,,,,,,,,,,,,,,,,,,
Última sincronização: 05/06/2026 16:14 • Sistema Rádio Web 2026,,,,,,,,,,,,,,,,,,,,,,,,,
Última sincronização: 05/06/2026 18:15 • Sistema Rádio Web 2026,,,,,,,,,,,,,,,,,,,,,,,,,
Última sincronização: 05/06/2026 20:13 • Sistema Rádio Web 2026,,,,,,,,,,,,,,,,,,,,,,,,,
Última sincronização: 05/06/2026 22:14 • Sistema Rádio Web 2026,,,,,,,,,,,,,,,,,,,,,,,,,
Última sincronização: 04/06/2026 00:13 • Sistema Rádio Web 2026,,,,,,,,,,,,,,,,,,,,,,,,,
Última sincronização: 04/06/2026 04:14 • Sistema Rádio Web 2026,,,,,,,,,,,,,,,,,,,,,,,,,
Última sincronização: 04/06/2026 06:13 • Sistema Rádio Web 2026,,,,,,,,,,,,,,,,,,,,,,,,,
Última sincronização: 04/06/2026 08:13 • Sistema Rádio Web 2026,,,,,,,,,,,,,,,,,,,,,,,,,
Última sincronização: 04/06/2026 12:14 • Sistema Rádio Web 2026,,,,,,,,,,,,,,,,,,,,,,,,,
Última sincronização: 04/06/2026 14:14 • Sistema Rádio Web 2026,,,,,,,,,,,,,,,,,,,,,,,,,
Última sincronização: 04/06/2026 16:14 • Sistema Rádio Web 2026,,,,,,,,,,,,,,,,,,,,,,,,,
Última sincronização: 04/06/2026 20:14 • Sistema Rádio Web 2026,,,,,,,,,,,,,,,,,,,,,,,,,
Última sincronização: 04/06/2026 22:13 • Sistema Rádio Web 2026,,,,,,,,,,,,,,,,,,,,,,,,,
Última sincronização: 03/06/2026 00:13 • Sistema Rádio Web 2026,,,,,,,,,,,,,,,,,,,,,,,,,
Última sincronização: 03/06/2026 02:15 • Sistema Rádio Web 2026,,,,,,,,,,,,,,,,,,,,,,,,,
Última sincronização: 03/06/2026 04:16 • Sistema Rádio Web 2026,,,,,,,,,,,,,,,,,,,,,,,,,
Última sincronização: 03/06/2026 06:14 • Sistema Rádio Web 2026,,,,,,,,,,,,,,,,,,,,,,,,,
Última sincronização: 03/06/2026 08:14 • Sistema Rádio Web 2026,,,,,,,,,,,,,,,,,,,,,,,,,
Última sincronização: 03/06/2026 12:16 • Sistema Rádio Web 2026,,,,,,,,,,,,,,,,,,,,,,,,,
Última sincronização: 03/06/2026 14:14 • Sistema Rádio Web 2026,,,,,,,,,,,,,,,,,,,,,,,,,
Última sincronização: 03/06/2026 16:14 • Sistema Rádio Web 2026,,,,,,,,,,,,,,,,,,,,,,,,,
Última sincronização: 03/06/2026 18:13 • Sistema Rádio Web 2026,,,,,,,,,,,,,,,,,,,,,,,,,
Última sincronização: 03/06/2026 20:17 • Sistema Rádio Web 2026,,,,,,,,,,,,,,,,,,,,,,,,,
Última sincronização: 03/06/2026 22:13 • Sistema Rádio Web 2026,,,,,,,,,,,,,,,,,,,,,,,,,
Última sincronização: 02/06/2026 00:13 • Sistema Rádio Web 2026,,,,,,,,,,,,,,,,,,,,,,,,,
Última sincronização: 02/06/2026 02:16 • Sistema Rádio Web 2026,,,,,,,,,,,,,,,,,,,,,,,,,
Última sincronização: 02/06/2026 04:13 • Sistema Rádio Web 2026,,,,,,,,,,,,,,,,,,,,,,,,,
Última sincronização: 02/06/2026 06:13 • Sistema Rádio Web 2026,,,,,,,,,,,,,,,,,,,,,,,,,
Última sincronização: 02/06/2026 08:16 • Sistema Rádio Web 2026,,,,,,,,,,,,,,,,,,,,,,,,,
Última sincronização: 02/06/2026 10:17 • Sistema Rádio Web 2026,,,,,,,,,,,,,,,,,,,,,,,,,
Última sincronização: 02/06/2026 12:15 • Sistema Rádio Web 2026,,,,,,,,,,,,,,,,,,,,,,,,,
Última sincronização: 02/06/2026 14:15 • Sistema Rádio Web 2026,,,,,,,,,,,,,,,,,,,,,,,,,
Última sincronização: 02/06/2026 16:13 • Sistema Rádio Web 2026,,,,,,,,,,,,,,,,,,,,,,,,,
Última sincronização: 02/06/2026 18:15 • Sistema Rádio Web 2026,,,,,,,,,,,,,,,,,,,,,,,,,
Última sincronização: 02/06/2026 20:13 • Sistema Rádio Web 2026,,,,,,,,,,,,,,,,,,,,,,,,,
Última sincronização: 02/06/2026 22:13 • Sistema Rádio Web 2026,,,,,,,,,,,,,,,,,,,,,,,,,
Última sincronização: 01/06/2026 09:54 • Sistema Rádio Web 2026,,,,,,,,,,,,,,,,,,,,,,,,,
Última sincronização: 01/06/2026 12:13 • Sistema Rádio Web 2026,,,,,,,,,,,,,,,,,,,,,,,,,
Última sincronização: 01/06/2026 14:16 • Sistema Rádio Web 2026,,,,,,,,,,,,,,,,,,,,,,,,,
Última sincronização: 01/06/2026 16:13 • Sistema Rádio Web 2026,,,,,,,,,,,,,,,,,,,,,,,,,
Última sincronização: 01/06/2026 18:15 • Sistema Rádio Web 2026,,,,,,,,,,,,,,,,,,,,,,,,,
Última sincronização: 01/06/2026 20:13 • Sistema Rádio Web 2026,,,,,,,,,,,,,,,,,,,,,,,,,
Última sincronização: 01/06/2026 22:13 • Sistema Rádio Web 2026,,,,,,,,,,,,,,,,,,,,,,,,,
"=HYPERLINK(""https://drive.google.com/drive/folders/1rWtmOsByH8gzg0_FEp6Wr7_zJcsa3NqE"", ""02 - FEV - 26 / 27/02 - SEX"")",B10- ESMARN NOVO SITE,LEO, ✔, ✔,,BOLETIM_RADIO_TJRN_27_02_2026_B10_ESMARN_NOVO_SITE,https://docs.google.com/document/d/14FjBl40XbPpopBos0cH6XE0eGLuws1oetmXxMcNNstU/edit?usp=drivesdk,2026-02-26,,,,,,,,,,,,,,,,,
"=HYPERLINK(""https://drive.google.com/drive/folders/1rWtmOsByH8gzg0_FEp6Wr7_zJcsa3NqE"", ""02 - FEV - 26 / 27/02 - SEX"")",B9- TRT/RN TRIBUNAIS CONVÊNIO ,LEO, ✔, ✔,,BOLETIM_RADIO_TJRN_27_02_2026_B9_TRTRN_TRIBUNAIS_CONVENIO_,https://docs.google.com/document/d/1vsrpQWUWSfuaZzgC8jBTQj755OiGkNStlg4gjwJwwSk/edit?usp=drivesdk,2026-02-26,,,,,,,,,,,,,,,,,
"=HYPERLINK(""https://drive.google.com/drive/folders/1rWtmOsByH8gzg0_FEp6Wr7_zJcsa3NqE"", ""02 - FEV - 26 / 27/02 - SEX"")",B8- MPRN OPERAÇÃO CENTRO TERAPÊUTICO ,LEO, ✔, ✔,,BOLETIM_RADIO_TJRN_27_02_2026_B8_MPRN_OPERACAO_CENTRO_TERAPEUTICO_,https://docs.google.com/document/d/1hCz2ViUsoN7v_JiDONCJim93JFpl0EbzwsddWzsadKc/edit?usp=drivesdk,2026-02-26,,,,,,,,,,,,,,,,,
"=HYPERLINK(""https://drive.google.com/drive/folders/1rWtmOsByH8gzg0_FEp6Wr7_zJcsa3NqE"", ""02 - FEV - 26 / 27/02 - SEX"")",B7 - ABERTURA ESTÁGIO CURRAIS NOVOS,LET, ✔, ✔,,BOLETIM_RADIO_TJRN_27_02_2026_B7_ABERTURA_ESTAGIO_CURRAIS_NOVOS,https://docs.google.com/document/d/1He0C28X4dnJvRpnaH-EfOeQAPcNaOOUS86W5D1abFKo/edit?usp=drivesdk,2026-02-26,,,,,,,,,,,,,,,,,
"=HYPERLINK(""https://drive.google.com/drive/folders/1rWtmOsByH8gzg0_FEp6Wr7_zJcsa3NqE"", ""02 - FEV - 26 / 27/02 - SEX"")",B6 - ABERTURA ESTÁGIO 20 NATAL,LET, ✔, ✔,,BOLETIM_RADIO_TJRN_27_02_2026_B6_ABERTURA_ESTAGIO_20_NATAL,https://docs.google.com/document/d/18BwTC1bY-uIpvWQCDyiUzKzwYkspgNwW7sR3gHL_orI/edit?usp=drivesdk,2026-02-26,,,,,,,,,,,,,,,,,
"=HYPERLINK(""https://drive.google.com/drive/folders/1rWtmOsByH8gzg0_FEp6Wr7_zJcsa3NqE"", ""02 - FEV - 26 / 27/02 - SEX"")",B5 - PERFIL DE VENDAS DEVE SER REATIVADO,LET, ✔, ✔,,BOLETIM_RADIO_TJRN_27_02_2026_B5_PERFIL_DE_VENDAS_DEVE_SER_REATIVADO,https://docs.google.com/document/d/1YMXfSzgjC5dlTvGQ5FEvWWKP1SKfMDhC5AVX-v3xcno/edit?usp=drivesdk,2026-02-26,,,,,,,,,,,,,,,,,
"=HYPERLINK(""https://drive.google.com/drive/folders/1rWtmOsByH8gzg0_FEp6Wr7_zJcsa3NqE"", ""02 - FEV - 26 / 27/02 - SEX"")",B4 - JUSTIÇA REABRE PREGÃO ELETRÔNICO NATAL,LET, ✔, ✔,,BOLETIM_RADIO_TJRN_27_02_2026_B4_JUSTICA_REABRE_PREGAO_ELETRONICO_NATAL,https://docs.google.com/document/d/1FvpqbpJ6bb78Vkm6CLVGgVZfog8mkVxhdJrYb2bpluY/edit?usp=drivesdk,2026-02-26,,,,,,,,,,,,,,,,,
"=HYPERLINK(""https://drive.google.com/drive/folders/1rWtmOsByH8gzg0_FEp6Wr7_zJcsa3NqE"", ""02 - FEV - 26 / 27/02 - SEX"")",B3 - JÚRI HOMICÍDIO TRÂNSITO,LET, ✔, ✔,,BOLETIM_RADIO_TJRN_27_02_2026_B3_JURI_HOMICIDIO_TRANSITO,https://docs.google.com/document/d/1dwBrRaKamdeD9mWKdJa1x62hcHeBWlNgCTHLnBANe8E/edit?usp=drivesdk,2026-02-26,,,,,,,,,,,,,,,,,
"=HYPERLINK(""https://drive.google.com/drive/folders/1rWtmOsByH8gzg0_FEp6Wr7_zJcsa3NqE"", ""02 - FEV - 26 / 27/02 - SEX"")",B2 - IMPROBIDADE CONTRATO IGREJA,LET, ✔, ✔,,BOLETIM_RADIO_TJRN_27_02_2026_B2_IMPROBIDADE_CONTRATO_IGREJA,https://docs.google.com/document/d/1Y0RR1QgUuxTP_5gefGZXXpPpEAk0h_e8wVjEc4i0w7Y/edit?usp=drivesdk,2026-02-26,,,,,,,,,,,,,,,,,
"=HYPERLINK(""https://drive.google.com/drive/folders/1rWtmOsByH8gzg0_FEp6Wr7_zJcsa3NqE"", ""02 - FEV - 26 / 27/02 - SEX"")",B1 - HOMICÍDIO DÍVIDA JÚRI,LET, ✔, ✔,,BOLETIM_RADIO_TJRN_27_02_2026_B1_HOMICIDIO_DIVIDA_JURI,https://docs.google.com/document/d/1Z0dGlB5eFlFwN8Up2AyXiXEgOeEhzCkohVAQ1xeODqg/edit?usp=drivesdk,2026-02-26,,,,,,,,,,,,,,,,,
"=HYPERLINK(""https://drive.google.com/drive/folders/1BI2zM80qm1oEH-txWH0-IJmOxTB6ATiH"", ""02 - FEV - 26 / 26/02 - QUI"")",B10 - INDENIZAÇÃO PATINETE ELÉTRICO ,LET, ✔, ✔,,BOLETIM_RADIO_TJRN_26_02_2026_B10_INDENIZACAO_PATINETE_ELETRICO_,https://docs.google.com/document/d/1x7vGhVkyeVmWha-Ldiu52ThpOMLotWp1pbvNbRmbpz0/edit?usp=drivesdk,2026-02-26,,,,,,,,,,,,,,,,,
"=HYPERLINK(""https://drive.google.com/drive/folders/1BI2zM80qm1oEH-txWH0-IJmOxTB6ATiH"", ""02 - FEV - 26 / 26/02 - QUI"")",B9 - MEDICAMENTO ANEMIA FALCIFORME,LET, ✔, ✔,,BOLETIM_RADIO_TJRN_26_02_2026_B9_MEDICAMENTO_ANEMIA_FALCIFORME,https://docs.google.com/document/d/1ChpoUYYUhto3NP_n2QAloYPE0rs7ZTYvbeOZEa9g7r0/edit?usp=drivesdk,2026-02-26,,,,,,,,,,,,,,,,,
"=HYPERLINK(""https://drive.google.com/drive/folders/1BI2zM80qm1oEH-txWH0-IJmOxTB6ATiH"", ""02 - FEV - 26 / 26/02 - QUI"")",B8 - CARTILHA JULGAMENTO PERSPECTIVA DE GÊNERO,LET, ✔, ✔,,BOLETIM_RADIO_TJRN_26_02_2026_B8_CARTILHA_JULGAMENTO_PERSPECTIVA_DE_GENERO,https://docs.google.com/document/d/1jjr7YEBTt-7-GkIwgkd7THz79bTginPpOu7xtV8lE_s/edit?usp=drivesdk,2026-02-26,,,,,,,,,,,,,,,,,
"=HYPERLINK(""https://drive.google.com/drive/folders/1BI2zM80qm1oEH-txWH0-IJmOxTB6ATiH"", ""02 - FEV - 26 / 26/02 - QUI"")",B7 - MEDIDA PROTETIVA RELAÇÃO HOMOAFETIVA,LET, ✔, ✔,,BOLETIM_RADIO_TJRN_26_02_2026_B7_MEDIDA_PROTETIVA_RELACAO_HOMOAFETIVA,https://docs.google.com/document/d/1mhXGyqaLRcshGg9L_FD6ZHECNZkMsU4rBAsz8mR1kkg/edit?usp=drivesdk,2026-02-26,,,,,,,,,,,,,,,,,
"=HYPERLINK(""https://drive.google.com/drive/folders/1BI2zM80qm1oEH-txWH0-IJmOxTB6ATiH"", ""02 - FEV - 26 / 26/02 - QUI"")",B6 - SESSÃO HÍBRIDA CRIMINAL 2-03,LET, ✔, ✔,,BOLETIM_RADIO_TJRN_26_02_2026_B6_SESSAO_HIBRIDA_CRIMINAL_2_03,https://docs.google.com/document/d/1gLLAfepNSTyYTyge5qlgAZjH1tGkhajo96uhGXtmdYQ/edit?usp=drivesdk,2026-02-26,,,,,,,,,,,,,,,,,
"=HYPERLINK(""https://drive.google.com/drive/folders/1BI2zM80qm1oEH-txWH0-IJmOxTB6ATiH"", ""02 - FEV - 26 / 26/02 - QUI"")",B5 - DANOS MORAIS VENDA VEÍCULO,LET, ✔, ✔,,BOLETIM_RADIO_TJRN_26_02_2026_B5_DANOS_MORAIS_VENDA_VEICULO,https://docs.google.com/document/d/1uTowIERrlk8Gof5zylmMmoSamaiJ3kZBExI1okBkX-0/edit?usp=drivesdk,2026-02-26,,,,,,,,,,,,,,,,,
"=HYPERLINK(""https://drive.google.com/drive/folders/1BI2zM80qm1oEH-txWH0-IJmOxTB6ATiH"", ""02 - FEV - 26 / 26/02 - QUI"")",B4- TJRN PEDIDO PENSÃO PROVISÓRIA ,LEO, ✔, ✔,,BOLETIM_RADIO_TJRN_26_02_2026_B4_TJRN_PEDIDO_PENSAO_PROVISORIA_,https://docs.google.com/document/d/1yjo-Ryab1FNgCBhBmd3mvPFga3jSwugpslpB-vvtNM4/edit?usp=drivesdk,2026-02-25,,,,,,,,,,,,,,,,,
"=HYPERLINK(""https://drive.google.com/drive/folders/1BI2zM80qm1oEH-txWH0-IJmOxTB6ATiH"", ""02 - FEV - 26 / 26/02 - QUI"")",B3- TJRN REDE SOCIAL DEVE EXCLUIR,LEO, ✔, ✔,,BOLETIM_RADIO_TJRN_26_02_2026_B3_TJRN_REDE_SOCIAL_DEVE_EXCLUIR,https://docs.google.com/document/d/1aaoAo7HbjwiouUkjOFzz2UBCpZ_SD_EFfCSoTVyxJYw/edit?usp=drivesdk,2026-02-25,,,,,,,,,,,,,,,,,
"=HYPERLINK(""https://drive.google.com/drive/folders/1BI2zM80qm1oEH-txWH0-IJmOxTB6ATiH"", ""02 - FEV - 26 / 26/02 - QUI"")",B2- TJRN MANTIDA SENTENÇA APLICADA ,LEO, ✔, ✔,,BOLETIM_RADIO_TJRN_26_02_2026_B2_TJRN_MANTIDA_SENTENCA_APLICADA_,https://docs.google.com/document/d/1s3B1BboVMD_tuz764QRKYd5Pf2vUNTV60uf7cr7TMEI/edit?usp=drivesdk,2026-02-25,,,,,,,,,,,,,,,,,
"=HYPERLINK(""https://drive.google.com/drive/folders/1BI2zM80qm1oEH-txWH0-IJmOxTB6ATiH"", ""02 - FEV - 26 / 26/02 - QUI"")",B1- TJRN ESTADO REALIZE PROCEDIMENTO MÉDICO ,LEO, ✔, ✔,,BOLETIM_RADIO_TJRN_26_02_2026_B1_TJRN_ESTADO_REALIZE_PROCEDIMENTO_MEDICO_,https://docs.google.com/document/d/1VKzLa1HM2RmNab27bTZUdhJol4Tw1RxcajQlC3oE8yQ/edit?usp=drivesdk,2026-02-25,,,,,,,,,,,,,,,,,
"=HYPERLINK(""https://drive.google.com/drive/folders/1us4vSG3RWYXteKjbdrhtO0iaRQ46-WTB"", ""02 - FEV - 26 / 25/02 - QUA"")",B10- TRE/RN REDE ENFRENTA DESINFORMAÇÃO,LEO, ✔, ✔,,BOLETIM_RADIO_TJRN_25_02_2026_B10_TRERN_REDE_ENFRENTA_DESINFORMACAO,https://docs.google.com/document/d/1cyus2bAaPxeig0RvqG1757SUAYSzDZ3v9fh_3jBeDTU/edit?usp=drivesdk,2026-02-24,,,,,,,,,,,,,,,,,
"=HYPERLINK(""https://drive.google.com/drive/folders/1us4vSG3RWYXteKjbdrhtO0iaRQ46-WTB"", ""02 - FEV - 26 / 25/02 - QUA"")",B9- TRT/RN EMPRESA CONDENADA EX-EMPREGADA DOMÉSTICA ,LEO, ✔, ✔,,BOLETIM_RADIO_TJRN_25_02_2026_B9_TRTRN_EMPRESA_CONDENADA_EX_EMPREGADA_DOMESTICA_,https://docs.google.com/document/d/10MHKbSQwNp4YZcMPVabcyImp6s4Yb2uC_7T4CtPRZUg/edit?usp=drivesdk,2026-02-24,,,,,,,,,,,,,,,,,
"=HYPERLINK(""https://drive.google.com/drive/folders/1us4vSG3RWYXteKjbdrhtO0iaRQ46-WTB"", ""02 - FEV - 26 / 25/02 - QUA"")",B8- TJRN CONGRESSOS PRIMEIRA INSTÂNCIA ,LEO, ✔, ✔,,BOLETIM_RADIO_TJRN_25_02_2026_B8_TJRN_CONGRESSOS_PRIMEIRA_INSTANCIA_,https://docs.google.com/document/d/1GhNW-JN2uaAJqOpR9jciNM6yXurKtrZ01wauasgnN3A/edit?usp=drivesdk,2026-02-24,,,,,,,,,,,,,,,,,
"=HYPERLINK(""https://drive.google.com/drive/folders/1us4vSG3RWYXteKjbdrhtO0iaRQ46-WTB"", ""02 - FEV - 26 / 25/02 - QUA"")",B7- TJRN BLOQUEIO 86 MIL,LEO, ✔, ✔,,BOLETIM_RADIO_TJRN_25_02_2026_B7_TJRN_BLOQUEIO_86_MIL,https://docs.google.com/document/d/11Ti0Ctr2JcwzqjDd3mIh_ihqwbnydfCkZ9_8e7Nu3Xw/edit?usp=drivesdk,2026-02-24,,,,,,,,,,,,,,,,,
"=HYPERLINK(""https://drive.google.com/drive/folders/1us4vSG3RWYXteKjbdrhtO0iaRQ46-WTB"", ""02 - FEV - 26 / 25/02 - QUA"")",B6- TJRN CORREGEDORIA PROCESSO SELETIVO ,LEO, ✔, ✔,,BOLETIM_RADIO_TJRN_25_02_2026_B6_TJRN_CORREGEDORIA_PROCESSO_SELETIVO_,https://docs.google.com/document/d/1r5chGHHZ51WybskvDsyrpofvWYvvM65rMG1ZAAZm244/edit?usp=drivesdk,2026-02-24,,,,,,,,,,,,,,,,,
"=HYPERLINK(""https://drive.google.com/drive/folders/1us4vSG3RWYXteKjbdrhtO0iaRQ46-WTB"", ""02 - FEV - 26 / 25/02 - QUA"")",B5- TJRN EMPRESA VAREJISTA CONDENADA ,LEO, ✔, ✔,,BOLETIM_RADIO_TJRN_25_02_2026_B5_TJRN_EMPRESA_VAREJISTA_CONDENADA_,https://docs.google.com/document/d/1LM739PLiAtbINil6J_nf49Qm0Mey9XBJX7uRdVpnr5M/edit?usp=drivesdk,2026-02-24,,,,,,,,,,,,,,,,,
"=HYPERLINK(""https://drive.google.com/drive/folders/1us4vSG3RWYXteKjbdrhtO0iaRQ46-WTB"", ""02 - FEV - 26 / 25/02 - QUA"")",B4- TJRN REDE SOCIAL BLOQUEIA CONTA ADVOGADO ,LEO, ✔, ✔,,BOLETIM_RADIO_TJRN_25_02_2026_B4_TJRN_REDE_SOCIAL_BLOQUEIA_CONTA_ADVOGADO_,https://docs.google.com/document/d/1aYjdgmy6Or50dBv3NQ9h5AojWKuROAY7D3jaCJPGWJc/edit?usp=drivesdk,2026-02-24,,,,,,,,,,,,,,,,,
"=HYPERLINK(""https://drive.google.com/drive/folders/1us4vSG3RWYXteKjbdrhtO0iaRQ46-WTB"", ""02 - FEV - 26 / 25/02 - QUA"")",B3- TJRN JULGA IMPROCEDENTE FRAUDES,LEO, ✔, ✔,,BOLETIM_RADIO_TJRN_25_02_2026_B3_TJRN_JULGA_IMPROCEDENTE_FRAUDES,https://docs.google.com/document/d/1RcL5TgkAzNzoHTOOJEUZR8_jmN1ygHxeNzPoqllGXu0/edit?usp=drivesdk,2026-02-24,,,,,,,,,,,,,,,,,
"=HYPERLINK(""https://drive.google.com/drive/folders/1us4vSG3RWYXteKjbdrhtO0iaRQ46-WTB"", ""02 - FEV - 26 / 25/02 - QUA"")",B2- TJRN MANTÉM LEI MUNICIPAL ,LEO, ✔, ✔,,BOLETIM_RADIO_TJRN_25_02_2026_B2_TJRN_MANTEM_LEI_MUNICIPAL_,https://docs.google.com/document/d/1QfTCpOilbwsxzV0iY5K0vJR4ii0ohQMntb2qF2UUsIU/edit?usp=drivesdk,2026-02-24,,,,,,,,,,,,,,,,,
"=HYPERLINK(""https://drive.google.com/drive/folders/1us4vSG3RWYXteKjbdrhtO0iaRQ46-WTB"", ""02 - FEV - 26 / 25/02 - QUA"")",B1- TJRN NEGA ATO IMPROBIDADE,LEO, ✔, ✔,,BOLETIM_RADIO_TJRN_25_02_2026_B1_TJRN_NEGA_ATO_IMPROBIDADE,https://docs.google.com/document/d/1BG-pgGGZmpD8wD1saA6-kbfaEg5xNXrUTQFBkyr8BC0/edit?usp=drivesdk,2026-02-24,,,,,,,,,,,,,,,,,
"=HYPERLINK(""https://drive.google.com/drive/folders/1pFsJiMoWfuIACVNk3uNEqonDZKeqCQWt"", ""02 - FEV - 26 / 24/02 - TER"")",B10- ESMARN ATUALIZAÇÃO SITE,LEO, ✔, ✔,,BOLETIM_RADIO_TJRN_24_02_2026_B10_ESMARN_ATUALIZACAO_SITE,https://docs.google.com/document/d/12johTNBSzRDCa3ZtBYEglB-vMpG0IhNFvHHDt8usUaQ/edit?usp=drivesdk,2026-02-23,,,,,,,,,,,,,,,,,
"=HYPERLINK(""https://drive.google.com/drive/folders/1pFsJiMoWfuIACVNk3uNEqonDZKeqCQWt"", ""02 - FEV - 26 / 24/02 - TER"")",B9- MPRN UFRN SEMINÁRIO POLÍTICAS PÚBLICAS ,LEO, ✔, ✔,,BOLETIM_RADIO_TJRN_24_02_2026_B9_MPRN_UFRN_SEMINARIO_POLITICAS_PUBLICAS_,https://docs.google.com/document/d/14m8wHGsZDGrOqyTxwhCkkW4NvrJJgvZOHrwRsgk1cfE/edit?usp=drivesdk,2026-02-23,,,,,,,,,,,,,,,,,
"=HYPERLINK(""https://drive.google.com/drive/folders/1pFsJiMoWfuIACVNk3uNEqonDZKeqCQWt"", ""02 - FEV - 26 / 24/02 - TER"")",B8- CNJ PRAZO ENVIO CONTRIBUIÇÕES,LEO, ✔, ✔,,BOLETIM_RADIO_TJRN_24_02_2026_B8_CNJ_PRAZO_ENVIO_CONTRIBUICOES,https://docs.google.com/document/d/1kweS3OepC6s83bPH2_SQ24jT9Q8QgYpIGyHLezmuXMk/edit?usp=drivesdk,2026-02-23,,,,,,,,,,,,,,,,,
"=HYPERLINK(""https://drive.google.com/drive/folders/1pFsJiMoWfuIACVNk3uNEqonDZKeqCQWt"", ""02 - FEV - 26 / 24/02 - TER"")",B7- ESMARN CURSO PLANILHAS ELETRÔNICAS ,LEO, ✔, ✔,,BOLETIM_RADIO_TJRN_24_02_2026_B7_ESMARN_CURSO_PLANILHAS_ELETRONICAS_,https://docs.google.com/document/d/1He5YJoamXZ7fDTtbqhokBS1Vu2a1rBZW0SQ4qQkoesg/edit?usp=drivesdk,2026-02-23,,,,,,,,,,,,,,,,,
"=HYPERLINK(""https://drive.google.com/drive/folders/1pFsJiMoWfuIACVNk3uNEqonDZKeqCQWt"", ""02 - FEV - 26 / 24/02 - TER"")",B6- VARA FAMILIA ESTÁGIO ,LEO, ✔, ✔,,BOLETIM_RADIO_TJRN_24_02_2026_B6_VARA_FAMILIA_ESTAGIO_,https://docs.google.com/document/d/13fv4izyX4rk0OV2p-JTva0Qy9XB4ekmzywkH_R5VS88/edit?usp=drivesdk,2026-02-23,,,,,,,,,,,,,,,,,
"=HYPERLINK(""https://drive.google.com/drive/folders/1pFsJiMoWfuIACVNk3uNEqonDZKeqCQWt"", ""02 - FEV - 26 / 24/02 - TER"")",B5- TJRN PARTICIPAÇÃO EMPRESA SAÚDE,LEO, ✔, ✔,,BOLETIM_RADIO_TJRN_24_02_2026_B5_TJRN_PARTICIPACAO_EMPRESA_SAUDE,https://docs.google.com/document/d/1PP6p8Y4RMQS_lIvd9PfsHxF3NkNgaKTaGAB8ATgS8Lo/edit?usp=drivesdk,2026-02-23,,,,,,,,,,,,,,,,,
"=HYPERLINK(""https://drive.google.com/drive/folders/1pFsJiMoWfuIACVNk3uNEqonDZKeqCQWt"", ""02 - FEV - 26 / 24/02 - TER"")",B4- TJRN IMOBILIÁRIA CONDENADA ,LEO, ✔, ✔,,BOLETIM_RADIO_TJRN_24_02_2026_B4_TJRN_IMOBILIARIA_CONDENADA_,https://docs.google.com/document/d/1IVTC-i1DD4UwZAPRZADhKj_L7ulL1dKb9ZD-og9mF6k/edit?usp=drivesdk,2026-02-23,,,,,,,,,,,,,,,,,
"=HYPERLINK(""https://drive.google.com/drive/folders/1pFsJiMoWfuIACVNk3uNEqonDZKeqCQWt"", ""02 - FEV - 26 / 24/02 - TER"")",B3- TJRN MANTÉM DECISÃO NOMEAÇÃO  ,LEO, ✔, ✔,,BOLETIM_RADIO_TJRN_24_02_2026_B3_TJRN_MANTEM_DECISAO_NOMEACAO_,https://docs.google.com/document/d/1tyxtpRSWBOqOqxkSr6tp3oKiCdew6O40DRx5ovHXEOc/edit?usp=drivesdk,2026-02-23,,,,,,,,,,,,,,,,,
"=HYPERLINK(""https://drive.google.com/drive/folders/1pFsJiMoWfuIACVNk3uNEqonDZKeqCQWt"", ""02 - FEV - 26 / 24/02 - TER"")",B2- TJRN ACOLHE APELO MP ,LEO, ✔, ✔,,BOLETIM_RADIO_TJRN_24_02_2026_B2_TJRN_ACOLHE_APELO_MP_,https://docs.google.com/document/d/1wN8ikP1sPV93CbF-miMdaNAm3fMk44ImydTK91Ebq2o/edit?usp=drivesdk,2026-02-23,,,,,,,,,,,,,,,,,
"=HYPERLINK(""https://drive.google.com/drive/folders/1pFsJiMoWfuIACVNk3uNEqonDZKeqCQWt"", ""02 - FEV - 26 / 24/02 - TER"")",B1- TJRN SÃO JOSÉ PROCESSO SELETIVO ,LEO, ✔, ✔,,BOLETIM_RADIO_TJRN_24_02_2026_B1_TJRN_SAO_JOSE_PROCESSO_SELETIVO_,https://docs.google.com/document/d/1QQn5PEiWR2neS5WHIgt0htBkanUAQ1rTyIhBlJnV8ew/edit?usp=drivesdk,2026-02-23,,,,,,,,,,,,,,,,,
"=HYPERLINK(""https://drive.google.com/drive/folders/1EkHenzPrk9ihuWoyZjuTpamBpaqcRdNJ"", ""02 - FEV - 26 / 23/02 - SEG"")",B10- CONDENAÇÃO FALSO TERAPEUTA,LIV, ✔, ✔,,BOLETIM_RADIO_TJRN_23_02_2026_B10_CONDENACAO_FALSO_TERAPEUTA,https://docs.google.com/document/d/130ig_920U8ktpzuKMDPX89KK7il5j7udA14oQU3Yiss/edit?usp=drivesdk,2026-02-23,,,,,,,,,,,,,,,,,
"=HYPERLINK(""https://drive.google.com/drive/folders/1EkHenzPrk9ihuWoyZjuTpamBpaqcRdNJ"", ""02 - FEV - 26 / 23/02 - SEG"")",B9- INDENIZAÇÃO FALHAS PANO SAÚDE,LIV, ✔, ✔,,BOLETIM_RADIO_TJRN_23_02_2026_B9_INDENIZACAO_FALHAS_PANO_SAUDE,https://docs.google.com/document/d/1tT1cekfKE9zkDHQPRyXPgn4YPpu_n44w7mih4Ri4fW4/edit?usp=drivesdk,2026-02-23,,,,,,,,,,,,,,,,,
"=HYPERLINK(""https://drive.google.com/drive/folders/1EkHenzPrk9ihuWoyZjuTpamBpaqcRdNJ"", ""02 - FEV - 26 / 23/02 - SEG"")",B8- COSERN DANOS MORAIS,LIV, ✔, ✔,,BOLETIM_RADIO_TJRN_23_02_2026_B8_COSERN_DANOS_MORAIS,https://docs.google.com/document/d/1HuWnVphcSOVLNbw7Fcns24h4tMz4Rz9em6Slpyz3_sY/edit?usp=drivesdk,2026-02-23,,,,,,,,,,,,,,,,,
"=HYPERLINK(""https://drive.google.com/drive/folders/1EkHenzPrk9ihuWoyZjuTpamBpaqcRdNJ"", ""02 - FEV - 26 / 23/02 - SEG"")",B7- DANOS MORAIS ATRASO VOO,LIV, ✔, ✔,,BOLETIM_RADIO_TJRN_23_02_2026_B7_DANOS_MORAIS_ATRASO_VOO,https://docs.google.com/document/d/1b6bpG53rTP1ccmCbDyVpwNkCXv-rAi320GEa2AUs0vg/edit?usp=drivesdk,2026-02-23,,,,,,,,,,,,,,,,,
"=HYPERLINK(""https://drive.google.com/drive/folders/1EkHenzPrk9ihuWoyZjuTpamBpaqcRdNJ"", ""02 - FEV - 26 / 23/02 - SEG"")",B6- FORNECIMENTO ENERGIA ESCOLAS,LIV, ✔, ✔,,BOLETIM_RADIO_TJRN_23_02_2026_B6_FORNECIMENTO_ENERGIA_ESCOLAS,https://docs.google.com/document/d/11VUV3LtrD4dgnWlQU8NyYpA74PmiqzaTPBFQM4NvyNI/edit?usp=drivesdk,2026-02-23,,,,,,,,,,,,,,,,,
"=HYPERLINK(""https://drive.google.com/drive/folders/1EkHenzPrk9ihuWoyZjuTpamBpaqcRdNJ"", ""02 - FEV - 26 / 23/02 - SEG"")",B5- ESTÁGIO CEJUSC CURRAIS NOVOS,LIV, ✔, ✔,,BOLETIM_RADIO_TJRN_23_02_2026_B5_ESTAGIO_CEJUSC_CURRAIS_NOVOS,https://docs.google.com/document/d/1E6gGp-rf27d6mY78sTsx1QB_L2T3yF13tTyFc_eoBEI/edit?usp=drivesdk,2026-02-23,,,,,,,,,,,,,,,,,
"=HYPERLINK(""https://drive.google.com/drive/folders/1EkHenzPrk9ihuWoyZjuTpamBpaqcRdNJ"", ""02 - FEV - 26 / 23/02 - SEG"")",B4- TJRN SEMANA MULHER 2026,LIV, ✔, ✔,,BOLETIM_RADIO_TJRN_23_02_2026_B4_TJRN_SEMANA_MULHER_2026,https://docs.google.com/document/d/16XreyLWEoyz23l7B2fRziWZFhmNApi3GrEFn3ZR0vLY/edit?usp=drivesdk,2026-02-23,,,,,,,,,,,,,,,,,
"=HYPERLINK(""https://drive.google.com/drive/folders/1EkHenzPrk9ihuWoyZjuTpamBpaqcRdNJ"", ""02 - FEV - 26 / 23/02 - SEG"")",B3- TJRN PLANO SAÚDE CUSTEAR TRATAMENTO,LEO, ✔, ✔,,BOLETIM_RADIO_TJRN_23_02_2026_B3_TJRN_PLANO_SAUDE_CUSTEAR_TRATAMENTO,https://docs.google.com/document/d/1pjHR5byiQYqcjj7XSN4He2br4qsKSX3gpfL5aQ2aFDw/edit?usp=drivesdk,2026-02-23,,,,,,,,,,,,,,,,,
"=HYPERLINK(""https://drive.google.com/drive/folders/1EkHenzPrk9ihuWoyZjuTpamBpaqcRdNJ"", ""02 - FEV - 26 / 23/02 - SEG"")",B2- TJRN MULHER CONDENADA DETENÇÃO ,LEO, ✔, ✔,,BOLETIM_RADIO_TJRN_23_02_2026_B2_TJRN_MULHER_CONDENADA_DETENCAO_,https://docs.google.com/document/d/1OaYskhXH-m-t_FNMWa9EBtW7MEUTawbuq71G_9LQQuY/edit?usp=drivesdk,2026-02-23,,,,,,,,,,,,,,,,,
"=HYPERLINK(""https://drive.google.com/drive/folders/1EkHenzPrk9ihuWoyZjuTpamBpaqcRdNJ"", ""02 - FEV - 26 / 23/02 - SEG"")",B1- TJRN LAUDO MÉDICO ASSISTENTE,LEO, ✔, ✔,,BOLETIM_RADIO_TJRN_23_02_2026_B1_TJRN_LAUDO_MEDICO_ASSISTENTE,https://docs.google.com/document/d/1TSN8-wzSmsacOutT0RJ-6QOH_4sWSrHX8raS3u_NXZ4/edit?usp=drivesdk,2026-02-23,,,,,,,,,,,,,,,,,
"=HYPERLINK(""https://drive.google.com/drive/folders/1u-C8X-FF-SkvYzOv917kSZtymwQUZ4Vc"", ""02 - FEV - 26 / 20/02 - SEX"")",B10- MPRN CAPACITAÇÃO PROMOÇÃO GESTÃO MUNICIPAL ,LEO, ✔, ✔,,BOLETIM_RADIO_TJRN_20_02_2026_B10_MPRN_CAPACITACAO_PROMOCAO_GESTAO_MUNICIPAL_,https://docs.google.com/document/d/19kncUQVTn5UxkZucpLB-CT1TRCdgT-i-U5u9kGBwM1I/edit?usp=drivesdk,2026-02-19,,,,,,,,,,,,,,,,,
"=HYPERLINK(""https://drive.google.com/drive/folders/1u-C8X-FF-SkvYzOv917kSZtymwQUZ4Vc"", ""02 - FEV - 26 / 20/02 - SEX"")",B9- TRT/RN REVERTIDA DEMISSÃO JUSTA CAUSA,LEO, ✔, ✔,,BOLETIM_RADIO_TJRN_20_02_2026_B9_TRTRN_REVERTIDA_DEMISSAO_JUSTA_CAUSA,https://docs.google.com/document/d/18ThMJETSgGD2P4RQAiPOA-2jxxjvHQg-0vjioCWVH4c/edit?usp=drivesdk,2026-02-19,,,,,,,,,,,,,,,,,
"=HYPERLINK(""https://drive.google.com/drive/folders/1u-C8X-FF-SkvYzOv917kSZtymwQUZ4Vc"", ""02 - FEV - 26 / 20/02 - SEX"")",B8- DPERN NUCLEO MACAÍBA PROCESSO SELETIVO ,LEO, ✔, ✔,,BOLETIM_RADIO_TJRN_20_02_2026_B8_DPERN_NUCLEO_MACAIBA_PROCESSO_SELETIVO_,https://docs.google.com/document/d/1Ot_ZOO09TTERz_o5QJ1TTYZ5N8u8SQOGxXknxGX2B0o/edit?usp=drivesdk,2026-02-19,,,,,,,,,,,,,,,,,
"=HYPERLINK(""https://drive.google.com/drive/folders/1u-C8X-FF-SkvYzOv917kSZtymwQUZ4Vc"", ""02 - FEV - 26 / 20/02 - SEX"")",B7- DPERN DECISÃO PROFISSIONAL APOIO,LEO, ✔, ✔,,BOLETIM_RADIO_TJRN_20_02_2026_B7_DPERN_DECISAO_PROFISSIONAL_APOIO,https://docs.google.com/document/d/1Qp6e-dvLBJjgYSqdbfEBGFSPFtilPrJqNGJ0Fwc2gEE/edit?usp=drivesdk,2026-02-19,,,,,,,,,,,,,,,,,
"=HYPERLINK(""https://drive.google.com/drive/folders/1u-C8X-FF-SkvYzOv917kSZtymwQUZ4Vc"", ""02 - FEV - 26 / 20/02 - SEX"")",B6- TJRN SANTA MARIA AREA LIXÃO ,LEO, ✔, ✔,,BOLETIM_RADIO_TJRN_20_02_2026_B6_TJRN_SANTA_MARIA_AREA_LIXAO_,https://docs.google.com/document/d/1DtPcRYyFvQBVmMX24OO1b5MTscscauu0zMpGMXsLnOI/edit?usp=drivesdk,2026-02-19,,,,,,,,,,,,,,,,,
"=HYPERLINK(""https://drive.google.com/drive/folders/1u-C8X-FF-SkvYzOv917kSZtymwQUZ4Vc"", ""02 - FEV - 26 / 20/02 - SEX"")",B5- TJRN PREFEITO CIDADE CONDENADO ,LEO, ✔, ✔,,BOLETIM_RADIO_TJRN_20_02_2026_B5_TJRN_PREFEITO_CIDADE_CONDENADO_,https://docs.google.com/document/d/1ibSW16g1LqQj0JLuC8eILODhGmIhmEy5qrlST4fpjmU/edit?usp=drivesdk,2026-02-19,,,,,,,,,,,,,,,,,
"=HYPERLINK(""https://drive.google.com/drive/folders/1u-C8X-FF-SkvYzOv917kSZtymwQUZ4Vc"", ""02 - FEV - 26 / 20/02 - SEX"")",B4- TJRN MANTIDO JÚRI ACUSADO TRÊS HOMICÍDIOS ,LEO, ✔, ✔,,BOLETIM_RADIO_TJRN_20_02_2026_B4_TJRN_MANTIDO_JURI_ACUSADO_TRES_HOMICIDIOS_,https://docs.google.com/document/d/1bTu3vblxjN5ulHIaoUgO6cTVCgv-wu75LvOybYmGrZI/edit?usp=drivesdk,2026-02-19,,,,,,,,,,,,,,,,,
"=HYPERLINK(""https://drive.google.com/drive/folders/1u-C8X-FF-SkvYzOv917kSZtymwQUZ4Vc"", ""02 - FEV - 26 / 20/02 - SEX"")",B3- TJRN RECONHECE DIREITO ISENÇÃO IPVA,LEO, ✔, ✔,,BOLETIM_RADIO_TJRN_20_02_2026_B3_TJRN_RECONHECE_DIREITO_ISENCAO_IPVA,https://docs.google.com/document/d/1eiT0eXMg1TbEZDkSBxRDBsaeSPFG55fCOqskGQVjR70/edit?usp=drivesdk,2026-02-19,,,,,,,,,,,,,,,,,
"=HYPERLINK(""https://drive.google.com/drive/folders/1u-C8X-FF-SkvYzOv917kSZtymwQUZ4Vc"", ""02 - FEV - 26 / 20/02 - SEX"")",B2- TJRN HOMEM AGREDIU COLEGA TIJOLO,LEO, ✔, ✔,,BOLETIM_RADIO_TJRN_20_02_2026_B2_TJRN_HOMEM_AGREDIU_COLEGA_TIJOLO,https://docs.google.com/document/d/1oVTTHY5xruPzbcGBHUiRTWhhCdwVv51j-IwWFloDutk/edit?usp=drivesdk,2026-02-19,,,,,,,,,,,,,,,,,
"=HYPERLINK(""https://drive.google.com/drive/folders/1u-C8X-FF-SkvYzOv917kSZtymwQUZ4Vc"", ""02 - FEV - 26 / 20/02 - SEX"")",B1- TJRN EMPRESAS EVENTOS CONDENADAS ,LEO, ✔, ✔,,BOLETIM_RADIO_TJRN_20_02_2026_B1_TJRN_EMPRESAS_EVENTOS_CONDENADAS_,https://docs.google.com/document/d/1FKDJWWxYgD_qPttTcH0BLks5T150vcr9rcxgXlt39DA/edit?usp=drivesdk,2026-02-19,,,,,,,,,,,,,,,,,
"=HYPERLINK(""https://drive.google.com/drive/folders/1qdEN7z5-7SDomGc4ZGDb9T5v85CBsLhu"", ""02 - FEV - 26 / 19/02 - QUI"")",B10- INDENIZAÇÃO CANCELAMENTO VOO,LIV, ✔, ✔,,BOLETIM_RADIO_TJRN_19_02_2026_B10_INDENIZACAO_CANCELAMENTO_VOO,https://docs.google.com/document/d/1kQjIc3SL0TDRz5VQWR8QQV4tP6ydmNwViK3pAdNWIiU/edit?usp=drivesdk,2026-02-19,,,,,,,,,,,,,,,,,
"=HYPERLINK(""https://drive.google.com/drive/folders/1qdEN7z5-7SDomGc4ZGDb9T5v85CBsLhu"", ""02 - FEV - 26 / 19/02 - QUI"")",B9- VISITA TÉCNICA COMISSÃO FUNDIÁRIA,LIV, ✔, ✔,,BOLETIM_RADIO_TJRN_19_02_2026_B9_VISITA_TECNICA_COMISSAO_FUNDIARIA,https://docs.google.com/document/d/1HuGhN69Plc63hzs3Mh2_sg8a5H-slf0NkVatVKBWCvw/edit?usp=drivesdk,2026-02-19,,,,,,,,,,,,,,,,,
"=HYPERLINK(""https://drive.google.com/drive/folders/1qdEN7z5-7SDomGc4ZGDb9T5v85CBsLhu"", ""02 - FEV - 26 / 19/02 - QUI"")",B8- CONDENAÇÃO ROUBO COM ARMA,LIV, ✔, ✔,,BOLETIM_RADIO_TJRN_19_02_2026_B8_CONDENACAO_ROUBO_COM_ARMA,https://docs.google.com/document/d/16dEtTWZC9NWlgUvRfW4stbcsX-xyd5Y5tzp-QwuKH5s/edit?usp=drivesdk,2026-02-19,,,,,,,,,,,,,,,,,
"=HYPERLINK(""https://drive.google.com/drive/folders/1qdEN7z5-7SDomGc4ZGDb9T5v85CBsLhu"", ""02 - FEV - 26 / 19/02 - QUI"")",B7- IMPROBIDADE GUAMARÉ,LIV, ✔, ✔,,BOLETIM_RADIO_TJRN_19_02_2026_B7_IMPROBIDADE_GUAMARE,https://docs.google.com/document/d/1Wv6v6FJVSWkZQEJBrx3tPRKY4hZqdm_Hd9aPdgfE90k/edit?usp=drivesdk,2026-02-19,,,,,,,,,,,,,,,,,
"=HYPERLINK(""https://drive.google.com/drive/folders/1qdEN7z5-7SDomGc4ZGDb9T5v85CBsLhu"", ""02 - FEV - 26 / 19/02 - QUI"")",B6- REATIVAÇÃO CONTA MOTORISTA,LIV, ✔, ✔,,BOLETIM_RADIO_TJRN_19_02_2026_B6_REATIVACAO_CONTA_MOTORISTA,https://docs.google.com/document/d/1Vhq7Lx03pEO0rGeG3OXyg_A6-m_c9qE-OiAok_9paL0/edit?usp=drivesdk,2026-02-19,,,,,,,,,,,,,,,,,
"=HYPERLINK(""https://drive.google.com/drive/folders/1qdEN7z5-7SDomGc4ZGDb9T5v85CBsLhu"", ""02 - FEV - 26 / 19/02 - QUI"")",B5- JÚRI POPULAR TENTATIVA HOMICÍDIO,LIV, ✔, ✔,,BOLETIM_RADIO_TJRN_19_02_2026_B5_JURI_POPULAR_TENTATIVA_HOMICIDIO,https://docs.google.com/document/d/11ANhm6lzY2fgD6BkbzsKfBR5xGlKAONWyb56NMjFcxQ/edit?usp=drivesdk,2026-02-19,,,,,,,,,,,,,,,,,
"=HYPERLINK(""https://drive.google.com/drive/folders/1qdEN7z5-7SDomGc4ZGDb9T5v85CBsLhu"", ""02 - FEV - 26 / 19/02 - QUI"")",B4- ACIDENTE PARTICIPANTE PROJETO SOCIAL,LIV, ✔, ✔,,BOLETIM_RADIO_TJRN_19_02_2026_B4_ACIDENTE_PARTICIPANTE_PROJETO_SOCIAL,https://docs.google.com/document/d/14xwARIBoBigzGvXrpY6UFr4uW2EWWMBSXPmB73GYxB4/edit?usp=drivesdk,2026-02-19,,,,,,,,,,,,,,,,,
"=HYPERLINK(""https://drive.google.com/drive/folders/1qdEN7z5-7SDomGc4ZGDb9T5v85CBsLhu"", ""02 - FEV - 26 / 19/02 - QUI"")",B3- CONDENAÇÃO CANCELAMENTO RESERVA VIAGEM,LIV, ✔, ✔,,BOLETIM_RADIO_TJRN_19_02_2026_B3_CONDENACAO_CANCELAMENTO_RESERVA_VIAGEM,https://docs.google.com/document/d/17Z0Y_DRPCp9k3SyeVoEuAWwgsDlBD2eJbzOJnx6IDEM/edit?usp=drivesdk,2026-02-19,,,,,,,,,,,,,,,,,
"=HYPERLINK(""https://drive.google.com/drive/folders/1qdEN7z5-7SDomGc4ZGDb9T5v85CBsLhu"", ""02 - FEV - 26 / 19/02 - QUI"")",B2- TJRN SESSÃO ORDINÁRIA CANCELADA,LEO, ✔, ✔,,BOLETIM_RADIO_TJRN_19_02_2026_B2_TJRN_SESSAO_ORDINARIA_CANCELADA,https://docs.google.com/document/d/1RElM9HMjqlccuTN5vaBi42_D_GiGnoYKYDDOpgyfRPs/edit?usp=drivesdk,2026-02-12,,,,,,,,,,,,,,,,,
"=HYPERLINK(""https://drive.google.com/drive/folders/1qdEN7z5-7SDomGc4ZGDb9T5v85CBsLhu"", ""02 - FEV - 26 / 19/02 - QUI"")",B1- TJRN PLANO SAÚDE VALOR ,LEO, ✔, ✔,,BOLETIM_RADIO_TJRN_19_02_2026_B1_TJRN_PLANO_SAUDE_VALOR_,https://docs.google.com/document/d/1-JtJecK5cZCqR9sC0piIr2tOdCJEZBIJ0fMkBYv8Xjc/edit?usp=drivesdk,2026-02-12,,,,,,,,,,,,,,,,,
"=HYPERLINK(""https://drive.google.com/drive/folders/18Fa8meJq93D1QGXia3eQ3xKoRpARwKF-"", ""02 - FEV - 26 / 13/02 - SEX"")",B10- TJRN ACUSADOS INTEGRAR FACÇÃO ,LEO, ✔, ✔,,BOLETIM_RADIO_TJRN_13_02_2026_B10_TJRN_ACUSADOS_INTEGRAR_FACCAO_,https://docs.google.com/document/d/1_2kp9et08obJ-rdF5BwANsDo8KSprxV5jUliophz62w/edit?usp=drivesdk,2026-02-12,,,,,,,,,,,,,,,,,
"=HYPERLINK(""https://drive.google.com/drive/folders/18Fa8meJq93D1QGXia3eQ3xKoRpARwKF-"", ""02 - FEV - 26 / 13/02 - SEX"")",B9- TJRN REGRAS PARTICIPAÇÃO CRIANÇAS ,LEO, ✔, ✔,,BOLETIM_RADIO_TJRN_13_02_2026_B9_TJRN_REGRAS_PARTICIPACAO_CRIANCAS_,https://docs.google.com/document/d/1esga8AjAL32wvSmm4zqtPYn8BgjzqE_7SG1SfRwoH08/edit?usp=drivesdk,2026-02-12,,,,,,,,,,,,,,,,,
"=HYPERLINK(""https://drive.google.com/drive/folders/18Fa8meJq93D1QGXia3eQ3xKoRpARwKF-"", ""02 - FEV - 26 / 13/02 - SEX"")",B8- TJRN BRINQUE DIREITO CAMPANHA ,LEO, ✔, ✔,,BOLETIM_RADIO_TJRN_13_02_2026_B8_TJRN_BRINQUE_DIREITO_CAMPANHA_,https://docs.google.com/document/d/1ZjiGZ5CIaxxd0mJP0xN0rXCz6eIiA0vemOGqkYIyYmI/edit?usp=drivesdk,2026-02-12,,,,,,,,,,,,,,,,,
"=HYPERLINK(""https://drive.google.com/drive/folders/18Fa8meJq93D1QGXia3eQ3xKoRpARwKF-"", ""02 - FEV - 26 / 13/02 - SEX"")",B7 - CONTRATO VERBAL IMÓVEL,LET, ✔, ✔,,BOLETIM_RADIO_TJRN_13_02_2026_B7_CONTRATO_VERBAL_IMOVEL,https://docs.google.com/document/d/10LVQCITqts1VIGCws6ak9MFu5Vjms_xLzJQ-RwleUfY/edit?usp=drivesdk,2026-02-12,,,,,,,,,,,,,,,,,
"=HYPERLINK(""https://drive.google.com/drive/folders/18Fa8meJq93D1QGXia3eQ3xKoRpARwKF-"", ""02 - FEV - 26 / 13/02 - SEX"")",B6 - EXAMES RESSONÂNCIA TÓRAX,LET, ✔, ✔,,BOLETIM_RADIO_TJRN_13_02_2026_B6_EXAMES_RESSONANCIA_TORAX,https://docs.google.com/document/d/1djrR4k1tHsRc4RpFJmM_t8I1LK8Loux5EDqhM6bgjAA/edit?usp=drivesdk,2026-02-12,,,,,,,,,,,,,,,,,
"=HYPERLINK(""https://drive.google.com/drive/folders/18Fa8meJq93D1QGXia3eQ3xKoRpARwKF-"", ""02 - FEV - 26 / 13/02 - SEX"")",B5 - CANCELADA SESSÃO 3ª CÂMARA CÍVEL,LET, ✔, ✔,,BOLETIM_RADIO_TJRN_13_02_2026_B5_CANCELADA_SESSAO_3_CAMARA_CIVEL,https://docs.google.com/document/d/114AjHRovEpC0uB-ykvMmNKmpqSlEROBmC1I2gFkGJOE/edit?usp=drivesdk,2026-02-12,,,,,,,,,,,,,,,,,
"=HYPERLINK(""https://drive.google.com/drive/folders/18Fa8meJq93D1QGXia3eQ3xKoRpARwKF-"", ""02 - FEV - 26 / 13/02 - SEX"")",B4- TJRN JUIZ TOMA POSSE ,LEO, ✔, ✔,,BOLETIM_RADIO_TJRN_13_02_2026_B4_TJRN_JUIZ_TOMA_POSSE_,https://docs.google.com/document/d/1-Jv0Ich8BZM-W7qghHVtpGsGQ-l19aOQu7ax5QOfczw/edit?usp=drivesdk,2026-02-11,,,,,,,,,,,,,,,,,
"=HYPERLINK(""https://drive.google.com/drive/folders/18Fa8meJq93D1QGXia3eQ3xKoRpARwKF-"", ""02 - FEV - 26 / 13/02 - SEX"")",B3- TJRN CEARÁ-MIRIM SUSPENDE EXPEDIENTE ,LEO, ✔, ✔,,BOLETIM_RADIO_TJRN_13_02_2026_B3_TJRN_CEARA_MIRIM_SUSPENDE_EXPEDIENTE_,https://docs.google.com/document/d/1P_tdxYz6gXkEfF-wszd_M0L4KmKzWQMSeITCeW90L3o/edit?usp=drivesdk,2026-02-11,,,,,,,,,,,,,,,,,
"=HYPERLINK(""https://drive.google.com/drive/folders/18Fa8meJq93D1QGXia3eQ3xKoRpARwKF-"", ""02 - FEV - 26 / 13/02 - SEX"")",B2- TJRN COMARCA ALEXANDRIA SELEÇÃO INTERINOS,LEO, ✔, ✔,,BOLETIM_RADIO_TJRN_13_02_2026_B2_TJRN_COMARCA_ALEXANDRIA_SELECAO_INTERINOS,https://docs.google.com/document/d/19lkSDaCtrtwOWxApFZg4zLDhN9prPr5n7DWAqpo1IDw/edit?usp=drivesdk,2026-02-11,,,,,,,,,,,,,,,,,
"=HYPERLINK(""https://drive.google.com/drive/folders/18Fa8meJq93D1QGXia3eQ3xKoRpARwKF-"", ""02 - FEV - 26 / 13/02 - SEX"")",B1- TJRN CARRO DEFEITO APÓS COMPRA ,LEO, ✔, ✔,,BOLETIM_RADIO_TJRN_13_02_2026_B1_TJRN_CARRO_DEFEITO_APOS_COMPRA_,https://docs.google.com/document/d/1hIo1TQrPn7yU_LC7qRI2jzuMSsZEPNOL0ipUyeIeENY/edit?usp=drivesdk,2026-02-11,,,,,,,,,,,,,,,,,
"=HYPERLINK(""https://drive.google.com/drive/folders/1Zdgp1tA5a-pgyHKibrmqK2Uh9qCBt6nV"", ""02 - FEV - 26 / 12/02 - QUI"")",B10- ESMARN DIVULGADO PROJETOS DINTER,LEO, ✔, ✔,,BOLETIM_RADIO_TJRN_12_02_2026_B10_ESMARN_DIVULGADO_PROJETOS_DINTER,https://docs.google.com/document/d/1E00tUQpNcG5xIW8ErJ0EQRB303S9BUS6HcuivojDY5U/edit?usp=drivesdk,2026-02-11,,,,,,,,,,,,,,,,,
"=HYPERLINK(""https://drive.google.com/drive/folders/1Zdgp1tA5a-pgyHKibrmqK2Uh9qCBt6nV"", ""02 - FEV - 26 / 12/02 - QUI"")",B9- TRT-RN INAUGURA SALA CLIMATIZADAS,LEO, ✔, ✔,,BOLETIM_RADIO_TJRN_12_02_2026_B9_TRT_RN_INAUGURA_SALA_CLIMATIZADAS,https://docs.google.com/document/d/16xUjgF0Yso_QxERH91znUNgHhhWLqLOxC_5M1zQEFI0/edit?usp=drivesdk,2026-02-11,,,,,,,,,,,,,,,,,
"=HYPERLINK(""https://drive.google.com/drive/folders/1Zdgp1tA5a-pgyHKibrmqK2Uh9qCBt6nV"", ""02 - FEV - 26 / 12/02 - QUI"")",B8- MPRN RESTRIÇÃO RECIPIENTES VIDRO ,LEO, ✔, ✔,,BOLETIM_RADIO_TJRN_12_02_2026_B8_MPRN_RESTRICAO_RECIPIENTES_VIDRO_,https://docs.google.com/document/d/1YOZ0tEzTDmnJCatoCDr5mzE1JawLQpWEJGgKLQdb4AQ/edit?usp=drivesdk,2026-02-11,,,,,,,,,,,,,,,,,
"=HYPERLINK(""https://drive.google.com/drive/folders/1Zdgp1tA5a-pgyHKibrmqK2Uh9qCBt6nV"", ""02 - FEV - 26 / 12/02 - QUI"")",B7- TJRN JUSTIÇA CONDENA IDOSO MAUS-TRATOS,LEO, ✔, ✔,,BOLETIM_RADIO_TJRN_12_02_2026_B7_TJRN_JUSTICA_CONDENA_IDOSO_MAUS_TRATOS,https://docs.google.com/document/d/1-ZaFDYofHamVgFc31XiS3GN2eidIEDzE09--GxRxbtI/edit?usp=drivesdk,2026-02-11,,,,,,,,,,,,,,,,,
"=HYPERLINK(""https://drive.google.com/drive/folders/1Zdgp1tA5a-pgyHKibrmqK2Uh9qCBt6nV"", ""02 - FEV - 26 / 12/02 - QUI"")",B6- TJRN ACUSADA ESTELIONATOS ,LEO, ✔, ✔,,BOLETIM_RADIO_TJRN_12_02_2026_B6_TJRN_ACUSADA_ESTELIONATOS_,https://docs.google.com/document/d/13HDqxQa2GcTpHkFY8bniwdxIuxbzoHkqspT6Ydb5GgU/edit?usp=drivesdk,2026-02-11,,,,,,,,,,,,,,,,,
"=HYPERLINK(""https://drive.google.com/drive/folders/1Zdgp1tA5a-pgyHKibrmqK2Uh9qCBt6nV"", ""02 - FEV - 26 / 12/02 - QUI"")",B5- TJRN DECISÃO DEFINE INCIDÊNCIA JUROS ,LEO, ✔, ✔,,BOLETIM_RADIO_TJRN_12_02_2026_B5_TJRN_DECISAO_DEFINE_INCIDENCIA_JUROS_,https://docs.google.com/document/d/1qdu2fpkkgQfcHuRSVP6k9SbjkyjwH5SJdw4HeW7gX-4/edit?usp=drivesdk,2026-02-11,,,,,,,,,,,,,,,,,
"=HYPERLINK(""https://drive.google.com/drive/folders/1Zdgp1tA5a-pgyHKibrmqK2Uh9qCBt6nV"", ""02 - FEV - 26 / 12/02 - QUI"")",B4- TJRN PLANO COMPROVAR MENSALIDADE,LEO, ✔, ✔,,BOLETIM_RADIO_TJRN_12_02_2026_B4_TJRN_PLANO_COMPROVAR_MENSALIDADE,https://docs.google.com/document/d/1Bh6obgjjv2RAJqWDYjQm7MgXsz3vspO6PY2UP97H6nM/edit?usp=drivesdk,2026-02-11,,,,,,,,,,,,,,,,,
"=HYPERLINK(""https://drive.google.com/drive/folders/1Zdgp1tA5a-pgyHKibrmqK2Uh9qCBt6nV"", ""02 - FEV - 26 / 12/02 - QUI"")",B3- TJRN PLANO SAÚDE TRATAMENTO CRIANÇA ,LEO, ✔, ✔,,BOLETIM_RADIO_TJRN_12_02_2026_B3_TJRN_PLANO_SAUDE_TRATAMENTO_CRIANCA_,https://docs.google.com/document/d/1LtnKVpMD0wax9FHApUKyfq0co7ZlpZSGtAlA_EU9LaE/edit?usp=drivesdk,2026-02-11,,,,,,,,,,,,,,,,,
"=HYPERLINK(""https://drive.google.com/drive/folders/1Zdgp1tA5a-pgyHKibrmqK2Uh9qCBt6nV"", ""02 - FEV - 26 / 12/02 - QUI"")",B2- TJRN CÂMARAS PRODUTIVIDADE,LEO, ✔, ✔,,BOLETIM_RADIO_TJRN_12_02_2026_B2_TJRN_CAMARAS_PRODUTIVIDADE,https://docs.google.com/document/d/19CjCUABVDEGsdDln8_fSxAWBtkRqI6YByGtf84il8o4/edit?usp=drivesdk,2026-02-10,,,,,,,,,,,,,,,,,
"=HYPERLINK(""https://drive.google.com/drive/folders/1Zdgp1tA5a-pgyHKibrmqK2Uh9qCBt6nV"", ""02 - FEV - 26 / 12/02 - QUI"")",B1- TJRN RECOMENDAÇÃO CNJ,LEO, ✔, ✔,,BOLETIM_RADIO_TJRN_12_02_2026_B1_TJRN_RECOMENDACAO_CNJ,https://docs.google.com/document/d/1j_plf6PkyliVReCMPEeMsCAlE6WO8YR94G1QKBqWogw/edit?usp=drivesdk,2026-02-10,,,,,,,,,,,,,,,,,
"=HYPERLINK(""https://drive.google.com/drive/folders/1FRbumMrJYzC1_NpA0YuXlfed2A52mnJ3"", ""02 - FEV - 26 / 11/02- QUA"")",B10- TRT/RN CONCLUI EXPEDIÇÃO PRECATÓRIOS ,LEO, ✔, ✔,,BOLETIM_RADIO_TJRN_11_02_2026_B10_TRTRN_CONCLUI_EXPEDICAO_PRECATORIOS_,https://docs.google.com/document/d/1xHs8P0wYqbqpndMCrE3DVxVvTPuyz0ARl-E-MvvQLlU/edit?usp=drivesdk,2026-02-10,,,,,,,,,,,,,,,,,
"=HYPERLINK(""https://drive.google.com/drive/folders/1FRbumMrJYzC1_NpA0YuXlfed2A52mnJ3"", ""02 - FEV - 26 / 11/02- QUA"")",B9- ALRN GOVERNADORA LEITURA ANUAL  ,LEO, ✔, ✔,,BOLETIM_RADIO_TJRN_11_02_2026_B9_ALRN_GOVERNADORA_LEITURA_ANUAL_,https://docs.google.com/document/d/1LXtby6WoIf9pWRDa65QCpytoXO1MKkhVyjx2imFNtDY/edit?usp=drivesdk,2026-02-10,,,,,,,,,,,,,,,,,
"=HYPERLINK(""https://drive.google.com/drive/folders/1FRbumMrJYzC1_NpA0YuXlfed2A52mnJ3"", ""02 - FEV - 26 / 11/02- QUA"")",B8- MPRN CRIAÇÃO PROTOCOLO UNIDADES SOCIOEDUCATIVAS,LEO, ✔, ✔,,BOLETIM_RADIO_TJRN_11_02_2026_B8_MPRN_CRIACAO_PROTOCOLO_UNIDADES_SOCIOEDUCATIVAS,https://docs.google.com/document/d/1rIT7GDt1wH2jRwFt-jOVtXkCl-eTTqASEvmQb6qcQDU/edit?usp=drivesdk,2026-02-10,,,,,,,,,,,,,,,,,
"=HYPERLINK(""https://drive.google.com/drive/folders/1FRbumMrJYzC1_NpA0YuXlfed2A52mnJ3"", ""02 - FEV - 26 / 11/02- QUA"")",B7- TJRN DEFINIDAS REGRAS AREIA BRANCA ,LEO, ✔, ✔,,BOLETIM_RADIO_TJRN_11_02_2026_B7_TJRN_DEFINIDAS_REGRAS_AREIA_BRANCA_,https://docs.google.com/document/d/1sA18amjxFsTe3GKrd3GXdq3tAZmj1o2kwJK2hr7Z2lE/edit?usp=drivesdk,2026-02-10,,,,,,,,,,,,,,,,,
"=HYPERLINK(""https://drive.google.com/drive/folders/1FRbumMrJYzC1_NpA0YuXlfed2A52mnJ3"", ""02 - FEV - 26 / 11/02- QUA"")",B6- TJRN DETERMINA EXCLUSÃO CONTAS FALSAS,LEO, ✔, ✔,,BOLETIM_RADIO_TJRN_11_02_2026_B6_TJRN_DETERMINA_EXCLUSAO_CONTAS_FALSAS,https://docs.google.com/document/d/1D_DTs93uJ-e7AYejuOgyHAK8wXQpREGDtGW8C7oVJOo/edit?usp=drivesdk,2026-02-10,,,,,,,,,,,,,,,,,
"=HYPERLINK(""https://drive.google.com/drive/folders/1FRbumMrJYzC1_NpA0YuXlfed2A52mnJ3"", ""02 - FEV - 26 / 11/02- QUA"")",B5- TJRN SEGURADORA CONDENADA INDENIZAÇÃO ,LEO, ✔, ✔,,BOLETIM_RADIO_TJRN_11_02_2026_B5_TJRN_SEGURADORA_CONDENADA_INDENIZACAO_,https://docs.google.com/document/d/1MKf7ZfQ8SU5URerJ3BzwsY8FXlfTV02x213B5lEtJAU/edit?usp=drivesdk,2026-02-10,,,,,,,,,,,,,,,,,
"=HYPERLINK(""https://drive.google.com/drive/folders/1FRbumMrJYzC1_NpA0YuXlfed2A52mnJ3"", ""02 - FEV - 26 / 11/02- QUA"")",B4- TJRN ALMINO AFONSO SELEÇÃO ,LEO, ✔, ✔,,BOLETIM_RADIO_TJRN_11_02_2026_B4_TJRN_ALMINO_AFONSO_SELECAO_,https://docs.google.com/document/d/1LFtSX3ZAoI3-sJ9bNI9w6JiAkVjQ4MxFwtLKdlINgb4/edit?usp=drivesdk,2026-02-10,,,,,,,,,,,,,,,,,
"=HYPERLINK(""https://drive.google.com/drive/folders/1FRbumMrJYzC1_NpA0YuXlfed2A52mnJ3"", ""02 - FEV - 26 / 11/02- QUA"")",B3- TJRN PLANO SAÚDE MEDICAMENTOS,LEO, ✔, ✔,,BOLETIM_RADIO_TJRN_11_02_2026_B3_TJRN_PLANO_SAUDE_MEDICAMENTOS,https://docs.google.com/document/d/1B4Ar89zUXak_t7TWYVVSNFLUgvn4rhXJDm3idbJyOzc/edit?usp=drivesdk,2026-02-10,,,,,,,,,,,,,,,,,
"=HYPERLINK(""https://drive.google.com/drive/folders/1FRbumMrJYzC1_NpA0YuXlfed2A52mnJ3"", ""02 - FEV - 26 / 11/02- QUA"")",B2- TJRN MANTIDA PENA ACUSADO,LEO, ✔, ✔,,BOLETIM_RADIO_TJRN_11_02_2026_B2_TJRN_MANTIDA_PENA_ACUSADO,https://docs.google.com/document/d/1RW0prtmmBLpeXNAlRtSm026On4PyF6CpSGz1s-rytKE/edit?usp=drivesdk,2026-02-10,,,,,,,,,,,,,,,,,
"=HYPERLINK(""https://drive.google.com/drive/folders/1FRbumMrJYzC1_NpA0YuXlfed2A52mnJ3"", ""02 - FEV - 26 / 11/02- QUA"")",B1- TJRN REFORMA SENTENÇA PLATAFORMA,LEO, ✔, ✔,,BOLETIM_RADIO_TJRN_11_02_2026_B1_TJRN_REFORMA_SENTENCA_PLATAFORMA,https://docs.google.com/document/d/10ggttVQ5E2LWLzf4dVrdoiAsnoXH9elzX4aLtp0aNPU/edit?usp=drivesdk,2026-02-10,,,,,,,,,,,,,,,,,
"=HYPERLINK(""https://drive.google.com/drive/folders/1bsJjnrVWbeHpOmL07pQmH4nQGyPdEAbA"", ""02 - FEV - 26 / 10/02 - TER"")",B10- DPERN DECISÃO FAVORÁVEL PRESO CONDENAÇÃO ,LEO, ✔, ✔,,BOLETIM_RADIO_TJRN_10_02_2026_B10_DPERN_DECISAO_FAVORAVEL_PRESO_CONDENACAO_,https://docs.google.com/document/d/1Cx-PaQZKVnYf0rxiB1r61Lvf7Ok9toK5ABR1JMGg0tI/edit?usp=drivesdk,2026-02-09,,,,,,,,,,,,,,,,,
"=HYPERLINK(""https://drive.google.com/drive/folders/1bsJjnrVWbeHpOmL07pQmH4nQGyPdEAbA"", ""02 - FEV - 26 / 10/02 - TER"")",B9- TRT/RN JUSTIÇA RESTAURATIVA,LEO, ✔, ✔,,BOLETIM_RADIO_TJRN_10_02_2026_B9_TRTRN_JUSTICA_RESTAURATIVA,https://docs.google.com/document/d/1jXiotDDa86TbwdkVk49pZo3tZCKuJafrMP0jB9K1YgA/edit?usp=drivesdk,2026-02-09,,,,,,,,,,,,,,,,,
"=HYPERLINK(""https://drive.google.com/drive/folders/1bsJjnrVWbeHpOmL07pQmH4nQGyPdEAbA"", ""02 - FEV - 26 / 10/02 - TER"")",B8- OAB/RN CENSO DIFICULDADES JOVENS BRASIL,LEO, ✔, ✔,,BOLETIM_RADIO_TJRN_10_02_2026_B8_OABRN_CENSO_DIFICULDADES_JOVENS_BRASIL,https://docs.google.com/document/d/1zl_k4FvjBo7NzJJFdUugtjaw_IPs0sEzYi-qOhWqIF4/edit?usp=drivesdk,2026-02-09,,,,,,,,,,,,,,,,,
"=HYPERLINK(""https://drive.google.com/drive/folders/1bsJjnrVWbeHpOmL07pQmH4nQGyPdEAbA"", ""02 - FEV - 26 / 10/02 - TER"")",B7- TJRN ALERTA SOBRE SMS FALSO,LEO, ✔, ✔,,BOLETIM_RADIO_TJRN_10_02_2026_B7_TJRN_ALERTA_SOBRE_SMS_FALSO,https://docs.google.com/document/d/1kjkCDaFU9GoMEUp8LHNaeK97r-Qt0Pj-Fb7wq5yCrlY/edit?usp=drivesdk,2026-02-09,,,,,,,,,,,,,,,,,
"=HYPERLINK(""https://drive.google.com/drive/folders/1bsJjnrVWbeHpOmL07pQmH4nQGyPdEAbA"", ""02 - FEV - 26 / 10/02 - TER"")",B6- TJRN ORIENTA PARTICIPAÇÃO CRIANÇAS ,LEO, ✔, ✔,,BOLETIM_RADIO_TJRN_10_02_2026_B6_TJRN_ORIENTA_PARTICIPACAO_CRIANCAS_,https://docs.google.com/document/d/1YzxWpZh5R9nl4XYbzXbAj5t11KcLWxsHvxRySnHuG54/edit?usp=drivesdk,2026-02-09,,,,,,,,,,,,,,,,,
"=HYPERLINK(""https://drive.google.com/drive/folders/1bsJjnrVWbeHpOmL07pQmH4nQGyPdEAbA"", ""02 - FEV - 26 / 10/02 - TER"")",B5- TJRN COMARCA PORTALEGRE INSCRIÇÕES ,LEO, ✔, ✔,,BOLETIM_RADIO_TJRN_10_02_2026_B5_TJRN_COMARCA_PORTALEGRE_INSCRICOES_,https://docs.google.com/document/d/1a-QtfcvNPb3tAQOBtARcNdonzArRCFV_UiCFLhl2VUs/edit?usp=drivesdk,2026-02-09,,,,,,,,,,,,,,,,,
"=HYPERLINK(""https://drive.google.com/drive/folders/1bsJjnrVWbeHpOmL07pQmH4nQGyPdEAbA"", ""02 - FEV - 26 / 10/02 - TER"")",B4- TJRN REALIZA MUTIRÃO ,LEO, ✔, ✔,,BOLETIM_RADIO_TJRN_10_02_2026_B4_TJRN_REALIZA_MUTIRAO_,https://docs.google.com/document/d/11vKrxoE9iTPdXf5-JIN4pqADKP5iMbfJAHJbkNQhAIA/edit?usp=drivesdk,2026-02-09,,,,,,,,,,,,,,,,,
"=HYPERLINK(""https://drive.google.com/drive/folders/1bsJjnrVWbeHpOmL07pQmH4nQGyPdEAbA"", ""02 - FEV - 26 / 10/02 - TER"")",B3- TJRN CONSUMIDORA INDENIZADA INADIMPLENTES ,LEO, ✔, ✔,,BOLETIM_RADIO_TJRN_10_02_2026_B3_TJRN_CONSUMIDORA_INDENIZADA_INADIMPLENTES_,https://docs.google.com/document/d/16d5FZgg6AsUCWolD-bvB9V4I9jKVnKRx3Sr0FQaZ-94/edit?usp=drivesdk,2026-02-09,,,,,,,,,,,,,,,,,
"=HYPERLINK(""https://drive.google.com/drive/folders/1bsJjnrVWbeHpOmL07pQmH4nQGyPdEAbA"", ""02 - FEV - 26 / 10/02 - TER"")",B2- TJRN RISCO DESABAMENTO MURO NATAL,LEO, ✔, ✔,,BOLETIM_RADIO_TJRN_10_02_2026_B2_TJRN_RISCO_DESABAMENTO_MURO_NATAL,https://docs.google.com/document/d/1u0RbjeOinTi2VSI-rfOyQ4FkT5qgK1B8pcRj3UY4084/edit?usp=drivesdk,2026-02-09,,,,,,,,,,,,,,,,,
"=HYPERLINK(""https://drive.google.com/drive/folders/1bsJjnrVWbeHpOmL07pQmH4nQGyPdEAbA"", ""02 - FEV - 26 / 10/02 - TER"")",B1- TJRN CONDENA MUNICIPIO ALUGUEIS ATRASADOS ,LEO, ✔, ✔,,BOLETIM_RADIO_TJRN_10_02_2026_B1_TJRN_CONDENA_MUNICIPIO_ALUGUEIS_ATRASADOS_,https://docs.google.com/document/d/1F0_gggHOS9Fx09L1DJnYAUVziXfg0GR84pZEvfKzzlY/edit?usp=drivesdk,2026-02-09,,,,,,,,,,,,,,,,,
"=HYPERLINK(""https://drive.google.com/drive/folders/1p6pKV0hjFTzUviASz4VIDjZM8pKRHsPY"", ""02 - FEV - 26 / 09/02 - SEG"")",B10 - REMUNERAÇÃO PM CURSO FORMAÇÃO,LIV, ✔, ✔,,BOLETIM_RADIO_TJRN_09_02_2026_B10_REMUNERACAO_PM_CURSO_FORMACAO,https://docs.google.com/document/d/1r-wslch5LfGmDJTlyrOEWlnc-VUczIb82iGj6VNv1G8/edit?usp=drivesdk,2026-02-09,,,,,,,,,,,,,,,,,
"=HYPERLINK(""https://drive.google.com/drive/folders/1p6pKV0hjFTzUviASz4VIDjZM8pKRHsPY"", ""02 - FEV - 26 / 09/02 - SEG"")",B9 - AUSÊNCIA ANULAÇÃO SENTENÇA,LIV, ✔, ✔,,BOLETIM_RADIO_TJRN_09_02_2026_B9_AUSENCIA_ANULACAO_SENTENCA,https://docs.google.com/document/d/1UdVl8X0ybYeI7PcvFRjU689USJFhiHIv2EHzy--MaCw/edit?usp=drivesdk,2026-02-09,,,,,,,,,,,,,,,,,
"=HYPERLINK(""https://drive.google.com/drive/folders/1p6pKV0hjFTzUviASz4VIDjZM8pKRHsPY"", ""02 - FEV - 26 / 09/02 - SEG"")",B8 - INDENIZAÇÃO PACIENTE DEPRESSIVO,LIV, ✔, ✔,,BOLETIM_RADIO_TJRN_09_02_2026_B8_INDENIZACAO_PACIENTE_DEPRESSIVO,https://docs.google.com/document/d/1EIy_iCLi1kv-Aub68RnvJhiSPBQxOIz3naVi9OQUKzk/edit?usp=drivesdk,2026-02-09,,,,,,,,,,,,,,,,,
"=HYPERLINK(""https://drive.google.com/drive/folders/1p6pKV0hjFTzUviASz4VIDjZM8pKRHsPY"", ""02 - FEV - 26 / 09/02 - SEG"")",B7 - ESTÁGIO-PÓS MOSSORÓ DIREITO,LIV, ✔, ✔,,BOLETIM_RADIO_TJRN_09_02_2026_B7_ESTAGIO_POS_MOSSORO_DIREITO,https://docs.google.com/document/d/1Gd-Hm_EkHsXK14Zbm7c_mLH9kLnsR95vQeuLNcUlz3Q/edit?usp=drivesdk,2026-02-09,,,,,,,,,,,,,,,,,
"=HYPERLINK(""https://drive.google.com/drive/folders/1p6pKV0hjFTzUviASz4VIDjZM8pKRHsPY"", ""02 - FEV - 26 / 09/02 - SEG"")",B6 - COMITÊS MÊS CONSUMIDOR,LIV, ✔, ✔,,BOLETIM_RADIO_TJRN_09_02_2026_B6_COMITES_MES_CONSUMIDOR,https://docs.google.com/document/d/1abeiCfbc_h7ISb3eN2B8sh1DXvsTFAyi49lYb3lVwLA/edit?usp=drivesdk,2026-02-09,,,,,,,,,,,,,,,,,
"=HYPERLINK(""https://drive.google.com/drive/folders/1p6pKV0hjFTzUviASz4VIDjZM8pKRHsPY"", ""02 - FEV - 26 / 09/02 - SEG"")",B5 - RECUPERAÇÃO CANAL VÍDEOS,LIV, ✔, ✔,,BOLETIM_RADIO_TJRN_09_02_2026_B5_RECUPERACAO_CANAL_VIDEOS,https://docs.google.com/document/d/1zolpgI2JUnwa4NexLYu_rZbvpTQnlnNgvQN-x-pv3WA/edit?usp=drivesdk,2026-02-09,,,,,,,,,,,,,,,,,
"=HYPERLINK(""https://drive.google.com/drive/folders/1p6pKV0hjFTzUviASz4VIDjZM8pKRHsPY"", ""02 - FEV - 26 / 09/02 - SEG"")",B4 - RECUPERAÇÃO CANAL VÍDEOS,THI, ✔, ✔,,BOLETIM_RADIO_TJRN_09_02_2026_B4_RECUPERACAO_CANAL_VIDEOS,https://docs.google.com/document/d/193XBM1U3uMkASrKWHkGKMKYMJTStTyOb73ch_OIr4Tk/edit?usp=drivesdk,2026-02-06,,,,,,,,,,,,,,,,,
"=HYPERLINK(""https://drive.google.com/drive/folders/1p6pKV0hjFTzUviASz4VIDjZM8pKRHsPY"", ""02 - FEV - 26 / 09/02 - SEG"")",B3 - REGULARIZAÇÃO CUSTAS JUDICIAIS,THI, ✔, ✔,,BOLETIM_RADIO_TJRN_09_02_2026_B3_REGULARIZACAO_CUSTAS_JUDICIAIS,https://docs.google.com/document/d/1jrPY-wFtwWrsFtt-KBWtI356XfKOxZllBauvlAENUnQ/edit?usp=drivesdk,2026-02-06,,,,,,,,,,,,,,,,,
"=HYPERLINK(""https://drive.google.com/drive/folders/1p6pKV0hjFTzUviASz4VIDjZM8pKRHsPY"", ""02 - FEV - 26 / 09/02 - SEG"")",B2- MPRN COMBATE POLUIÇÃO SONORA ,LEO, ✔, ✔,,BOLETIM_RADIO_TJRN_09_02_2026_B2_MPRN_COMBATE_POLUICAO_SONORA_,https://docs.google.com/document/d/1WqKzbyXBTGmA01S1nEoVRSkIXEfb7-EJRr5UTVDqQSI/edit?usp=drivesdk,2026-02-05,,,,,,,,,,,,,,,,,
"=HYPERLINK(""https://drive.google.com/drive/folders/1p6pKV0hjFTzUviASz4VIDjZM8pKRHsPY"", ""02 - FEV - 26 / 09/02 - SEG"")",B1- TJRN BALANÇO AÇÕES EXECUTADAS,LEO, ✔, ✔,,BOLETIM_RADIO_TJRN_09_02_2026_B1_TJRN_BALANCO_ACOES_EXECUTADAS,https://docs.google.com/document/d/18BrTPnlDZnUCWrSvvHTDWU08YeXuE_Kip8fwQ6caJ1Q/edit?usp=drivesdk,2026-02-06,,,,,,,,,,,,,,,,,
"=HYPERLINK(""https://drive.google.com/drive/folders/1QXAgENWMlF1M633QNRAXxXgpnSL-LjHN"", ""02 - FEV - 26 / 06/02 - SEX"")",B10- TJRN EMPRESA TRANSPORTE CONDENADA,LEO, ✔, ✔,,BOLETIM_RADIO_TJRN_06_02_2026_B10_TJRN_EMPRESA_TRANSPORTE_CONDENADA,https://docs.google.com/document/d/1C_JomSM0bFG2ibSQlEiBqYX4YPEPboQc_46Y1AelGpk/edit?usp=drivesdk,2026-02-06,,,,,,,,,,,,,,,,,
"=HYPERLINK(""https://drive.google.com/drive/folders/1QXAgENWMlF1M633QNRAXxXgpnSL-LjHN"", ""02 - FEV - 26 / 06/02 - SEX"")",B9- TJRN CUSTO OBRAS ACESSIBILIDADE,LEO, ✔, ✔,,BOLETIM_RADIO_TJRN_06_02_2026_B9_TJRN_CUSTO_OBRAS_ACESSIBILIDADE,https://docs.google.com/document/d/1d8LunDoBBRN0BLmSOQ8USrfr6SQjz56OCqLuBdAOtIg/edit?usp=drivesdk,2026-02-06,,,,,,,,,,,,,,,,,
"=HYPERLINK(""https://drive.google.com/drive/folders/1QXAgENWMlF1M633QNRAXxXgpnSL-LjHN"", ""02 - FEV - 26 / 06/02 - SEX"")",B8- TJRN RECONHECE DESVIO FUNÇÃO ,LEO, ✔, ✔,,BOLETIM_RADIO_TJRN_06_02_2026_B8_TJRN_RECONHECE_DESVIO_FUNCAO_,https://docs.google.com/document/d/1te5UZ8MyC5Ao-CNdDpmT1rh51vZ1zo5C02IemJTKRNE/edit?usp=drivesdk,2026-02-06,,,,,,,,,,,,,,,,,
"=HYPERLINK(""https://drive.google.com/drive/folders/1QXAgENWMlF1M633QNRAXxXgpnSL-LjHN"", ""02 - FEV - 26 / 06/02 - SEX"")",B7- TJRN IDOSA CAPITALIZAÇÃO ,LEO, ✔, ✔,,BOLETIM_RADIO_TJRN_06_02_2026_B7_TJRN_IDOSA_CAPITALIZACAO_,https://docs.google.com/document/d/1FsQBw2I_Oe0ELrnZxgUANTVytCPpY3rp2CMVmj9WI2A/edit?usp=drivesdk,2026-02-06,,,,,,,,,,,,,,,,,
"=HYPERLINK(""https://drive.google.com/drive/folders/1QXAgENWMlF1M633QNRAXxXgpnSL-LjHN"", ""02 - FEV - 26 / 06/02 - SEX"")",B6- ESMARN CURSO INTELIGÊNCIA ARTIFICIAL ,LEO, ✔, ✔,,BOLETIM_RADIO_TJRN_06_02_2026_B6_ESMARN_CURSO_INTELIGENCIA_ARTIFICIAL_,https://docs.google.com/document/d/1P30d3xqHZccuWIpCb3tOkSPX5nJylZbvK9bWyL98qhs/edit?usp=drivesdk,2026-02-05,,,,,,,,,,,,,,,,,
"=HYPERLINK(""https://drive.google.com/drive/folders/1QXAgENWMlF1M633QNRAXxXgpnSL-LjHN"", ""02 - FEV - 26 / 06/02 - SEX"")",B5- CNJ INSCRIÇÕES CIENCIAS DE DADOS ,LEO, ✔, ✔,,BOLETIM_RADIO_TJRN_06_02_2026_B5_CNJ_INSCRICOES_CIENCIAS_DE_DADOS_,https://docs.google.com/document/d/1k9mpyRHAqrPMZFTCsbfDZYsgkTqVuOP2snlgV7MqJ3Y/edit?usp=drivesdk,2026-02-05,,,,,,,,,,,,,,,,,
"=HYPERLINK(""https://drive.google.com/drive/folders/1QXAgENWMlF1M633QNRAXxXgpnSL-LjHN"", ""02 - FEV - 26 / 06/02 - SEX"")",B4- TRT/RN DOA VEÍCULOS INSTITUTO CEGOS,LEO, ✔, ✔,,BOLETIM_RADIO_TJRN_06_02_2026_B4_TRTRN_DOA_VEICULOS_INSTITUTO_CEGOS,https://docs.google.com/document/d/1GontP7o5IVYI_kebOtf7xcf31enLFJvu4W9GuWjHrJU/edit?usp=drivesdk,2026-02-05,,,,,,,,,,,,,,,,,
"=HYPERLINK(""https://drive.google.com/drive/folders/1QXAgENWMlF1M633QNRAXxXgpnSL-LjHN"", ""02 - FEV - 26 / 06/02 - SEX"")",B3- DPERN CRIAÇÃO CARGOS APOIO ESCOLAR ,LEO, ✔, ✔,,BOLETIM_RADIO_TJRN_06_02_2026_B3_DPERN_CRIACAO_CARGOS_APOIO_ESCOLAR_,https://docs.google.com/document/d/1TlixFdtnszmjvf4wZHe_6yl1qggvWR1nEe5L8yENyM4/edit?usp=drivesdk,2026-02-05,,,,,,,,,,,,,,,,,
"=HYPERLINK(""https://drive.google.com/drive/folders/1QXAgENWMlF1M633QNRAXxXgpnSL-LjHN"", ""02 - FEV - 26 / 06/02 - SEX"")",B2- ALRN ABRE TRABALHOS LEGISLATIVO ,LEO, ✔, ✔,,BOLETIM_RADIO_TJRN_06_02_2026_B2_ALRN_ABRE_TRABALHOS_LEGISLATIVO_,https://docs.google.com/document/d/1sv9q_M75zMCeNrIGMW68syRoD2knXD6DRCdC6uCtNFI/edit?usp=drivesdk,2026-02-05,,,,,,,,,,,,,,,,,
"=HYPERLINK(""https://drive.google.com/drive/folders/1QXAgENWMlF1M633QNRAXxXgpnSL-LjHN"", ""02 - FEV - 26 / 06/02 - SEX"")",B1- MPRN CONDENAÇÃO EMPRESÁRIOS ,LEO, ✔, ✔,,BOLETIM_RADIO_TJRN_06_02_2026_B1_MPRN_CONDENACAO_EMPRESARIOS_,https://docs.google.com/document/d/1Nr8Zzttz-sPDLm1miRYSLNvKLjVuKu3rJ2u8hNTUe4Y/edit?usp=drivesdk,2026-02-05,,,,,,,,,,,,,,,,,
"=HYPERLINK(""https://drive.google.com/drive/folders/1A5nO2iKFb4MXuf_uDVs-nOGGrorSyPXe"", ""02 - FEV - 26 / 05/02 - QUI"")",B10 - AÇÃO NACIONAL CONTRA FEMINICÍDIO,LIV, ✔, ✔,,BOLETIM_RADIO_TJRN_05_02_2026_B10_ACAO_NACIONAL_CONTRA_FEMINICIDIO,https://docs.google.com/document/d/1qgEVMmFCnXJOoKnfRZhoYJbWIHBgE7_duP-lv3U-FPI/edit?usp=drivesdk,2026-02-05,,,,,,,,,,,,,,,,,
"=HYPERLINK(""https://drive.google.com/drive/folders/1A5nO2iKFb4MXuf_uDVs-nOGGrorSyPXe"", ""02 - FEV - 26 / 05/02 - QUI"")",B9 - SESSÃO EXTRAORDINÁRIA PRIMEIRA CÂMARA CÍVEL,THI, ✔, ✔,,BOLETIM_RADIO_TJRN_05_02_2026_B9_SESSAO_EXTRAORDINARIA_PRIMEIRA_CAMARA_CIVEL,https://docs.google.com/document/d/1e1sEguowTgyOIg1blVodfCLvd0B5vFiFR7fCAHUEehE/edit?usp=drivesdk,2026-02-05,,,,,,,,,,,,,,,,,
"=HYPERLINK(""https://drive.google.com/drive/folders/1A5nO2iKFb4MXuf_uDVs-nOGGrorSyPXe"", ""02 - FEV - 26 / 05/02 - QUI"")",B8- OAB/RN ALERTA GOLPE EXAME ORDEM,LEO, ✔, ✔,,BOLETIM_RADIO_TJRN_05_02_2026_B8_OABRN_ALERTA_GOLPE_EXAME_ORDEM,https://docs.google.com/document/d/1vv87B1LuruGAWyT-MoP0u4vxm2dq7Fg3HNni-uKs3Dg/edit?usp=drivesdk,2026-02-05,,,,,,,,,,,,,,,,,
"=HYPERLINK(""https://drive.google.com/drive/folders/1A5nO2iKFb4MXuf_uDVs-nOGGrorSyPXe"", ""02 - FEV - 26 / 05/02 - QUI"")",B7- TRT/RN BANCO DANOS MORAIS ADOECIMENTO MENTAL,LEO, ✔, ✔,,BOLETIM_RADIO_TJRN_05_02_2026_B7_TRTRN_BANCO_DANOS_MORAIS_ADOECIMENTO_MENTAL,https://docs.google.com/document/d/1rPxEO8Bl3hM8B6SBpc9ma_qvfDwFJNCSOqGWMfQcFyQ/edit?usp=drivesdk,2026-02-05,,,,,,,,,,,,,,,,,
"=HYPERLINK(""https://drive.google.com/drive/folders/1A5nO2iKFb4MXuf_uDVs-nOGGrorSyPXe"", ""02 - FEV - 26 / 05/02 - QUI"")",B6- TJRN CONDENA BANCO DIGITAL ,LEO, ✔, ✔,,BOLETIM_RADIO_TJRN_05_02_2026_B6_TJRN_CONDENA_BANCO_DIGITAL_,https://docs.google.com/document/d/1WqbTH7YxcalZuScXZapR7jpQk0qISq04yM4XwimvrvE/edit?usp=drivesdk,2026-02-05,,,,,,,,,,,,,,,,,
"=HYPERLINK(""https://drive.google.com/drive/folders/1A5nO2iKFb4MXuf_uDVs-nOGGrorSyPXe"", ""02 - FEV - 26 / 05/02 - QUI"")",B5- TJRN REDE SOCIAL CONTA PERFIL,LEO, ✔, ✔,,BOLETIM_RADIO_TJRN_05_02_2026_B5_TJRN_REDE_SOCIAL_CONTA_PERFIL,https://docs.google.com/document/d/15DIimpH4urd84qDogqLOxd0UC4IFoqvqdvFfHi7IdBk/edit?usp=drivesdk,2026-02-05,,,,,,,,,,,,,,,,,
"=HYPERLINK(""https://drive.google.com/drive/folders/1A5nO2iKFb4MXuf_uDVs-nOGGrorSyPXe"", ""02 - FEV - 26 / 05/02 - QUI"")",B4- TJRN HOMEM CONDENADO ROUBO ,LEO, ✔, ✔,,BOLETIM_RADIO_TJRN_05_02_2026_B4_TJRN_HOMEM_CONDENADO_ROUBO_,https://docs.google.com/document/d/1RyNeCR8afOgwiu6LrVIB1N3rBU1t0m-2YhiZD9toJUY/edit?usp=drivesdk,2026-02-05,,,,,,,,,,,,,,,,,
"=HYPERLINK(""https://drive.google.com/drive/folders/1A5nO2iKFb4MXuf_uDVs-nOGGrorSyPXe"", ""02 - FEV - 26 / 05/02 - QUI"")",B3- TJRN CONDENA EX-ASSESSORA IMPROBIDADE,LEO, ✔, ✔,,BOLETIM_RADIO_TJRN_05_02_2026_B3_TJRN_CONDENA_EX_ASSESSORA_IMPROBIDADE,https://docs.google.com/document/d/1EItCuJbG0UQmgh5rDRSloLFqMiJMbjfcfaOgRQxeBV8/edit?usp=drivesdk,2026-02-05,,,,,,,,,,,,,,,,,
"=HYPERLINK(""https://drive.google.com/drive/folders/1A5nO2iKFb4MXuf_uDVs-nOGGrorSyPXe"", ""02 - FEV - 26 / 05/02 - QUI"")",B2- TJRN MORADOR MOSSORÓ TRATAMENTO MÉDICO ,LEO, ✔, ✔,,BOLETIM_RADIO_TJRN_05_02_2026_B2_TJRN_MORADOR_MOSSORO_TRATAMENTO_MEDICO_,https://docs.google.com/document/d/11VkBdYXGG4S5okoGYvq1KRSfuCNU5x5lSIwfkRN1dmQ/edit?usp=drivesdk,2026-02-05,,,,,,,,,,,,,,,,,
"=HYPERLINK(""https://drive.google.com/drive/folders/1A5nO2iKFb4MXuf_uDVs-nOGGrorSyPXe"", ""02 - FEV - 26 / 05/02 - QUI"")",B1- TJRN INSTALAÇÃO MEDIDORES ENERGIA,LEO, ✔, ✔,,BOLETIM_RADIO_TJRN_05_02_2026_B1_TJRN_INSTALACAO_MEDIDORES_ENERGIA,https://docs.google.com/document/d/1jCnjpeiwwH-1fj3XXfl01LVuZeEGSC-b9fH8gEeq5pA/edit?usp=drivesdk,2026-02-05,,,,,,,,,,,,,,,,,
"=HYPERLINK(""https://drive.google.com/drive/folders/1sZcxcAUK56Y9kT4SVTm2URGIWHlRWVCg"", ""02 - FEV - 26 / 04/02 - QUA"")",B10- TJRN NOMEAÇÃO CANDIDATO CONCURSO ,LEO, ✔, ✔,,BOLETIM_RADIO_TJRN_04_02_2026_B10_TJRN_NOMEACAO_CANDIDATO_CONCURSO_,https://docs.google.com/document/d/1kcMew1ffFmI8Se3SEoXsFb4suDnLeGGze28sxrXWtek/edit?usp=drivesdk,2026-02-05,,,,,,,,,,,,,,,,,
"=HYPERLINK(""https://drive.google.com/drive/folders/1sZcxcAUK56Y9kT4SVTm2URGIWHlRWVCg"", ""02 - FEV - 26 / 04/02 - QUA"")",B9 - MUDANÇA HORÁRIO SEGUNDA CÂMARA,THI, ✔, ✔,,BOLETIM_RADIO_TJRN_04_02_2026_B9_MUDANCA_HORARIO_SEGUNDA_CAMARA,https://docs.google.com/document/d/1LxMirGujEtGPZd-kankE3fie3KpxBBkGB55gCOaZ7N8/edit?usp=drivesdk,2026-02-04,,,,,,,,,,,,,,,,,
"=HYPERLINK(""https://drive.google.com/drive/folders/1sZcxcAUK56Y9kT4SVTm2URGIWHlRWVCg"", ""02 - FEV - 26 / 04/02 - QUA"")",B8 - MEDICAMENTO ESCLEROSE PLANO SAÚDE,THI, ✔, ✔,,BOLETIM_RADIO_TJRN_04_02_2026_B8_MEDICAMENTO_ESCLEROSE_PLANO_SAUDE,https://docs.google.com/document/d/1mESVKKs04I3cXST76_5mr4N3O77o4Lz0ckF2_6yVTSI/edit?usp=drivesdk,2026-02-04,,,,,,,,,,,,,,,,,
"=HYPERLINK(""https://drive.google.com/drive/folders/1sZcxcAUK56Y9kT4SVTm2URGIWHlRWVCg"", ""02 - FEV - 26 / 04/02 - QUA"")",B7 - INDENIZAÇÃO EXTRAVIO BAGAGEM ASSÚ,THI, ✔, ✔,,BOLETIM_RADIO_TJRN_04_02_2026_B7_INDENIZACAO_EXTRAVIO_BAGAGEM_ASSU,https://docs.google.com/document/d/1u5Q4pM9OPnvpXsLMKTeZ94iriBzqlQHWAmTugLPyTCc/edit?usp=drivesdk,2026-02-04,,,,,,,,,,,,,,,,,
"=HYPERLINK(""https://drive.google.com/drive/folders/1sZcxcAUK56Y9kT4SVTm2URGIWHlRWVCg"", ""02 - FEV - 26 / 04/02 - QUA"")",B6 - CONDENAÇÃO BANCO GOLPE VEÍCULO,THI, ✔, ✔,,BOLETIM_RADIO_TJRN_04_02_2026_B6_CONDENACAO_BANCO_GOLPE_VEICULO,https://docs.google.com/document/d/1sDvutZj-xoDcnxmIVdRjS-2sh4FZP34W2W1clLtUecs/edit?usp=drivesdk,2026-02-04,,,,,,,,,,,,,,,,,
"=HYPERLINK(""https://drive.google.com/drive/folders/1sZcxcAUK56Y9kT4SVTm2URGIWHlRWVCg"", ""02 - FEV - 26 / 04/02 - QUA"")",B5 - CONDENAÇÃO ROUBO POLICIAL MACAÍBA,THI, ✔, ✔,,BOLETIM_RADIO_TJRN_04_02_2026_B5_CONDENACAO_ROUBO_POLICIAL_MACAIBA,https://docs.google.com/document/d/17AlCheonRnEa7RcYkig6x_uVxkBtWR53DJdJWU70n5w/edit?usp=drivesdk,2026-02-04,,,,,,,,,,,,,,,,,
"=HYPERLINK(""https://drive.google.com/drive/folders/1sZcxcAUK56Y9kT4SVTm2URGIWHlRWVCg"", ""02 - FEV - 26 / 04/02 - QUA"")",B4 - INDENIZAÇÃO MEDICAMENTOS COSERN,THI, ✔, ✔,,BOLETIM_RADIO_TJRN_04_02_2026_B4_INDENIZACAO_MEDICAMENTOS_COSERN,https://docs.google.com/document/d/1r-3ZRrhbHFJ3ZxDp5wrVdmwdSuN9Ob00PLOvmgkeWUU/edit?usp=drivesdk,2026-02-04,,,,,,,,,,,,,,,,,
"=HYPERLINK(""https://drive.google.com/drive/folders/1sZcxcAUK56Y9kT4SVTm2URGIWHlRWVCg"", ""02 - FEV - 26 / 04/02 - QUA"")",B3 - MANUAL DE GESTÃO PROCESSUAL,THI, ✔, ✔,,BOLETIM_RADIO_TJRN_04_02_2026_B3_MANUAL_DE_GESTAO_PROCESSUAL,https://docs.google.com/document/d/1eMKp3ZmDBD9Dv9DIydDsBzN7-Gbto3j6zwBq6UaBcnM/edit?usp=drivesdk,2026-02-04,,,,,,,,,,,,,,,,,
"=HYPERLINK(""https://drive.google.com/drive/folders/1sZcxcAUK56Y9kT4SVTm2URGIWHlRWVCg"", ""02 - FEV - 26 / 04/02 - QUA"")",B2 - DOAÇÃO LIVROS SISTEMA PRISIONAL,THI, ✔, ✔,,BOLETIM_RADIO_TJRN_04_02_2026_B2_DOACAO_LIVROS_SISTEMA_PRISIONAL,https://docs.google.com/document/d/1pW5y4LqMdDBf31V0lHkUTOuEgS5k5qtuWflPQbkEAtw/edit?usp=drivesdk,2026-02-04,,,,,,,,,,,,,,,,,
"=HYPERLINK(""https://drive.google.com/drive/folders/1sZcxcAUK56Y9kT4SVTm2URGIWHlRWVCg"", ""02 - FEV - 26 / 04/02 - QUA"")",B1 - CONVOCAÇÃO JUÍZES LEIGOS JUIZADOS,THI, ✔, ✔,,BOLETIM_RADIO_TJRN_04_02_2026_B1_CONVOCACAO_JUIZES_LEIGOS_JUIZADOS,https://docs.google.com/document/d/1jRt5Q8bHxNC42CwFxMUmTqY1099SHQVED9rnJyLWzhc/edit?usp=drivesdk,2026-02-04,,,,,,,,,,,,,,,,,
"=HYPERLINK(""https://drive.google.com/drive/folders/1q-G4Tyjml2E0y9lsJ13z_KEiBAB7HalX"", ""02 - FEV - 26 / 03/02 - TER"")",B10- TJRN REDE SOCIAL CONDENADA ,LEO, ✔, ✔,,BOLETIM_RADIO_TJRN_03_02_2026_B10_TJRN_REDE_SOCIAL_CONDENADA_,https://docs.google.com/document/d/17zIxiRAS6gwshHnvi3qtZpHzKPL_aE1u-URsk_PzGts/edit?usp=drivesdk,2026-02-03,,,,,,,,,,,,,,,,,
"=HYPERLINK(""https://drive.google.com/drive/folders/1q-G4Tyjml2E0y9lsJ13z_KEiBAB7HalX"", ""02 - FEV - 26 / 03/02 - TER"")",B9- TJRN COMARCA SÃO BENTO INTERINO ,LEO, ✔, ✔,,BOLETIM_RADIO_TJRN_03_02_2026_B9_TJRN_COMARCA_SAO_BENTO_INTERINO_,https://docs.google.com/document/d/1jrP_exqLKvs83ZcxkTBXLyHzsRV2QH9fBO2Kp10QMJM/edit?usp=drivesdk,2026-02-03,,,,,,,,,,,,,,,,,
"=HYPERLINK(""https://drive.google.com/drive/folders/1q-G4Tyjml2E0y9lsJ13z_KEiBAB7HalX"", ""02 - FEV - 26 / 03/02 - TER"")",B8- TJRN OPERADORA SAÚDE TRATAMENTO AUTISMO ,LEO, ✔, ✔,,BOLETIM_RADIO_TJRN_03_02_2026_B8_TJRN_OPERADORA_SAUDE_TRATAMENTO_AUTISMO_,https://docs.google.com/document/d/1A8gOzdPwqu9PhrkEl7X0EFixHgDi0_RHnQzyjOaptCU/edit?usp=drivesdk,2026-02-03,,,,,,,,,,,,,,,,,
"=HYPERLINK(""https://drive.google.com/drive/folders/1q-G4Tyjml2E0y9lsJ13z_KEiBAB7HalX"", ""02 - FEV - 26 / 03/02 - TER"")",B7- TJRN MANTÉM INDEFERIMENTO TRAILER MOSSORÓ ,LEO, ✔, ✔,,BOLETIM_RADIO_TJRN_03_02_2026_B7_TJRN_MANTEM_INDEFERIMENTO_TRAILER_MOSSORO_,https://docs.google.com/document/d/1HF31RciPcEIlf6UmNkpFauoF2wNUIRhHGwc47T4qhTI/edit?usp=drivesdk,2026-02-03,,,,,,,,,,,,,,,,,
"=HYPERLINK(""https://drive.google.com/drive/folders/1q-G4Tyjml2E0y9lsJ13z_KEiBAB7HalX"", ""02 - FEV - 26 / 03/02 - TER"")",B6- TJRN PASSAGEIRO INDENIZADO ,LEO, ✔, ✔,,BOLETIM_RADIO_TJRN_03_02_2026_B6_TJRN_PASSAGEIRO_INDENIZADO_,https://docs.google.com/document/d/1m0PJk7g5ZlntGaGBDltxqPUznyoBoEoOBC_4P0NE7E0/edit?usp=drivesdk,2026-02-03,,,,,,,,,,,,,,,,,
"=HYPERLINK(""https://drive.google.com/drive/folders/1q-G4Tyjml2E0y9lsJ13z_KEiBAB7HalX"", ""02 - FEV - 26 / 03/02 - TER"")",B5- TRE/RN CANAL RECEBIMENTO DENÚNCIAS ,LEO, ✔, ✔,,BOLETIM_RADIO_TJRN_03_02_2026_B5_TRERN_CANAL_RECEBIMENTO_DENUNCIAS_,https://docs.google.com/document/d/13-5rmYrF8-Q1bxJ5Hn-GH3-qIL1ASpOjF_DKOEtkONc/edit?usp=drivesdk,2026-02-02,,,,,,,,,,,,,,,,,
"=HYPERLINK(""https://drive.google.com/drive/folders/1q-G4Tyjml2E0y9lsJ13z_KEiBAB7HalX"", ""02 - FEV - 26 / 03/02 - TER"")",B4- TJRN COMARCA EXTREMOZ DEMANDAS JUDICIAIS ,LEO, ✔, ✔,,BOLETIM_RADIO_TJRN_03_02_2026_B4_TJRN_COMARCA_EXTREMOZ_DEMANDAS_JUDICIAIS_,https://docs.google.com/document/d/1QT2l27WkZzYk4HsHePCBrSNgN36kbnjQuazxFOrKcNg/edit?usp=drivesdk,2026-02-02,,,,,,,,,,,,,,,,,
"=HYPERLINK(""https://drive.google.com/drive/folders/1q-G4Tyjml2E0y9lsJ13z_KEiBAB7HalX"", ""02 - FEV - 26 / 03/02 - TER"")",B3- VARA CRIMINAL ESTÁGIO ,LEO, ✔, ✔,,BOLETIM_RADIO_TJRN_03_02_2026_B3_VARA_CRIMINAL_ESTAGIO_,https://docs.google.com/document/d/1VIpbFx3MRYIRDUWh7wnK_honzmAhROSDyodmPXp51jA/edit?usp=drivesdk,2026-02-02,,,,,,,,,,,,,,,,,
"=HYPERLINK(""https://drive.google.com/drive/folders/1q-G4Tyjml2E0y9lsJ13z_KEiBAB7HalX"", ""02 - FEV - 26 / 03/02 - TER"")",B2- TJRN IA ROTINAS PRESTAÇÃO JURISDICIONAL,LEO, ✔, ✔,,BOLETIM_RADIO_TJRN_03_02_2026_B2_TJRN_IA_ROTINAS_PRESTACAO_JURISDICIONAL,https://docs.google.com/document/d/10eWcbw6yTe1pO6PNbxSG2H_OGsNOdsdDkk5G4LGsUvU/edit?usp=drivesdk,2026-02-02,,,,,,,,,,,,,,,,,
"=HYPERLINK(""https://drive.google.com/drive/folders/1q-G4Tyjml2E0y9lsJ13z_KEiBAB7HalX"", ""02 - FEV - 26 / 03/02 - TER"")",B1- TJRN SUSPENDE LICITAÇÃO CANGUARETAMA ,LEO, ✔, ✔,,BOLETIM_RADIO_TJRN_03_02_2026_B1_TJRN_SUSPENDE_LICITACAO_CANGUARETAMA_,https://docs.google.com/document/d/19ZHU6xeCeJNb5Ol5snLGHiOBuSECcsIqwVvEjtlXB_s/edit?usp=drivesdk,2026-02-02,,,,,,,,,,,,,,,,,
"=HYPERLINK(""https://drive.google.com/drive/folders/1IbUGqlGokd0g6HZ7GmCKTQVEkn3HZKQQ"", ""02 - FEV - 26 / 02/02 - SEG"")",B10- DPERN PRAZO INSCRIÇÕES SUSTENTABILIDADE,LEO, ✔, ✔,,BOLETIM_RADIO_TJRN_02_02_2026_B10_DPERN_PRAZO_INSCRICOES_SUSTENTABILIDADE,https://docs.google.com/document/d/1bd3YyaJmxUzRcBufjJl5uIA6g-Su0PLYwroqNeD69dk/edit?usp=drivesdk,2026-02-02,,,,,,,,,,,,,,,,,
"=HYPERLINK(""https://drive.google.com/drive/folders/1IbUGqlGokd0g6HZ7GmCKTQVEkn3HZKQQ"", ""02 - FEV - 26 / 02/02 - SEG"")",B9- TRT/RN DESCARACTERIZA TRABALHO INTERMITENTE,LEO, ✔, ✔,,BOLETIM_RADIO_TJRN_02_02_2026_B9_TRTRN_DESCARACTERIZA_TRABALHO_INTERMITENTE,https://docs.google.com/document/d/1ooBE7t0AlbPYlw3ytOB1xTDr3lIz4bvBp4T0RZPgn5g/edit?usp=drivesdk,2026-02-02,,,,,,,,,,,,,,,,,
"=HYPERLINK(""https://drive.google.com/drive/folders/1IbUGqlGokd0g6HZ7GmCKTQVEkn3HZKQQ"", ""02 - FEV - 26 / 02/02 - SEG"")",B8- TJRN INCONSTITUCIONALIDADE LEI ENEM ,LEO, ✔, ✔,,BOLETIM_RADIO_TJRN_02_02_2026_B8_TJRN_INCONSTITUCIONALIDADE_LEI_ENEM_,https://docs.google.com/document/d/1MyvTdHfKlWYIK2giotJgKXmmbgl1UwnEj5q2IINftL4/edit?usp=drivesdk,2026-02-02,,,,,,,,,,,,,,,,,
"=HYPERLINK(""https://drive.google.com/drive/folders/1IbUGqlGokd0g6HZ7GmCKTQVEkn3HZKQQ"", ""02 - FEV - 26 / 02/02 - SEG"")",B7- TJRN ANULA PREGÃO CONSÓRCIO ,LEO, ✔, ✔,,BOLETIM_RADIO_TJRN_02_02_2026_B7_TJRN_ANULA_PREGAO_CONSORCIO_,https://docs.google.com/document/d/11LH3Ypinq4ncK1zuFP5l9hwBNf0IcIr0twqf8UML26A/edit?usp=drivesdk,2026-02-02,,,,,,,,,,,,,,,,,
"=HYPERLINK(""https://drive.google.com/drive/folders/1IbUGqlGokd0g6HZ7GmCKTQVEkn3HZKQQ"", ""02 - FEV - 26 / 02/02 - SEG"")",B6- TJRN CONDENA HOMEM MAUS-TRATOS,LEO, ✔, ✔,,BOLETIM_RADIO_TJRN_02_02_2026_B6_TJRN_CONDENA_HOMEM_MAUS_TRATOS,https://docs.google.com/document/d/1qzInxflayro18Ywy4BKDI7C6ZcFHRv5IxKPjBTi7V6k/edit?usp=drivesdk,2026-02-02,,,,,,,,,,,,,,,,,
"=HYPERLINK(""https://drive.google.com/drive/folders/1IbUGqlGokd0g6HZ7GmCKTQVEkn3HZKQQ"", ""02 - FEV - 26 / 02/02 - SEG"")",B5- TJRN ESTÁGIO GRUPO METAS,LEO, ✔, ✔,,BOLETIM_RADIO_TJRN_02_02_2026_B5_TJRN_ESTAGIO_GRUPO_METAS,https://docs.google.com/document/d/119-2VyQkba4rQH0XVNlk3OG9HL7nDB-CwKyt_CEkZfA/edit?usp=drivesdk,2026-02-02,,,,,,,,,,,,,,,,,
"=HYPERLINK(""https://drive.google.com/drive/folders/1IbUGqlGokd0g6HZ7GmCKTQVEkn3HZKQQ"", ""02 - FEV - 26 / 02/02 - SEG"")",B4- TJRN FABRICANTE REDE FARMACIA ,LEO, ✔, ✔,,BOLETIM_RADIO_TJRN_02_02_2026_B4_TJRN_FABRICANTE_REDE_FARMACIA_,https://docs.google.com/document/d/1AHheGwYOiT-q4FUnk1nMcJmyjTHHq0siIdyVS7L6IKU/edit?usp=drivesdk,2026-02-02,,,,,,,,,,,,,,,,,
"=HYPERLINK(""https://drive.google.com/drive/folders/1IbUGqlGokd0g6HZ7GmCKTQVEkn3HZKQQ"", ""02 - FEV - 26 / 02/02 - SEG"")",B3- TJRN AÇÕES PENITENCIÁRIA ALCAÇUZ ,LEO, ✔, ✔,,BOLETIM_RADIO_TJRN_02_02_2026_B3_TJRN_ACOES_PENITENCIARIA_ALCACUZ_,https://docs.google.com/document/d/17soFuxgx-56qUz71Tt12rGFqT7NW6lcPKbzNLvwINZA/edit?usp=drivesdk,2026-02-02,,,,,,,,,,,,,,,,,
"=HYPERLINK(""https://drive.google.com/drive/folders/1IbUGqlGokd0g6HZ7GmCKTQVEkn3HZKQQ"", ""02 - FEV - 26 / 02/02 - SEG"")",B2- TJRN CRESCIMENTO CAMARA CRIMINAL ,LEO, ✔, ✔,,BOLETIM_RADIO_TJRN_02_02_2026_B2_TJRN_CRESCIMENTO_CAMARA_CRIMINAL_,https://docs.google.com/document/d/1F819L7CjGiFRfxXQ31niYanedKhrH1jQv5ZtFwRxH3A/edit?usp=drivesdk,2026-02-02,,,,,,,,,,,,,,,,,
"=HYPERLINK(""https://drive.google.com/drive/folders/1IbUGqlGokd0g6HZ7GmCKTQVEkn3HZKQQ"", ""02 - FEV - 26 / 02/02 - SEG"")",B1- TJRN AÇÃO IMPROBIDADE SERVIDOR DETRAN,LEO, ✔, ✔,,BOLETIM_RADIO_TJRN_02_02_2026_B1_TJRN_ACAO_IMPROBIDADE_SERVIDOR_DETRAN,https://docs.google.com/document/d/1WhxSp7tIo0B-rNqJ8VOg7KDjcpfK9iiOWezCkxAHJ4k/edit?usp=drivesdk,2026-02-02,,,,,,,,,,,,,,,,,
Última sincronização: 08/06/2026 14:14 • Sistema Rádio Web 2026,,,,,,,,,,,,,,,,,,,,,,,,,
