"=HYPERLINK(""https://drive.google.com/drive/folders/1yK5OR8GedS48FdzCqDM4-8rjzWlMaAj4"", ""06 - JUN - 26 / 17/06 - QUA"")",B3- NEGADA COBRANÇA RETROATIVA DE ABONO SALARIAL,LET,THI ✔,THI ✔,,BOLETIM_RADIO_TJRN_17_06_2026_B3_NEGADA_COBRANCA_RETROATIVA_DE_ABONO_SALARIAL,https://docs.google.com/document/d/1D7Zk5XIZFNrix0Ewq7rIqY5bBIFv0MtAGBD_7B9Hal0/edit?usp=drivesdk,2026-11-06 00:00:00
"=HYPERLINK(""https://drive.google.com/drive/folders/1yK5OR8GedS48FdzCqDM4-8rjzWlMaAj4"", ""06 - JUN - 26 / 17/06 - QUA"")",B2- PRISÃO POR QUANTIDADE DE ENTORPECENTES,LET,THI ✔,THI ✔,,BOLETIM_RADIO_TJRN_17_06_2026_B2_PRISAO_POR_QUANTIDADE_DE_ENTORPECENTES,https://docs.google.com/document/d/1Xi-v4z4vulrckziZX431qT1ArznNetBJt7IgiZ0vfs8/edit?usp=drivesdk,2026-11-06 00:00:00
"=HYPERLINK(""https://drive.google.com/drive/folders/1yK5OR8GedS48FdzCqDM4-8rjzWlMaAj4"", ""06 - JUN - 26 / 17/06 - QUA"")",B1- RESTITUIÇÃO POR FALHA EM CANCELAMENTO,LET,THI ✔,THI ✔,,BOLETIM_RADIO_TJRN_17_06_2026_B1_RESTITUICAO_POR_FALHA_EM_CANCELAMENTO,https://docs.google.com/document/d/1RjsFeGKCOjAKvRyivwcyDov4NCvH-0IAE52USBfJaAM/edit?usp=drivesdk,2026-11-06 00:00:00
"=HYPERLINK(""https://drive.google.com/drive/folders/1NhRA1DH43Bvk9NPmjEGxYOqtgKjsJ_ZD"", ""06 - JUN - 26 / 16/06 - TER"")",B3- SUSPENSÃO REDE SOCIAL INDENIZAÇÃO,LET,THI ✔,THI ✔,,BOLETIM_RADIO_TJRN_16_06_2026_B3_SUSPENSAO_REDE_SOCIAL_INDENIZACAO,https://docs.google.com/document/d/14nhsKkzzOxIsjeh7VnW7yPakEM6mBAh9W7iwWlDvzv8/edit?usp=drivesdk,2026-11-06 00:00:00
"=HYPERLINK(""https://drive.google.com/drive/folders/1NhRA1DH43Bvk9NPmjEGxYOqtgKjsJ_ZD"", ""06 - JUN - 26 / 16/06 - TER"")",B2- PEDIDO DE PRIORIDADE PRECATÓRIOS,LET,THI ✔,THI ✔,,BOLETIM_RADIO_TJRN_16_06_2026_B2_PEDIDO_DE_PRIORIDADE_PRECATORIOS,https://docs.google.com/document/d/14KqSPdMNOPibkbpO1w3McXzxy7JuxdZ3RC5Ph7lE7sc/edit?usp=drivesdk,2026-11-06 00:00:00
"=HYPERLINK(""https://drive.google.com/drive/folders/1NhRA1DH43Bvk9NPmjEGxYOqtgKjsJ_ZD"", ""06 - JUN - 26 / 16/06 - TER"")",B1- VISITA SOCIAL APENADO,LET,THI ✔,THI ✔,,BOLETIM_RADIO_TJRN_16_06_2026_B1_VISITA_SOCIAL_APENADO,https://docs.google.com/document/d/1eU6ZfuAR2LO5dMNppTxTZsM5xCeU2C9BVDxLQ8RieDg/edit?usp=drivesdk,2026-11-06 00:00:00
"=HYPERLINK(""https://drive.google.com/drive/folders/1IwcSYndpHoZpt0ig_ZOKL52_HNHeblsW"", ""06 - JUN - 26 / 15/06 - SEG"")",B11- HOMEM CONDENADO POR DIFAMAR TIA,LET,THI ✔,THI ✔,,BOLETIM_RADIO_TJRN_15_06_2026_B11_HOMEM_CONDENADO_POR_DIFAMAR_TIA,https://docs.google.com/document/d/1i93qzixqy8AlmlcHf0403zXOzz1KPpojOBklygdZG9M/edit?usp=drivesdk,2026-11-06 00:00:00
"=HYPERLINK(""https://drive.google.com/drive/folders/1IwcSYndpHoZpt0ig_ZOKL52_HNHeblsW"", ""06 - JUN - 26 / 15/06 - SEG"")",B10- OFÍCIO ÚNICO FERNANDO PEDROZA,LET,THI ✔,THI ✔,,BOLETIM_RADIO_TJRN_15_06_2026_B10_OFICIO_UNICO_FERNANDO_PEDROZA,https://docs.google.com/document/d/1LQBEmyK0xlNIohDHqsBZNGE_BEbZ3LFJ9PQBf_966Eo/edit?usp=drivesdk,2026-11-06 00:00:00
"=HYPERLINK(""https://drive.google.com/drive/folders/1IwcSYndpHoZpt0ig_ZOKL52_HNHeblsW"", ""06 - JUN - 26 / 15/06 - SEG"")",B9- EMPRESA DEVE REEMBOLSAR PASSAGENS,LET,THI ✔,THI ✔,,BOLETIM_RADIO_TJRN_15_06_2026_B9_EMPRESA_DEVE_REEMBOLSAR_PASSAGENS,https://docs.google.com/document/d/15bzvgxA4Owf8HeYgZnDCDkTdl_QPAMunWnXhIEEYQis/edit?usp=drivesdk,2026-11-06 00:00:00
"=HYPERLINK(""https://drive.google.com/drive/folders/1IwcSYndpHoZpt0ig_ZOKL52_HNHeblsW"", ""06 - JUN - 26 / 15/06 - SEG"")",B8- CONSTRUTORAS CONDENADAS EM MOSSORÓ,LET,THI ✔,THI ✔,,BOLETIM_RADIO_TJRN_15_06_2026_B8_CONSTRUTORAS_CONDENADAS_EM_MOSSORO,https://docs.google.com/document/d/1wpJ6Oi6xkIfVDfJdYSKDLJUEMCer0hw-t9tpTweePiA/edit?usp=drivesdk,2026-11-06 00:00:00
"=HYPERLINK(""https://drive.google.com/drive/folders/1IwcSYndpHoZpt0ig_ZOKL52_HNHeblsW"", ""06 - JUN - 26 / 15/06 - SEG"")",B7- ESTÁGIO VARA CÍVEL MOSSORÓ,LET,THI ✔,THI ✔,,BOLETIM_RADIO_TJRN_15_06_2026_B7_ESTAGIO_VARA_CIVEL_MOSSORO,https://docs.google.com/document/d/1NCbp75Z7GWUnjcrmpDjADXBpGMni4uHb3vaGb9S7_os/edit?usp=drivesdk,2026-11-06 00:00:00
"=HYPERLINK(""https://drive.google.com/drive/folders/1IwcSYndpHoZpt0ig_ZOKL52_HNHeblsW"", ""06 - JUN - 26 / 15/06 - SEG"")",B6- COSERN CONDENADA POR DANOS MORAIS,LET,THI ✔,THI ✔,,BOLETIM_RADIO_TJRN_15_06_2026_B6_COSERN_CONDENADA_POR_DANOS_MORAIS,https://docs.google.com/document/d/1VYa65-gMKIs-uNJ3-h-EeM4WDHVaMgYbnMN0ozgbwFQ/edit?usp=drivesdk,2026-11-06 00:00:00
"=HYPERLINK(""https://drive.google.com/drive/folders/1IwcSYndpHoZpt0ig_ZOKL52_HNHeblsW"", ""06 - JUN - 26 / 15/06 - SEG"")",B5- CASAL CONDENADO POR AGRESSÃO,LET,THI ✔,THI ✔,,BOLETIM_RADIO_TJRN_15_06_2026_B5_CASAL_CONDENADO_POR_AGRESSAO,https://docs.google.com/document/d/1MF5sW11gl-Pqa2nGuALZ_EYOaDSNn8VQqad_pr3xdhw/edit?usp=drivesdk,2026-11-06 00:00:00
"=HYPERLINK(""https://drive.google.com/drive/folders/1IwcSYndpHoZpt0ig_ZOKL52_HNHeblsW"", ""06 - JUN - 26 / 15/06 - SEG"")",B4- DESCONTOS INDEVIDOS APOSENTADA,LET,THI ✔,THI ✔,,BOLETIM_RADIO_TJRN_15_06_2026_B4_DESCONTOS_INDEVIDOS_APOSENTADA,https://docs.google.com/document/d/1Jfo-r2mNZlkgyHpc6lZlzFcCoTqavAbYn9hN61C_eas/edit?usp=drivesdk,2026-11-06 00:00:00
"=HYPERLINK(""https://drive.google.com/drive/folders/1IwcSYndpHoZpt0ig_ZOKL52_HNHeblsW"", ""06 - JUN - 26 / 15/06 - SEG"")",B3- PENAS PECUNIÁRIAS DE ACARI,LET,THI ✔,THI ✔,,BOLETIM_RADIO_TJRN_15_06_2026_B3_PENAS_PECUNIARIAS_DE_ACARI,https://docs.google.com/document/d/1Ax-gIcmScB8JkDLI63oSp_dGj_jr2ckn4LRApkz7iYw/edit?usp=drivesdk,2026-11-06 00:00:00
"=HYPERLINK(""https://drive.google.com/drive/folders/1IwcSYndpHoZpt0ig_ZOKL52_HNHeblsW"", ""06 - JUN - 26 / 15/06 - SEG"")",B2- MUNICÍPIO CONDENADO POR BLOQUEIO,LET,THI ✔,THI ✔,,BOLETIM_RADIO_TJRN_15_06_2026_B2_MUNICIPIO_CONDENADO_POR_BLOQUEIO,https://docs.google.com/document/d/1ZTdJFQf9trX_2jNPcUj_pMtTQWRfbstudFVpTG-e-l8/edit?usp=drivesdk,2026-11-06 00:00:00
"=HYPERLINK(""https://drive.google.com/drive/folders/1IwcSYndpHoZpt0ig_ZOKL52_HNHeblsW"", ""06 - JUN - 26 / 15/06 - SEG"")",B1- MOTORISTA CONDENADA POR QUEDA,LET,THI ✔,THI ✔,,BOLETIM_RADIO_TJRN_15_06_2026_B1_MOTORISTA_CONDENADA_POR_QUEDA,https://docs.google.com/document/d/1174YH0KkwJHUMDYiYIvVPMFzjv_BHjZu-l5R99sOem0/edit?usp=drivesdk,2026-11-06 00:00:00
"=HYPERLINK(""https://drive.google.com/drive/folders/10BC5ayu2RBAZv5Uh9rW2NIUjiChsrS3c"", ""06 - JUN - 26 / 12/06 - SEX"")",B11- TRT/RN ELETRICISTA ACIDENTADO ,LEO,THI ✔,THI ✔,,BOLETIM_RADIO_TJRN_12_06_2026_B11_TRTRN_ELETRICISTA_ACIDENTADO_,https://docs.google.com/document/d/1T61ulSR5BvHLp5pK8BdKMnr3MgSp4K1akZ4sC0a0udg/edit?usp=drivesdk,2026-11-06 00:00:00
"=HYPERLINK(""https://drive.google.com/drive/folders/10BC5ayu2RBAZv5Uh9rW2NIUjiChsrS3c"", ""06 - JUN - 26 / 12/06 - SEX"")",B10 - TRT-RN VISITA CAIXA ECONÔMICA ,LEO,THI ✔,THI ✔,,BOLETIM_RADIO_TJRN_12_06_2026_B10_TRT_RN_VISITA_CAIXA_ECONOMICA_,https://docs.google.com/document/d/1NpdedQ1b73MpPHavce-sz3vl9NEndLNniq4kwq3W_c4/edit?usp=drivesdk,2026-11-06 00:00:00
"=HYPERLINK(""https://drive.google.com/drive/folders/10BC5ayu2RBAZv5Uh9rW2NIUjiChsrS3c"", ""06 - JUN - 26 / 12/06 - SEX"")",B9- MPRN OBTEM CONDENAÇÃO HOMEM 21 ANOS ,LEO,THI ✔,THI ✔,,BOLETIM_RADIO_TJRN_12_06_2026_B9_MPRN_OBTEM_CONDENACAO_HOMEM_21_ANOS_,https://docs.google.com/document/d/1CtPEsCHj0_7fY6Aw4WVXgUQO28CnGnzIDK51nCTPXwQ/edit?usp=drivesdk,2026-11-06 00:00:00
"=HYPERLINK(""https://drive.google.com/drive/folders/10BC5ayu2RBAZv5Uh9rW2NIUjiChsrS3c"", ""06 - JUN - 26 / 12/06 - SEX"")",B8- TJRN CONSUMIDORA INDENIZADA PROMESSAS FALSAS,LEO,THI ✔,THI ✔,,BOLETIM_RADIO_TJRN_12_06_2026_B8_TJRN_CONSUMIDORA_INDENIZADA_PROMESSAS_FALSAS,https://docs.google.com/document/d/1E2WV62dab59o-px42O-NfHJKkV--3quViWRE5Ianews/edit?usp=drivesdk,2026-11-06 00:00:00
"=HYPERLINK(""https://drive.google.com/drive/folders/10BC5ayu2RBAZv5Uh9rW2NIUjiChsrS3c"", ""06 - JUN - 26 / 12/06 - SEX"")",B7- TJRN ATENDIMENTO DOMICILIAR IDOSO ALZHEIMER,LEO,THI ✔,THI ✔,,BOLETIM_RADIO_TJRN_12_06_2026_B7_TJRN_ATENDIMENTO_DOMICILIAR_IDOSO_ALZHEIMER,https://docs.google.com/document/d/1GWQgh9jfe9pJAnMynGNnt88p66JBg6kFG2a8hmUarD8/edit?usp=drivesdk,2026-11-06 00:00:00
"=HYPERLINK(""https://drive.google.com/drive/folders/10BC5ayu2RBAZv5Uh9rW2NIUjiChsrS3c"", ""06 - JUN - 26 / 12/06 - SEX"")",B6- TJRN REVOGADA PROGRESSÃO DE REGIME ,LEO,THI ✔,THI ✔,,BOLETIM_RADIO_TJRN_12_06_2026_B6_TJRN_REVOGADA_PROGRESSAO_DE_REGIME_,https://docs.google.com/document/d/1FaIMLL57okEPKSrHKBrZsuYSYy3AzmYT95F_0mJANNg/edit?usp=drivesdk,2026-11-06 00:00:00
"=HYPERLINK(""https://drive.google.com/drive/folders/10BC5ayu2RBAZv5Uh9rW2NIUjiChsrS3c"", ""06 - JUN - 26 / 12/06 - SEX"")",B5- TJRN PLANO SAÚDE OBRIGADO CUSTER TERAPIAS,LEO,THI ✔,THI ✔,,BOLETIM_RADIO_TJRN_12_06_2026_B5_TJRN_PLANO_SAUDE_OBRIGADO_CUSTER_TERAPIAS,https://docs.google.com/document/d/1XTeCamvaQAITXDZ9rSZOyQiIFyzoKfWkW0JcUwXMvkM/edit?usp=drivesdk,2026-11-06 00:00:00
"=HYPERLINK(""https://drive.google.com/drive/folders/10BC5ayu2RBAZv5Uh9rW2NIUjiChsrS3c"", ""06 - JUN - 26 / 12/06 - SEX"")",B4- TJRN VISITA AÉREA CONFLITO 15 ANOS,LEO,THI ✔,THI ✔,,BOLETIM_RADIO_TJRN_12_06_2026_B4_TJRN_VISITA_AEREA_CONFLITO_15_ANOS,https://docs.google.com/document/d/1p3PtyAsssJaQWB63-wvBuZE6ju7BIm36fIgqYQ3NQ-Y/edit?usp=drivesdk,2026-11-06 00:00:00
"=HYPERLINK(""https://drive.google.com/drive/folders/10BC5ayu2RBAZv5Uh9rW2NIUjiChsrS3c"", ""06 - JUN - 26 / 12/06 - SEX"")",B3- TJRN VARA EXECUÇÃO FISCAL RESULTADO ,LEO,THI ✔,THI ✔,,BOLETIM_RADIO_TJRN_12_06_2026_B3_TJRN_VARA_EXECUCAO_FISCAL_RESULTADO_,https://docs.google.com/document/d/1VdxmY6WhVzs-3XzdOhiLuWfYasSaJGJFxaWs0Zw-6ac/edit?usp=drivesdk,2026-10-06 00:00:00
"=HYPERLINK(""https://drive.google.com/drive/folders/10BC5ayu2RBAZv5Uh9rW2NIUjiChsrS3c"", ""06 - JUN - 26 / 12/06 - SEX"")",B2- TJRN COMARCA ASSÚ INTERINO,LEO,THI ✔,THI ✔,,BOLETIM_RADIO_TJRN_12_06_2026_B2_TJRN_COMARCA_ASSU_INTERINO,https://docs.google.com/document/d/1LSN6_NYnv_ZoLOLO0_01cNldMK5WbRm12W53PT2ne_k/edit?usp=drivesdk,2026-10-06 00:00:00
"=HYPERLINK(""https://drive.google.com/drive/folders/10BC5ayu2RBAZv5Uh9rW2NIUjiChsrS3c"", ""06 - JUN - 26 / 12/06 - SEX"")",B1- TJRN COMISSÃO VISITA TÉCNICA PEDRA GRANDE,LEO,THI ✔,THI ✔,,BOLETIM_RADIO_TJRN_12_06_2026_B1_TJRN_COMISSAO_VISITA_TECNICA_PEDRA_GRANDE,https://docs.google.com/document/d/1-twpewrqfADeoVzLNfR7YAXB1-m6IN5YdytWxaqmmqQ/edit?usp=drivesdk,2026-10-06 00:00:00
"=HYPERLINK(""https://drive.google.com/drive/folders/1q-MH5q-EWKNCQpFQMK44xFO4tb_SIuQ3"", ""06 - JUN - 26 / 11/06 - QUI"")",B11- OAB/RN INAUGURAÇÃO SALA CURRAIS NOVOS ,LEO,THI ✔,THI ✔,,BOLETIM_RADIO_TJRN_11_06_2026_B11_OABRN_INAUGURACAO_SALA_CURRAIS_NOVOS_,https://docs.google.com/document/d/1zoo6V1TZhAm0xeTsxh2efvbf3S0J_wu9SwlFgro5iM8/edit?usp=drivesdk,2026-10-06 00:00:00
"=HYPERLINK(""https://drive.google.com/drive/folders/1q-MH5q-EWKNCQpFQMK44xFO4tb_SIuQ3"", ""06 - JUN - 26 / 11/06 - QUI"")",B10- DPERN GARANTE DIREITOS CRIANÇA ,LEO,THI ✔,THI ✔,,BOLETIM_RADIO_TJRN_11_06_2026_B10_DPERN_GARANTE_DIREITOS_CRIANCA_,https://docs.google.com/document/d/15ho3J6SAlJUyRLVm6wROJyJtHLtD-GYzHuAdzf5kdAA/edit?usp=drivesdk,2026-10-06 00:00:00
"=HYPERLINK(""https://drive.google.com/drive/folders/1q-MH5q-EWKNCQpFQMK44xFO4tb_SIuQ3"", ""06 - JUN - 26 / 11/06 - QUI"")",B9- TJRN CONDENA DUPLA POR ROUBO,LEO,THI ✔,THI ✔,,BOLETIM_RADIO_TJRN_11_06_2026_B9_TJRN_CONDENA_DUPLA_POR_ROUBO,https://docs.google.com/document/d/1IY0bnPbq-uQtT-aDaTONJXEDT6_NaGH-OhV1_1JUS5g/edit?usp=drivesdk,2026-10-06 00:00:00
"=HYPERLINK(""https://drive.google.com/drive/folders/1q-MH5q-EWKNCQpFQMK44xFO4tb_SIuQ3"", ""06 - JUN - 26 / 11/06 - QUI"")",B8- ESMARN RETIFICAÇÃO EDITAL,LEO,THI ✔,THI ✔,,BOLETIM_RADIO_TJRN_11_06_2026_B8_ESMARN_RETIFICACAO_EDITAL,https://docs.google.com/document/d/1Tvo2phHZSq3wjevqyD2tS7fqUR4eCN86ay5UYGRjIQk/edit?usp=drivesdk,2026-10-06 00:00:00
"=HYPERLINK(""https://drive.google.com/drive/folders/1q-MH5q-EWKNCQpFQMK44xFO4tb_SIuQ3"", ""06 - JUN - 26 / 11/06 - QUI"")",B7- TJRN AUDIÊNCIA PÚBLICA NACIONAL,LEO,THI ✔,THI ✔,,BOLETIM_RADIO_TJRN_11_06_2026_B7_TJRN_AUDIENCIA_PUBLICA_NACIONAL,https://docs.google.com/document/d/1F85CKZLNQAeIkq8tbYHQZl0USrnfs98DHVjX0DUzQFw/edit?usp=drivesdk,2026-10-06 00:00:00
"=HYPERLINK(""https://drive.google.com/drive/folders/1q-MH5q-EWKNCQpFQMK44xFO4tb_SIuQ3"", ""06 - JUN - 26 / 11/06 - QUI"")",B6- TJRN DETERMINA EMPRESA RESTITUIÇÃO ,LEO,THI ✔,THI ✔,,BOLETIM_RADIO_TJRN_11_06_2026_B6_TJRN_DETERMINA_EMPRESA_RESTITUICAO_,https://docs.google.com/document/d/1EAZ9uC9eV0jQ2_9EwX2qNtcQuX4N_B3AZfoFYEPrq9I/edit?usp=drivesdk,2026-10-06 00:00:00
"=HYPERLINK(""https://drive.google.com/drive/folders/1q-MH5q-EWKNCQpFQMK44xFO4tb_SIuQ3"", ""06 - JUN - 26 / 11/06 - QUI"")",B5- TJRN CORREGEDORIA CORREIÇÕES,LEO,THI ✔,THI ✔,,BOLETIM_RADIO_TJRN_11_06_2026_B5_TJRN_CORREGEDORIA_CORREICOES,https://docs.google.com/document/d/1B0sUHBo2TB5S68P6touMLGOUReQoW6LiGsk8l0qpPxc/edit?usp=drivesdk,2026-10-06 00:00:00
"=HYPERLINK(""https://drive.google.com/drive/folders/1q-MH5q-EWKNCQpFQMK44xFO4tb_SIuQ3"", ""06 - JUN - 26 / 11/06 - QUI"")",B4- TJRN TRATAMENTO REDE CREDENCIADA RESSARCIMENTO,LEO,THI ✔,THI ✔,,BOLETIM_RADIO_TJRN_11_06_2026_B4_TJRN_TRATAMENTO_REDE_CREDENCIADA_RESSARCIMENTO,https://docs.google.com/document/d/11hNbvGkawrGvyewMRBpgP2z_VgQTLgmUHHtmTY4iCbg/edit?usp=drivesdk,2026-10-06 00:00:00
"=HYPERLINK(""https://drive.google.com/drive/folders/1q-MH5q-EWKNCQpFQMK44xFO4tb_SIuQ3"", ""06 - JUN - 26 / 11/06 - QUI"")",B3- TJRN NEGADO PEDIDO REVISÃO CONDENADO,LEO,THI ✔,THI ✔,,BOLETIM_RADIO_TJRN_11_06_2026_B3_TJRN_NEGADO_PEDIDO_REVISAO_CONDENADO,https://docs.google.com/document/d/1st9xieFkqflvCFZpTA_Esv5yKKTbE-vVBGNqui1lMzA/edit?usp=drivesdk,2026-10-06 00:00:00
"=HYPERLINK(""https://drive.google.com/drive/folders/1q-MH5q-EWKNCQpFQMK44xFO4tb_SIuQ3"", ""06 - JUN - 26 / 11/06 - QUI"")",B2- TJRN PANDEMIA REDUÇÃO MENSALIDADE,LEO,THI ✔,THI ✔,,BOLETIM_RADIO_TJRN_11_06_2026_B2_TJRN_PANDEMIA_REDUCAO_MENSALIDADE,https://docs.google.com/document/d/1IEO_lRLo6MzqScF5Dz9RCN1h0Jt-lt7dp79k2WDgOOo/edit?usp=drivesdk,2026-10-06 00:00:00
"=HYPERLINK(""https://drive.google.com/drive/folders/1q-MH5q-EWKNCQpFQMK44xFO4tb_SIuQ3"", ""06 - JUN - 26 / 11/06 - QUI"")",B1- TJRN SEMANA JUIZADOS ESPECIAIS ,LEO,THI ✔,THI ✔,,BOLETIM_RADIO_TJRN_11_06_2026_B1_TJRN_SEMANA_JUIZADOS_ESPECIAIS_,https://docs.google.com/document/d/1bprRrWRd7B0eh6emKzsOUxW5XXdI8lJjYmrkMBFsr18/edit?usp=drivesdk,2026-10-06 00:00:00
"=HYPERLINK(""https://drive.google.com/drive/folders/1ycJtAPjSHZy9t_qDVDFZkCg0-v7GaVyc"", ""06 - JUN - 26 / 10/06 - QUA"")",B11- DPERN AÇÃO COLETIVA CONCURSO PM,LEO,THI ✔,THI ✔,,BOLETIM_RADIO_TJRN_10_06_2026_B11_DPERN_ACAO_COLETIVA_CONCURSO_PM,https://docs.google.com/document/d/1BMO2PV9r0rLv-acma5eHQ_1aOt7niAywfjOLboqVS1I/edit?usp=drivesdk,2026-10-06 00:00:00
"=HYPERLINK(""https://drive.google.com/drive/folders/1ycJtAPjSHZy9t_qDVDFZkCg0-v7GaVyc"", ""06 - JUN - 26 / 10/06 - QUA"")",B10- TRT/RN REUNIÃO NEGOCIAÇÃO URBANA ,LEO,THI ✔,THI ✔,,BOLETIM_RADIO_TJRN_10_06_2026_B10_TRTRN_REUNIAO_NEGOCIACAO_URBANA_,https://docs.google.com/document/d/16fZ2PUpDk5yfxoKKR47DVyW6R2siX3NLXFgAc9v8IDM/edit?usp=drivesdk,2026-09-06 00:00:00
"=HYPERLINK(""https://drive.google.com/drive/folders/1ycJtAPjSHZy9t_qDVDFZkCg0-v7GaVyc"", ""06 - JUN - 26 / 10/06 - QUA"")",B9- TJRN NOVA FERRAMENTA IA DEMANDAS ,LEO,THI ✔,THI ✔,,BOLETIM_RADIO_TJRN_10_06_2026_B9_TJRN_NOVA_FERRAMENTA_IA_DEMANDAS_,https://docs.google.com/document/d/1BGtTMp0QuwKtNdXo37IjD8RIPfgzp81w5MmZ6dmBNLY/edit?usp=drivesdk,2026-09-06 00:00:00
"=HYPERLINK(""https://drive.google.com/drive/folders/1ycJtAPjSHZy9t_qDVDFZkCg0-v7GaVyc"", ""06 - JUN - 26 / 10/06 - QUA"")",B8- TJRN EMPRESA CONDENADA NOME HOMEM SOCIO ,LEO,THI ✔,THI ✔,,BOLETIM_RADIO_TJRN_10_06_2026_B8_TJRN_EMPRESA_CONDENADA_NOME_HOMEM_SOCIO_,https://docs.google.com/document/d/1lLa59Ny9PWLYJoY4FtbanS5iwCQEzWoJabUz9F1HMsA/edit?usp=drivesdk,2026-09-06 00:00:00
"=HYPERLINK(""https://drive.google.com/drive/folders/1ycJtAPjSHZy9t_qDVDFZkCg0-v7GaVyc"", ""06 - JUN - 26 / 10/06 - QUA"")",B7- TJRN PLANO SAÚDE CUSTEAR,LEO,THI ✔,THI ✔,,BOLETIM_RADIO_TJRN_10_06_2026_B7_TJRN_PLANO_SAUDE_CUSTEAR,https://docs.google.com/document/d/1OynKStm6Qzmc7YQ49bLB33oO3Pi8XT_pN9HVBpSY1gw/edit?usp=drivesdk,2026-09-06 00:00:00
"=HYPERLINK(""https://drive.google.com/drive/folders/1ycJtAPjSHZy9t_qDVDFZkCg0-v7GaVyc"", ""06 - JUN - 26 / 10/06 - QUA"")",B6- TJRN PASTOR CONHECIDO PEDIDO NEGADO,LEO,THI ✔,THI ✔,,BOLETIM_RADIO_TJRN_10_06_2026_B6_TJRN_PASTOR_CONHECIDO_PEDIDO_NEGADO,https://docs.google.com/document/d/1IwF2h218Fujz8dxGSUwp_uG27yYCggnTIu21y84wIns/edit?usp=drivesdk,2026-09-06 00:00:00
"=HYPERLINK(""https://drive.google.com/drive/folders/1ycJtAPjSHZy9t_qDVDFZkCg0-v7GaVyc"", ""06 - JUN - 26 / 10/06 - QUA"")",B5- TJRN NATAL CONDENADO SHOW ,LEO,THI ✔,THI ✔,,BOLETIM_RADIO_TJRN_10_06_2026_B5_TJRN_NATAL_CONDENADO_SHOW_,https://docs.google.com/document/d/1NrDl4MTr6nkS-sBJBQyvak8z1orWrzt_PEJbAmBeIes/edit?usp=drivesdk,2026-09-06 00:00:00
"=HYPERLINK(""https://drive.google.com/drive/folders/1ycJtAPjSHZy9t_qDVDFZkCg0-v7GaVyc"", ""06 - JUN - 26 / 10/06 - QUA"")",B4- TJRN MAIS 22 MIL PESSOAS ENAM,LEO,THI ✔,THI ✔,,BOLETIM_RADIO_TJRN_10_06_2026_B4_TJRN_MAIS_22_MIL_PESSOAS_ENAM,https://docs.google.com/document/d/1YNu-r_ldke0bj2bQIoWnrYuV3bwpMwK9W9Lzjt-Atog/edit?usp=drivesdk,2026-09-06 00:00:00
"=HYPERLINK(""https://drive.google.com/drive/folders/1ycJtAPjSHZy9t_qDVDFZkCg0-v7GaVyc"", ""06 - JUN - 26 / 10/06 - QUA"")",B3- TJRN FERRAMENTA DESENVOLVIDA ,LEO,THI ✔,THI ✔,,BOLETIM_RADIO_TJRN_10_06_2026_B3_TJRN_FERRAMENTA_DESENVOLVIDA_,https://docs.google.com/document/d/1icgUGpG8SdlkB8kA31-ZfSpObQ-3wwZ52FiAsMhy1wU/edit?usp=drivesdk,2026-09-06 00:00:00
"=HYPERLINK(""https://drive.google.com/drive/folders/1ycJtAPjSHZy9t_qDVDFZkCg0-v7GaVyc"", ""06 - JUN - 26 / 10/06 - QUA"")",B2- TJRN VARA FAMÍLIA RETIFICA EDITAL,LEO,THI ✔,THI ✔,,BOLETIM_RADIO_TJRN_10_06_2026_B2_TJRN_VARA_FAMILIA_RETIFICA_EDITAL,https://docs.google.com/document/d/1JAXYPzTit79zZeUbr5uq6x6L0VUCU0Zbthiyw5CRsJ4/edit?usp=drivesdk,2026-09-06 00:00:00
"=HYPERLINK(""https://drive.google.com/drive/folders/1ycJtAPjSHZy9t_qDVDFZkCg0-v7GaVyc"", ""06 - JUN - 26 / 10/06 - QUA"")",B1- TJRN MUNICÍPIO REGULARIZAR PAGAMENTO ESTÁDIO ,LEO,THI ✔,THI ✔,,BOLETIM_RADIO_TJRN_10_06_2026_B1_TJRN_MUNICIPIO_REGULARIZAR_PAGAMENTO_ESTADIO_,https://docs.google.com/document/d/1QDQsvzIYKtDY_1uJViIZX-tjUgC2k2ejBG9Gxu5kvmo/edit?usp=drivesdk,2026-09-06 00:00:00
"=HYPERLINK(""https://drive.google.com/drive/folders/1JyFO90AiKulA8KyVjkUMalzG8vZf_eDT"", ""06 - JUN - 26 / 09/06 - TER"")",B11- MPRN EVENTO AGENTES SEGURANÇA ,LEO,THI ✔,THI ✔,,BOLETIM_RADIO_TJRN_09_06_2026_B11_MPRN_EVENTO_AGENTES_SEGURANCA_,https://docs.google.com/document/d/1Zwv3AwreXKdL1WIq25Gr0_xCjExfeK-Z4OQEKbi3VZk/edit?usp=drivesdk,2026-10-06 00:00:00
"=HYPERLINK(""https://drive.google.com/drive/folders/1JyFO90AiKulA8KyVjkUMalzG8vZf_eDT"", ""06 - JUN - 26 / 09/06 - TER"")",B10- DPERN DEFENSORES MIRINS ,LEO,THI ✔,THI ✔,,BOLETIM_RADIO_TJRN_09_06_2026_B10_DPERN_DEFENSORES_MIRINS_,https://docs.google.com/document/d/1fTmUMTKNtvMSVsSieMItxi-HYgBRz_ymWaJh_Gf36Sk/edit?usp=drivesdk,2026-08-06 00:00:00
"=HYPERLINK(""https://drive.google.com/drive/folders/1JyFO90AiKulA8KyVjkUMalzG8vZf_eDT"", ""06 - JUN - 26 / 09/06 - TER"")",B9- OAB/RN ESA ESPECIALISTAS IA ADVOCACIA ,LEO,THI ✔,THI ✔,,BOLETIM_RADIO_TJRN_09_06_2026_B9_OABRN_ESA_ESPECIALISTAS_IA_ADVOCACIA_,https://docs.google.com/document/d/11hiTBuT-cQDKQezbmb_Lz9mcZl75S-rd1tJq0UZ2WHE/edit?usp=drivesdk,2026-08-06 00:00:00
"=HYPERLINK(""https://drive.google.com/drive/folders/1JyFO90AiKulA8KyVjkUMalzG8vZf_eDT"", ""06 - JUN - 26 / 09/06 - TER"")",B8- ESMARN COMPROMISSO AMBIENTAL,LEO,THI ✔,THI ✔,,BOLETIM_RADIO_TJRN_09_06_2026_B8_ESMARN_COMPROMISSO_AMBIENTAL,https://docs.google.com/document/d/1q8eFQH3x39H3ahR4Xo38qyMfzPNkwB1001rNJteYaRc/edit?usp=drivesdk,2026-08-06 00:00:00
"=HYPERLINK(""https://drive.google.com/drive/folders/1JyFO90AiKulA8KyVjkUMalzG8vZf_eDT"", ""06 - JUN - 26 / 09/06 - TER"")",B7- TJRN EMPRESA VIAGEM APLICATIVO INDENIZAÇÃO ,LEO,THI ✔,THI ✔,,BOLETIM_RADIO_TJRN_09_06_2026_B7_TJRN_EMPRESA_VIAGEM_APLICATIVO_INDENIZACAO_,https://docs.google.com/document/d/1cQpjVZEGhCKQDzkxb-9AmXEt6gb8TMKo0laFV5Cv_44/edit?usp=drivesdk,2026-08-06 00:00:00
"=HYPERLINK(""https://drive.google.com/drive/folders/1JyFO90AiKulA8KyVjkUMalzG8vZf_eDT"", ""06 - JUN - 26 / 09/06 - TER"")",B6- TJRN VARA FAMÍLIA ESTÁGIO ,LEO,THI ✔,THI ✔,,BOLETIM_RADIO_TJRN_09_06_2026_B6_TJRN_VARA_FAMILIA_ESTAGIO_,https://docs.google.com/document/d/1Jz_DJo-La97Xjp7HIV4vodsEqFSKQVZrYx71kuCRPHw/edit?usp=drivesdk,2026-08-06 00:00:00
"=HYPERLINK(""https://drive.google.com/drive/folders/1JyFO90AiKulA8KyVjkUMalzG8vZf_eDT"", ""06 - JUN - 26 / 09/06 - TER"")",B5- TJRN SUSPENSÃO MONITORAÇÃO ELETRÔNICA ,LEO,THI ✔,THI ✔,,BOLETIM_RADIO_TJRN_09_06_2026_B5_TJRN_SUSPENSAO_MONITORACAO_ELETRONICA_,https://docs.google.com/document/d/1Dq8Epaoz7oDcT-GzPHpjOupJMypKH6S9uio7HEw2FPE/edit?usp=drivesdk,2026-08-06 00:00:00
"=HYPERLINK(""https://drive.google.com/drive/folders/1JyFO90AiKulA8KyVjkUMalzG8vZf_eDT"", ""06 - JUN - 26 / 09/06 - TER"")",B4- TJRN VAGA ESTÁGIO JORNALISMO ,LEO,THI ✔,THI ✔,,BOLETIM_RADIO_TJRN_09_06_2026_B4_TJRN_VAGA_ESTAGIO_JORNALISMO_,https://docs.google.com/document/d/1-B5BdeSrcdofz6R1RWuieNDz5ZXygQbnM2q8AuZQn7M/edit?usp=drivesdk,2026-08-06 00:00:00
"=HYPERLINK(""https://drive.google.com/drive/folders/1JyFO90AiKulA8KyVjkUMalzG8vZf_eDT"", ""06 - JUN - 26 / 09/06 - TER"")",B3- TJRN REPOJURN ARTIGOS INTELIGÊNCIA ARTIFICIAL ,LEO,THI ✔,THI ✔,,BOLETIM_RADIO_TJRN_09_06_2026_B3_TJRN_REPOJURN_ARTIGOS_INTELIGENCIA_ARTIFICIAL_,https://docs.google.com/document/d/1aE6iNUKj8l8dqA3mOriksDziGW-mHnBaoPDNi5kDrX8/edit?usp=drivesdk,2026-08-06 00:00:00
"=HYPERLINK(""https://drive.google.com/drive/folders/1JyFO90AiKulA8KyVjkUMalzG8vZf_eDT"", ""06 - JUN - 26 / 09/06 - TER"")",B2- TJRN ALEXANDRIA EVENTO ESTUPRO VUNERÁVEL ,LEO,THI ✔,THI ✔,,BOLETIM_RADIO_TJRN_09_06_2026_B2_TJRN_ALEXANDRIA_EVENTO_ESTUPRO_VUNERAVEL_,https://docs.google.com/document/d/1vCg8aJA_PdefcI94CwSlvPRcGLmFCimpxwtiKsZqlz8/edit?usp=drivesdk,2026-08-06 00:00:00
"=HYPERLINK(""https://drive.google.com/drive/folders/1JyFO90AiKulA8KyVjkUMalzG8vZf_eDT"", ""06 - JUN - 26 / 09/06 - TER"")",B1- TJRN DESEMBARGADORES INDICADOS ,LEO,THI ✔,THI ✔,,BOLETIM_RADIO_TJRN_09_06_2026_B1_TJRN_DESEMBARGADORES_INDICADOS_,https://docs.google.com/document/d/1B92JlA2_Xv2OWLwdoYmDrwEFJIwU2qutmoBMai5DqfY/edit?usp=drivesdk,2026-03-06 00:00:00
"=HYPERLINK(""https://drive.google.com/drive/folders/157JlDshHLtClUfq1akjcd1PuBL3VPnDc"", ""06 - JUN - 26 / 08/06 - SEG"")",B11- MPRN PROJETO ADOÇÃO É LEGAL,LEO,THI ✔,THI ✔,,BOLETIM_RADIO_TJRN_08_06_2026_B11_MPRN_PROJETO_ADOCAO_E_LEGAL,https://docs.google.com/document/d/13QI0jtwmssw6kt3WRDQ0o7pNkXNkPTRpuA4ziQ0cNbE/edit?usp=drivesdk,2026-10-06 00:00:00
"=HYPERLINK(""https://drive.google.com/drive/folders/157JlDshHLtClUfq1akjcd1PuBL3VPnDc"", ""06 - JUN - 26 / 08/06 - SEG"")",B10- MPRN MULTIRÃO EXAMES CNH,LEO,THI ✔,THI ✔,,BOLETIM_RADIO_TJRN_08_06_2026_B10_MPRN_MULTIRAO_EXAMES_CNH,https://docs.google.com/document/d/1zhEpJ0CqJXobzSdFlv1jPWQHfvge5agyLxTD09jF3Fc/edit?usp=drivesdk,2026-03-06 00:00:00
"=HYPERLINK(""https://drive.google.com/drive/folders/157JlDshHLtClUfq1akjcd1PuBL3VPnDc"", ""06 - JUN - 26 / 08/06 - SEG"")",B9- TJRN COMISSÃO SOLUÇÕES FUNDIÁRIAS ,LEO,THI ✔,THI ✔,,BOLETIM_RADIO_TJRN_08_06_2026_B9_TJRN_COMISSAO_SOLUCOES_FUNDIARIAS_,https://docs.google.com/document/d/1uShY2oDeueQoLaqEq7zFohPuLkRz35jZVWs37qu36dA/edit?usp=drivesdk,2026-03-06 00:00:00
"=HYPERLINK(""https://drive.google.com/drive/folders/157JlDshHLtClUfq1akjcd1PuBL3VPnDc"", ""06 - JUN - 26 / 08/06 - SEG"")",B8- TJRN DECLARA LEGAIS MULTAS CAERN,LEO,THI ✔,THI ✔,,BOLETIM_RADIO_TJRN_08_06_2026_B8_TJRN_DECLARA_LEGAIS_MULTAS_CAERN,https://docs.google.com/document/d/1mbatuLnKRl5Q0Q3y-gZ--k9dj38pjGxr7TL0l7aSPT4/edit?usp=drivesdk,2026-03-06 00:00:00
"=HYPERLINK(""https://drive.google.com/drive/folders/157JlDshHLtClUfq1akjcd1PuBL3VPnDc"", ""06 - JUN - 26 / 08/06 - SEG"")",B7- TJRN EMPRESA INDENIZAR MORADOR,LEO,THI ✔,THI ✔,,BOLETIM_RADIO_TJRN_08_06_2026_B7_TJRN_EMPRESA_INDENIZAR_MORADOR,https://docs.google.com/document/d/1SrJFnCPUvrIryUe4tzO8Sisy_OIr1V_FOYWkJF1YkcU/edit?usp=drivesdk,2026-03-06 00:00:00
"=HYPERLINK(""https://drive.google.com/drive/folders/157JlDshHLtClUfq1akjcd1PuBL3VPnDc"", ""06 - JUN - 26 / 08/06 - SEG"")",B6- TJRN FRAUDE EMPRÉSTIMOS PIX ,LEO,THI ✔,THI ✔,,BOLETIM_RADIO_TJRN_08_06_2026_B6_TJRN_FRAUDE_EMPRESTIMOS_PIX_,https://docs.google.com/document/d/1ej-MY81ErHVzKscqnufqN7K8uMCts2YVPu2WPaJistc/edit?usp=drivesdk,2026-03-06 00:00:00
"=HYPERLINK(""https://drive.google.com/drive/folders/157JlDshHLtClUfq1akjcd1PuBL3VPnDc"", ""06 - JUN - 26 / 08/06 - SEG"")",B5- TJRN ERRO MÉDICO ATENDIMENTO ,LEO,THI ✔,THI ✔,,BOLETIM_RADIO_TJRN_08_06_2026_B5_TJRN_ERRO_MEDICO_ATENDIMENTO_,https://docs.google.com/document/d/1d4eHTmI4IoNWIPBp05lwVWzXC14FLE9ee_-Nzk8p828/edit?usp=drivesdk,2026-03-06 00:00:00
"=HYPERLINK(""https://drive.google.com/drive/folders/157JlDshHLtClUfq1akjcd1PuBL3VPnDc"", ""06 - JUN - 26 / 08/06 - SEG"")",B4- TJRN TURMA RECURSAL ESTÁGIO,LEO,THI ✔,THI ✔,,BOLETIM_RADIO_TJRN_08_06_2026_B4_TJRN_TURMA_RECURSAL_ESTAGIO,https://docs.google.com/document/d/1NbA4nLf-zBhPOumFcpWBU9AbTSjXBsxEvho9dPQTqpY/edit?usp=drivesdk,2026-03-06 00:00:00
"=HYPERLINK(""https://drive.google.com/drive/folders/157JlDshHLtClUfq1akjcd1PuBL3VPnDc"", ""06 - JUN - 26 / 08/06 - SEG"")",B3- TJRN CIA AEREA CONDENADA,LEO,THI ✔,THI ✔,,BOLETIM_RADIO_TJRN_08_06_2026_B3_TJRN_CIA_AEREA_CONDENADA,https://docs.google.com/document/d/17I5GoQEqsKI8AV4ysUZ6iO9gmPfc2cHmSvRmQt0NeG0/edit?usp=drivesdk,2026-03-06 00:00:00
"=HYPERLINK(""https://drive.google.com/drive/folders/157JlDshHLtClUfq1akjcd1PuBL3VPnDc"", ""06 - JUN - 26 / 08/06 - SEG"")",B2- TJRN AUDIÊNCIA METAS NACIONAIS PODER JUDICIÁRIO ,LEO,THI ✔,THI ✔,,BOLETIM_RADIO_TJRN_08_06_2026_B2_TJRN_AUDIENCIA_METAS_NACIONAIS_PODER_JUDICIARIO_,https://docs.google.com/document/d/1L4p5x1XZoVu4Oz_RWHHr60ZrBckwojfiJ6EUb-6Vf2Y/edit?usp=drivesdk,2026-02-06 00:00:00
"=HYPERLINK(""https://drive.google.com/drive/folders/157JlDshHLtClUfq1akjcd1PuBL3VPnDc"", ""06 - JUN - 26 / 08/06 - SEG"")",B1- TJRN CONDENA PORTAL DE NOTÍCIAS ,LEO,THI ✔,THI ✔,,BOLETIM_RADIO_TJRN_08_06_2026_B1_TJRN_CONDENA_PORTAL_DE_NOTICIAS_,https://docs.google.com/document/d/1tQ5SyTJjhDjjTMNooGdQoKzRODbV7jM7FVF4H6rOkUg/edit?usp=drivesdk,2026-02-06 00:00:00
"=HYPERLINK(""https://drive.google.com/drive/folders/1tqLkWjEUWbU-SRQafbkSMNrFGAHeaYmN"", ""06 - JUN - 26 / 03/06 - QUA"")",B10- TRT/RN PUBLICAÇÃO INCIDENTES DADOS PESSOAIS ,LEO,LEO ✔,LET ✔,,BOLETIM_RADIO_TJRN_03_06_2026_B10_TRTRN_PUBLICACAO_INCIDENTES_DADOS_PESSOAIS_,https://docs.google.com/document/d/1HEX_TuNVWnImdvK8JynmktQoHrpt3CTby0tMIVOCSuI/edit?usp=drivesdk,2026-02-06 00:00:00
"=HYPERLINK(""https://drive.google.com/drive/folders/1tqLkWjEUWbU-SRQafbkSMNrFGAHeaYmN"", ""06 - JUN - 26 / 03/06 - QUA"")",B9- TJRN ACUSADO HOMICÍDIO CASA JOGOS ,LEO,LEO ✔,LET ✔,,BOLETIM_RADIO_TJRN_03_06_2026_B9_TJRN_ACUSADO_HOMICIDIO_CASA_JOGOS_,https://docs.google.com/document/d/1r_DWGXWVt_2RK33LEKmO09GFLZLhKqrM8eHGJoefnE4/edit?usp=drivesdk,2026-02-06 00:00:00
"=HYPERLINK(""https://drive.google.com/drive/folders/1tqLkWjEUWbU-SRQafbkSMNrFGAHeaYmN"", ""06 - JUN - 26 / 03/06 - QUA"")",B8- TJRN APLICATIVO ENTREGA CONDENADO ,LEO,LEO ✔,LET ✔,1888.0,BOLETIM_RADIO_TJRN_03_06_2026_B8_TJRN_APLICATIVO_ENTREGA_CONDENADO_,https://docs.google.com/document/d/1i-8iS-hqV9Qn4j3aVSnhZzcbazD3tyxQFfV3d-r1eYk/edit?usp=drivesdk,2026-02-06 00:00:00
"=HYPERLINK(""https://drive.google.com/drive/folders/1tqLkWjEUWbU-SRQafbkSMNrFGAHeaYmN"", ""06 - JUN - 26 / 03/06 - QUA"")",B7- TJRN PEDIDO SUSPENDER LICITAÇÃO NÍSIA ,LEO,LEO ✔,LET ✔,,BOLETIM_RADIO_TJRN_03_06_2026_B7_TJRN_PEDIDO_SUSPENDER_LICITACAO_NISIA_,https://docs.google.com/document/d/1wdMq49GfeTRVFQzwIeZYVfWr724DGBcjexDnFvFx58U/edit?usp=drivesdk,2026-02-06 00:00:00
"=HYPERLINK(""https://drive.google.com/drive/folders/1tqLkWjEUWbU-SRQafbkSMNrFGAHeaYmN"", ""06 - JUN - 26 / 03/06 - QUA"")",B6- TJRN ANÁLISE FORO,LEO,LEO ✔,LET ✔,,BOLETIM_RADIO_TJRN_03_06_2026_B6_TJRN_ANALISE_FORO,https://docs.google.com/document/d/11pxOXdYrfTASV-FkckMWus4_JlSQ1jnamhl1qDjX5GM/edit?usp=drivesdk,2026-02-06 00:00:00
"=HYPERLINK(""https://drive.google.com/drive/folders/1tqLkWjEUWbU-SRQafbkSMNrFGAHeaYmN"", ""06 - JUN - 26 / 03/06 - QUA"")",B5- TJRN CONSIDERA LEGAL REVERSÃO NOGUEIRÃO ,LEO,LET ✔,LET ✔,1888.0,BOLETIM_RADIO_TJRN_03_06_2026_B5_TJRN_CONSIDERA_LEGAL_REVERSAO_NOGUEIRAO_,https://docs.google.com/document/d/1Tz39miI4_12PM9E6yvoFw9aGeNyeTZl0_AmgIDMHG9s/edit?usp=drivesdk,2026-02-06 00:00:00
"=HYPERLINK(""https://drive.google.com/drive/folders/1tqLkWjEUWbU-SRQafbkSMNrFGAHeaYmN"", ""06 - JUN - 26 / 03/06 - QUA"")",B4- TJRN PROJETO COLHENDO PALAVRAS ,LEO,LET ✔,LET ✔,,BOLETIM_RADIO_TJRN_03_06_2026_B4_TJRN_PROJETO_COLHENDO_PALAVRAS_,https://docs.google.com/document/d/1sSbBLroc9ddNS8XLfBnMmbPeuUAj-a8NoIHJV3YJuvw/edit?usp=drivesdk,2026-02-06 00:00:00
"=HYPERLINK(""https://drive.google.com/drive/folders/1tqLkWjEUWbU-SRQafbkSMNrFGAHeaYmN"", ""06 - JUN - 26 / 03/06 - QUA"")",B3- TJRN RESULTADO DEFINITIVO HETEROIDENTIFICAÇÃO ,LEO,LET ✔,LET ✔,,BOLETIM_RADIO_TJRN_03_06_2026_B3_TJRN_RESULTADO_DEFINITIVO_HETEROIDENTIFICACAO_,https://docs.google.com/document/d/1fZcu7Y9ppPquMRd4uMEuEEJpGXoTsUF_oB-IbIYTKTU/edit?usp=drivesdk,2026-02-06 00:00:00
"=HYPERLINK(""https://drive.google.com/drive/folders/1tqLkWjEUWbU-SRQafbkSMNrFGAHeaYmN"", ""06 - JUN - 26 / 03/06 - QUA"")",B2- TJRN CASAMENTO COMUNITÁRIO TOUROS,LEO,LET ✔,LET ✔,1888.0,BOLETIM_RADIO_TJRN_03_06_2026_B2_TJRN_CASAMENTO_COMUNITARIO_TOUROS,https://docs.google.com/document/d/1gJbicV3GRLn5_o7Xh-jonsG3hOtgl1ccgfN8kzdrHo8/edit?usp=drivesdk,2026-02-06 00:00:00
"=HYPERLINK(""https://drive.google.com/drive/folders/1tqLkWjEUWbU-SRQafbkSMNrFGAHeaYmN"", ""06 - JUN - 26 / 03/06 - QUA"")",B1- TJRN HOMEM CONDENADO COLISÃO CARRO,LEO,LET ✔,LET ✔,1888.0,BOLETIM_RADIO_TJRN_03_06_2026_B1_TJRN_HOMEM_CONDENADO_COLISAO_CARRO,https://docs.google.com/document/d/1hDl1gAQfGCHkq44vLJsix2Je8CBv2KJE6Sytu2Kw5Y8/edit?usp=drivesdk,2026-02-06 00:00:00
"=HYPERLINK(""https://drive.google.com/drive/folders/1S7YA3Of_C2p5sbHbDeaOqkjyEQY9bx0b"", ""06 - JUN - 26 / 02/06 - TER"")",B10- TJRN JUIZADO NATAL ESTÁGIO ,LEO,LEO ✔,LET ✔,,BOLETIM_RADIO_TJRN_02_06_2026_B10_TJRN_JUIZADO_NATAL_ESTAGIO_,https://docs.google.com/document/d/1lGHyzC3kE0lAt-pQ41zcyuJdhAstOfdR_XJ4lH9PpbU/edit?usp=drivesdk,2026-02-06 00:00:00
"=HYPERLINK(""https://drive.google.com/drive/folders/1S7YA3Of_C2p5sbHbDeaOqkjyEQY9bx0b"", ""06 - JUN - 26 / 02/06 - TER"")",B9- TJRN DECISÃO REVOGADA EX-PREFEITO,LEO,LEO ✔,LET ✔,,BOLETIM_RADIO_TJRN_02_06_2026_B9_TJRN_DECISAO_REVOGADA_EX_PREFEITO,https://docs.google.com/document/d/1BRzt9IHDIJIX51SS-n3SBX243DtTeaB7I5NS3DRVR0I/edit?usp=drivesdk,2026-02-06 00:00:00
"=HYPERLINK(""https://drive.google.com/drive/folders/1S7YA3Of_C2p5sbHbDeaOqkjyEQY9bx0b"", ""06 - JUN - 26 / 02/06 - TER"")",B8- TJRN DECISÃO DESCARTA SUPOSTO FISHING,LEO,LEO ✔,LET ✔,,BOLETIM_RADIO_TJRN_02_06_2026_B8_TJRN_DECISAO_DESCARTA_SUPOSTO_FISHING,https://docs.google.com/document/d/1PpguQ0I5WNtV8Ks-cjoD7kU5myjX5OonzlrsN5G0xv0/edit?usp=drivesdk,2026-02-06 00:00:00
"=HYPERLINK(""https://drive.google.com/drive/folders/1S7YA3Of_C2p5sbHbDeaOqkjyEQY9bx0b"", ""06 - JUN - 26 / 02/06 - TER"")",B7- TJRN JUIZADO VIOLÊNCIA DOMÉSTICA ,LEO,LEO ✔,LET ✔,,BOLETIM_RADIO_TJRN_02_06_2026_B7_TJRN_JUIZADO_VIOLENCIA_DOMESTICA_,https://docs.google.com/document/d/1NyijpTrru__RKjOZB5bStGMIpYZselA69R1esRJwdZ8/edit?usp=drivesdk,2026-02-06 00:00:00
"=HYPERLINK(""https://drive.google.com/drive/folders/1S7YA3Of_C2p5sbHbDeaOqkjyEQY9bx0b"", ""06 - JUN - 26 / 02/06 - TER"")",B6- TJRN PENAS PECUNIÁRIAS JUCURUTU ,LEO,LEO ✔,LET ✔,,BOLETIM_RADIO_TJRN_02_06_2026_B6_TJRN_PENAS_PECUNIARIAS_JUCURUTU_,https://docs.google.com/document/d/11vm_mxsasOPm3iB_N29uISuHt6yG8FRQTLCdK0XUJ3c/edit?usp=drivesdk,2026-02-06 00:00:00
"=HYPERLINK(""https://drive.google.com/drive/folders/1S7YA3Of_C2p5sbHbDeaOqkjyEQY9bx0b"", ""06 - JUN - 26 / 02/06 - TER"")",B5- TJRN MANTIDA PRISÃO ACUSADO FACÇÃO ,LEO,LET ✔,LET ✔,,BOLETIM_RADIO_TJRN_02_06_2026_B5_TJRN_MANTIDA_PRISAO_ACUSADO_FACCAO_,https://docs.google.com/document/d/1KcU085ulcSShKkRkZ6ycBvEHnunK8ADoPnZBRqDXrCY/edit?usp=drivesdk,2026-02-06 00:00:00
"=HYPERLINK(""https://drive.google.com/drive/folders/1S7YA3Of_C2p5sbHbDeaOqkjyEQY9bx0b"", ""06 - JUN - 26 / 02/06 - TER"")",B4- TJRN JULGADO IMPROCEDENTE PEDIDO PAGAMENTO,LEO,LET ✔,LET ✔,,BOLETIM_RADIO_TJRN_02_06_2026_B4_TJRN_JULGADO_IMPROCEDENTE_PEDIDO_PAGAMENTO,https://docs.google.com/document/d/17XBa6oA75q2y_GQfgiK8AtEwYVCCo3fv6flotv4C51o/edit?usp=drivesdk,2026-02-06 00:00:00
"=HYPERLINK(""https://drive.google.com/drive/folders/1S7YA3Of_C2p5sbHbDeaOqkjyEQY9bx0b"", ""06 - JUN - 26 / 02/06 - TER"")",B3- TJRN SAAE EXTREMOZ INDENIZAR,LEO,LET ✔,LET ✔,,BOLETIM_RADIO_TJRN_02_06_2026_B3_TJRN_SAAE_EXTREMOZ_INDENIZAR,https://docs.google.com/document/d/1xV7XPk5Rzw_WTWN66T51Hrv9PaeOfjMyTrP2Vz4grTs/edit?usp=drivesdk,2026-02-06 00:00:00
"=HYPERLINK(""https://drive.google.com/drive/folders/1S7YA3Of_C2p5sbHbDeaOqkjyEQY9bx0b"", ""06 - JUN - 26 / 02/06 - TER"")",B2- TJRN SUSPENDE EDITAIS ,LEO,LET ✔,LET ✔,,BOLETIM_RADIO_TJRN_02_06_2026_B2_TJRN_SUSPENDE_EDITAIS_,https://docs.google.com/document/d/19pXNoZaBxRMcdBpwYvwQ2dCCB_NXoXCiEy0MMr3HmO0/edit?usp=drivesdk,2026-02-06 00:00:00
"=HYPERLINK(""https://drive.google.com/drive/folders/1S7YA3Of_C2p5sbHbDeaOqkjyEQY9bx0b"", ""06 - JUN - 26 / 02/06 - TER"")",B1- TJRN ARTIGO REPOJURN,LEO,LET ✔,LET ✔,,BOLETIM_RADIO_TJRN_02_06_2026_B1_TJRN_ARTIGO_REPOJURN,https://docs.google.com/document/d/1866-NPN9GUhLqjEvW6Ov8n8WNzUFN73E8ozSHPvBL34/edit?usp=drivesdk,2026-02-06 00:00:00
"=HYPERLINK(""https://drive.google.com/drive/folders/1llrDyutqm_HTD8xBuAp7yib4EbDSm1AR"", ""06 - JUN - 26 / 01/06 - SEG"")",B10 - TJRN CAMPANHA MÊS PROTEGIDA,LEO,LIV ✔, ✔,,BOLETIM_RADIO_TJRN_01_06_2026_B10_TJRN_CAMPANHA_MES_PROTEGIDA,https://docs.google.com/document/d/15aMyyco58yy_6I4qdLazRs9qfPEkfC3uIwbTmgEVkvQ/edit?usp=drivesdk,2026-01-06 00:00:00
"=HYPERLINK(""https://drive.google.com/drive/folders/1llrDyutqm_HTD8xBuAp7yib4EbDSm1AR"", ""06 - JUN - 26 / 01/06 - SEG"")",B9- TJRN OFICIALIZA UNIÃO CIVIL,LEO,LIV ✔, ✔,,BOLETIM_RADIO_TJRN_01_06_2026_B9_TJRN_OFICIALIZA_UNIAO_CIVIL,https://docs.google.com/document/d/1j6JzsP7VC5R6nwnGHJchb5qiMymUt1FMl6FZxLC93QQ/edit?usp=drivesdk,2026-01-06 00:00:00
"=HYPERLINK(""https://drive.google.com/drive/folders/1llrDyutqm_HTD8xBuAp7yib4EbDSm1AR"", ""06 - JUN - 26 / 01/06 - SEG"")",B8- TJRN INSCRIÇÕES ACOLHIMENTO SERVIDORES,LEO,LIV ✔, ✔,,BOLETIM_RADIO_TJRN_01_06_2026_B8_TJRN_INSCRICOES_ACOLHIMENTO_SERVIDORES,https://docs.google.com/document/d/1tAM11mgxTqEIm6Ij7sNtTBUpM4ahS8K64wpAliFes7E/edit?usp=drivesdk,2026-01-06 00:00:00
"=HYPERLINK(""https://drive.google.com/drive/folders/1llrDyutqm_HTD8xBuAp7yib4EbDSm1AR"", ""06 - JUN - 26 / 01/06 - SEG"")",B7- TJRN COBRANÇA INDEVIDA LOCAÇÃO ,LEO,LIV ✔, ✔,,BOLETIM_RADIO_TJRN_01_06_2026_B7_TJRN_COBRANCA_INDEVIDA_LOCACAO_,https://docs.google.com/document/d/1bxeObQAyExXdiH1HkC_0RIVHW-8JT5-0bTRRrpcDKLU/edit?usp=drivesdk,2026-01-06 00:00:00
"=HYPERLINK(""https://drive.google.com/drive/folders/1llrDyutqm_HTD8xBuAp7yib4EbDSm1AR"", ""06 - JUN - 26 / 01/06 - SEG"")",B6- TJRN MANTÉM CONDENAÇÃO HOMEM ,LEO,LIV ✔, ✔,,BOLETIM_RADIO_TJRN_01_06_2026_B6_TJRN_MANTEM_CONDENACAO_HOMEM_,https://docs.google.com/document/d/1jXlsr-TrEjxT5MWUWkclgmdFoq09BXcspLsht-tIhe8/edit?usp=drivesdk,2026-01-06 00:00:00
"=HYPERLINK(""https://drive.google.com/drive/folders/1llrDyutqm_HTD8xBuAp7yib4EbDSm1AR"", ""06 - JUN - 26 / 01/06 - SEG"")",B5- TJRN HOMEM ACUSADO AGRESSÃO ,LEO,LIV ✔, ✔,,BOLETIM_RADIO_TJRN_01_06_2026_B5_TJRN_HOMEM_ACUSADO_AGRESSAO_,https://docs.google.com/document/d/1weJso0l0OqJDzqgnIO_tmV6N5EBSlZheZZCKKjNJXEw/edit?usp=drivesdk,2026-01-06 00:00:00
"=HYPERLINK(""https://drive.google.com/drive/folders/1llrDyutqm_HTD8xBuAp7yib4EbDSm1AR"", ""06 - JUN - 26 / 01/06 - SEG"")",B4- TJRN FALHA SERVIÇO AROMATIZAÇÃO ,LEO,LIV ✔, ✔,,BOLETIM_RADIO_TJRN_01_06_2026_B4_TJRN_FALHA_SERVICO_AROMATIZACAO_,https://docs.google.com/document/d/1eyO3kKeGHKj3dTbT7wJX8OzQe0xkzzBwatdvXdlYUuw/edit?usp=drivesdk,2026-01-06 00:00:00
"=HYPERLINK(""https://drive.google.com/drive/folders/1llrDyutqm_HTD8xBuAp7yib4EbDSm1AR"", ""06 - JUN - 26 / 01/06 - SEG"")",B3- TJRN PLANO SAÚDE FORNECER CIRURGIA,LEO,LIV ✔, ✔,,BOLETIM_RADIO_TJRN_01_06_2026_B3_TJRN_PLANO_SAUDE_FORNECER_CIRURGIA,https://docs.google.com/document/d/1Lz3xlrDEW5o1EXjkkxwqkkSdEYlaXGV6neVrQNwEDoA/edit?usp=drivesdk,2026-01-06 00:00:00
"=HYPERLINK(""https://drive.google.com/drive/folders/1llrDyutqm_HTD8xBuAp7yib4EbDSm1AR"", ""06 - JUN - 26 / 01/06 - SEG"")",B2- TJRN PERMISSÃO USO IMOVEL,LEO,LIV ✔, ✔,,BOLETIM_RADIO_TJRN_01_06_2026_B2_TJRN_PERMISSAO_USO_IMOVEL,https://docs.google.com/document/d/1wMcwt0ousX3Jmq31x0LRPl-hirX8JpjJExd2FPfc608/edit?usp=drivesdk,2026-01-06 00:00:00
"=HYPERLINK(""https://drive.google.com/drive/folders/1llrDyutqm_HTD8xBuAp7yib4EbDSm1AR"", ""06 - JUN - 26 / 01/06 - SEG"")",B1- TJRN CONSUMIDORA INDENIZADA PARTO ,LEO,LIV ✔, ✔,,BOLETIM_RADIO_TJRN_01_06_2026_B1_TJRN_CONSUMIDORA_INDENIZADA_PARTO_,https://docs.google.com/document/d/1DuU-E8X1pZkIEXTCxjvYFLz9ZpKQrVG3o7WPGu0OBKc/edit?usp=drivesdk,29/05/2026
Última sincronização: 11/06/2026 22:13 • Sistema Rádio Web 2026,,,,,,,,
