Última sincronização: 08/06/2026 00:16 • Sistema Rádio Web 2026,,,,,,,,
Última sincronização: 08/06/2026 02:16 • Sistema Rádio Web 2026,,,,,,,,
Última sincronização: 08/06/2026 04:16 • Sistema Rádio Web 2026,,,,,,,,
Última sincronização: 08/06/2026 08:17 • Sistema Rádio Web 2026,,,,,,,,
Última sincronização: 07/06/2026 00:15 • Sistema Rádio Web 2026,,,,,,,,
Última sincronização: 07/06/2026 04:15 • Sistema Rádio Web 2026,,,,,,,,
Última sincronização: 07/06/2026 06:14 • Sistema Rádio Web 2026,,,,,,,,
Última sincronização: 07/06/2026 08:16 • Sistema Rádio Web 2026,,,,,,,,
Última sincronização: 07/06/2026 10:17 • Sistema Rádio Web 2026,,,,,,,,
Última sincronização: 07/06/2026 12:14 • Sistema Rádio Web 2026,,,,,,,,
Última sincronização: 07/06/2026 14:16 • Sistema Rádio Web 2026,,,,,,,,
Última sincronização: 07/06/2026 16:15 • Sistema Rádio Web 2026,,,,,,,,
Última sincronização: 07/06/2026 18:16 • Sistema Rádio Web 2026,,,,,,,,
Última sincronização: 07/06/2026 20:15 • Sistema Rádio Web 2026,,,,,,,,
Última sincronização: 07/06/2026 22:16 • Sistema Rádio Web 2026,,,,,,,,
Última sincronização: 06/06/2026 00:16 • Sistema Rádio Web 2026,,,,,,,,
Última sincronização: 06/06/2026 02:16 • Sistema Rádio Web 2026,,,,,,,,
Última sincronização: 06/06/2026 04:14 • Sistema Rádio Web 2026,,,,,,,,
Última sincronização: 06/06/2026 08:14 • Sistema Rádio Web 2026,,,,,,,,
Última sincronização: 06/06/2026 10:17 • Sistema Rádio Web 2026,,,,,,,,
Última sincronização: 06/06/2026 12:16 • Sistema Rádio Web 2026,,,,,,,,
Última sincronização: 06/06/2026 14:15 • Sistema Rádio Web 2026,,,,,,,,
Última sincronização: 06/06/2026 16:17 • Sistema Rádio Web 2026,,,,,,,,
Última sincronização: 06/06/2026 18:17 • Sistema Rádio Web 2026,,,,,,,,
Última sincronização: 06/06/2026 20:14 • Sistema Rádio Web 2026,,,,,,,,
Última sincronização: 06/06/2026 22:14 • Sistema Rádio Web 2026,,,,,,,,
Última sincronização: 05/06/2026 00:16 • Sistema Rádio Web 2026,,,,,,,,
Última sincronização: 05/06/2026 02:16 • Sistema Rádio Web 2026,,,,,,,,
Última sincronização: 05/06/2026 04:15 • Sistema Rádio Web 2026,,,,,,,,
Última sincronização: 05/06/2026 06:15 • Sistema Rádio Web 2026,,,,,,,,
Última sincronização: 05/06/2026 08:16 • Sistema Rádio Web 2026,,,,,,,,
Última sincronização: 05/06/2026 12:17 • Sistema Rádio Web 2026,,,,,,,,
Última sincronização: 05/06/2026 20:15 • Sistema Rádio Web 2026,,,,,,,,
Última sincronização: 04/06/2026 00:15 • Sistema Rádio Web 2026,,,,,,,,
Última sincronização: 04/06/2026 04:16 • Sistema Rádio Web 2026,,,,,,,,
Última sincronização: 04/06/2026 06:15 • Sistema Rádio Web 2026,,,,,,,,
Última sincronização: 04/06/2026 08:16 • Sistema Rádio Web 2026,,,,,,,,
Última sincronização: 04/06/2026 16:17 • Sistema Rádio Web 2026,,,,,,,,
Última sincronização: 04/06/2026 22:15 • Sistema Rádio Web 2026,,,,,,,,
Última sincronização: 03/06/2026 00:15 • Sistema Rádio Web 2026,,,,,,,,
Última sincronização: 03/06/2026 02:17 • Sistema Rádio Web 2026,,,,,,,,
Última sincronização: 03/06/2026 14:17 • Sistema Rádio Web 2026,,,,,,,,
Última sincronização: 03/06/2026 18:16 • Sistema Rádio Web 2026,,,,,,,,
Última sincronização: 03/06/2026 22:15 • Sistema Rádio Web 2026,,,,,,,,
Última sincronização: 02/06/2026 00:16 • Sistema Rádio Web 2026,,,,,,,,
Última sincronização: 02/06/2026 04:15 • Sistema Rádio Web 2026,,,,,,,,
Última sincronização: 02/06/2026 06:15 • Sistema Rádio Web 2026,,,,,,,,
Última sincronização: 02/06/2026 16:17 • Sistema Rádio Web 2026,,,,,,,,
Última sincronização: 02/06/2026 20:16 • Sistema Rádio Web 2026,,,,,,,,
Última sincronização: 02/06/2026 22:17 • Sistema Rádio Web 2026,,,,,,,,
Última sincronização: 01/06/2026 12:09 • Sistema Rádio Web 2026,,,,,,,,
Última sincronização: 01/06/2026 12:17 • Sistema Rádio Web 2026,,,,,,,,
Última sincronização: 01/06/2026 16:17 • Sistema Rádio Web 2026,,,,,,,,
Última sincronização: 01/06/2026 20:17 • Sistema Rádio Web 2026,,,,,,,,
Última sincronização: 01/06/2026 22:16 • Sistema Rádio Web 2026,,,,,,,,
"=HYPERLINK(""https://drive.google.com/drive/folders/1xfT04A1Tk0K_RKLeQMpnEdGSM45uGFW1"", ""05 - MAI - 26 / 29/05 - SEX"")",B10- MPRN FISCALIZAÇÃO CAPS,LEO,THI ✔,THI ✔,,BOLETIM_RADIO_TJRN_29_05_2026_B10_MPRN_FISCALIZACAO_CAPS,https://docs.google.com/document/d/1zbh32ywpRq-eEdYICMsRA3T7SzngSNa-PfqVxoOIMBk/edit?usp=drivesdk,2026-05-29
"=HYPERLINK(""https://drive.google.com/drive/folders/1xfT04A1Tk0K_RKLeQMpnEdGSM45uGFW1"", ""05 - MAI - 26 / 29/05 - SEX"")",B9- TJRN ÁREAS DE GESTÃO ,LEO,THI ✔,THI ✔,1885.0,BOLETIM_RADIO_TJRN_29_05_2026_B9_TJRN_AREAS_DE_GESTAO_,https://docs.google.com/document/d/1NYqZc4GV6lcnQcVR3124SDvhjxlOfk2JVQBaVhzdBRM/edit?usp=drivesdk,2026-05-29
"=HYPERLINK(""https://drive.google.com/drive/folders/1xfT04A1Tk0K_RKLeQMpnEdGSM45uGFW1"", ""05 - MAI - 26 / 29/05 - SEX"")",B8- TJRN EVENTO CHATJURIS,LEO,THI ✔,THI ✔,,BOLETIM_RADIO_TJRN_29_05_2026_B8_TJRN_EVENTO_CHATJURIS,https://docs.google.com/document/d/1mv67qN_cK_no9ichD1ACW4cqTc2mzr2b6OK7bJsJCTk/edit?usp=drivesdk,2026-05-28
"=HYPERLINK(""https://drive.google.com/drive/folders/1xfT04A1Tk0K_RKLeQMpnEdGSM45uGFW1"", ""05 - MAI - 26 / 29/05 - SEX"")",B7- OAB/RN ALERTA USO INDEVIDO ENTIDADE,LEO,THI ✔,THI ✔,,BOLETIM_RADIO_TJRN_29_05_2026_B7_OABRN_ALERTA_USO_INDEVIDO_ENTIDADE,https://docs.google.com/document/d/1xr68WYI4yiZeyx52CKv8hNgSCU_e5sovmi2fL8YDWWY/edit?usp=drivesdk,2026-05-28
"=HYPERLINK(""https://drive.google.com/drive/folders/1xfT04A1Tk0K_RKLeQMpnEdGSM45uGFW1"", ""05 - MAI - 26 / 29/05 - SEX"")",B6- TJRN MAGISTRADOS FONAJE TRANSNACIONAL ,LEO,THI ✔,THI ✔,,BOLETIM_RADIO_TJRN_29_05_2026_B6_TJRN_MAGISTRADOS_FONAJE_TRANSNACIONAL_,https://docs.google.com/document/d/1PC_CGEuUXgX9DbCYpIGf-KccTjJQ8S4gBMn_w3BL13M/edit?usp=drivesdk,2026-05-28
"=HYPERLINK(""https://drive.google.com/drive/folders/1xfT04A1Tk0K_RKLeQMpnEdGSM45uGFW1"", ""05 - MAI - 26 / 29/05 - SEX"")",B5- TJRN RESULTADO RECURSOS HETEROIDENTIFICAÇÃO ,LEO,THI ✔,THI ✔,,BOLETIM_RADIO_TJRN_29_05_2026_B5_TJRN_RESULTADO_RECURSOS_HETEROIDENTIFICACAO_,https://docs.google.com/document/d/1vTttk7ZIfqUxII6uQjJzcqBOP1vnszV9-vPMZIhMMJ0/edit?usp=drivesdk,2026-05-28
"=HYPERLINK(""https://drive.google.com/drive/folders/1xfT04A1Tk0K_RKLeQMpnEdGSM45uGFW1"", ""05 - MAI - 26 / 29/05 - SEX"")",B4- TJRN COMISSÃO SOLUÇÕES FUNDIÁRIAS ,LEO,THI ✔,THI ✔,1885.0,BOLETIM_RADIO_TJRN_29_05_2026_B4_TJRN_COMISSAO_SOLUCOES_FUNDIARIAS_,https://docs.google.com/document/d/1hOVoDajop_FNRVELnHSq2tU2-EXg0dKdv09T90ZWvHI/edit?usp=drivesdk,2026-05-28
"=HYPERLINK(""https://drive.google.com/drive/folders/1xfT04A1Tk0K_RKLeQMpnEdGSM45uGFW1"", ""05 - MAI - 26 / 29/05 - SEX"")",B3- TJRN PRORROGA VALIDADE CONCURSO ,LEO,THI ✔,THI ✔,1885.0,BOLETIM_RADIO_TJRN_29_05_2026_B3_TJRN_PRORROGA_VALIDADE_CONCURSO_,https://docs.google.com/document/d/1HClCyum5Kc8jPrmOBMf6E2T8zPWDnZ2zZxb5wPbZdNc/edit?usp=drivesdk,2026-05-28
"=HYPERLINK(""https://drive.google.com/drive/folders/1xfT04A1Tk0K_RKLeQMpnEdGSM45uGFW1"", ""05 - MAI - 26 / 29/05 - SEX"")",B2- TJRN SESSÃO HÍBRIDA CAMARA CRIMINAL ,LEO,THI ✔,THI ✔,1885.0,BOLETIM_RADIO_TJRN_29_05_2026_B2_TJRN_SESSAO_HIBRIDA_CAMARA_CRIMINAL_,https://docs.google.com/document/d/1tC0RudLl4LK1cazhfiw8wB-2TWOXrxoxgLj_cVy5ce0/edit?usp=drivesdk,2026-05-28
"=HYPERLINK(""https://drive.google.com/drive/folders/1xfT04A1Tk0K_RKLeQMpnEdGSM45uGFW1"", ""05 - MAI - 26 / 29/05 - SEX"")",B1- TJRN ALMINO AFONSO SELEÇÃO TABELIÃO ,LEO,THI ✔,THI ✔,,BOLETIM_RADIO_TJRN_29_05_2026_B1_TJRN_ALMINO_AFONSO_SELECAO_TABELIAO_,https://docs.google.com/document/d/1i7QIkSKA5cdocnMX2T99KJHqDbnkXADCe_Q5ex9cHiI/edit?usp=drivesdk,2026-05-28
"=HYPERLINK(""https://drive.google.com/drive/folders/1CGY_EaDj8vwg9HyVHSsVmbMEiMhxXh52"", ""05 - MAI - 26 / 28/05 - QUI"")",B10- TRT/RN SEMANA MEIO AMBIENTE ,LEO,THI ✔,THI ✔,,BOLETIM_RADIO_TJRN_28_05_2026_B10_TRTRN_SEMANA_MEIO_AMBIENTE_,https://docs.google.com/document/d/1CjGY0J9vvM5kmIzYWOU8jttUbnd2Yp0uOKSm_tkhCr4/edit?usp=drivesdk,2026-05-28
"=HYPERLINK(""https://drive.google.com/drive/folders/1CGY_EaDj8vwg9HyVHSsVmbMEiMhxXh52"", ""05 - MAI - 26 / 28/05 - QUI"")",B9- TJRN PLATAFORMA APOSTA CONDENADA ,LEO,THI ✔,THI ✔,,BOLETIM_RADIO_TJRN_28_05_2026_B9_TJRN_PLATAFORMA_APOSTA_CONDENADA_,https://docs.google.com/document/d/1reUADj-jaNbUSdBLNvpWjD0Vzy633u3I6E6KlwlEkGM/edit?usp=drivesdk,2026-05-28
"=HYPERLINK(""https://drive.google.com/drive/folders/1CGY_EaDj8vwg9HyVHSsVmbMEiMhxXh52"", ""05 - MAI - 26 / 28/05 - QUI"")",B8- TJRN MUNICÍPIO GARANTIR CONSULTAS ,LEO,THI ✔,THI ✔,,BOLETIM_RADIO_TJRN_28_05_2026_B8_TJRN_MUNICIPIO_GARANTIR_CONSULTAS_,https://docs.google.com/document/d/1tYuZ0DhKIvizRgXfr4mPgve9e_XY7bcVI4PHE-JkLbo/edit?usp=drivesdk,2026-05-28
"=HYPERLINK(""https://drive.google.com/drive/folders/1CGY_EaDj8vwg9HyVHSsVmbMEiMhxXh52"", ""05 - MAI - 26 / 28/05 - QUI"")",B7- TJRN PLATAFORMA PAGAMENTOS BLOQUEIA VALORES,LEO,THI ✔,THI ✔,,BOLETIM_RADIO_TJRN_28_05_2026_B7_TJRN_PLATAFORMA_PAGAMENTOS_BLOQUEIA_VALORES,https://docs.google.com/document/d/1ii5gmC3r8lDz1UJeUGPa3hwAMimRSkAwsrg8Y-JXmQY/edit?usp=drivesdk,2026-05-28
05 - MAI - 26 / 28/05 - QUI,B6- TJRN COOPERAÇÃO TÉCNICA,LEO,THI ✔,THI ✔,,BOLETIM_RADIO_TJRN_28_05_2026_B6_TJRN_COOPERACAO_TECNICA,https://docs.google.com/document/d/1hrdwd44GVUqN59AU0pIpFZfikMzTtMq3msIMnOFwXKg/edit?usp=drivesdk,2026-05-28
"=HYPERLINK(""https://drive.google.com/drive/folders/1CGY_EaDj8vwg9HyVHSsVmbMEiMhxXh52"", ""05 - MAI - 26 / 28/05 - QUI"")",B9 - ESMARN INSCRIÇÕES PLANILHAS ELETRÔNICAS,LEO,THI ✔,THI ✔,,BOLETIM_RADIO_TJRN_28_05_2026_B9_ESMARN_INSCRICOES_PLANILHAS_ELETRONICAS_,https://docs.google.com/document/d/1dQG5uOrt6e7vsPd6kEocV7BjVYJknnCzi5pXVEQmRsk/edit?usp=drivesdk,2026-05-27
"=HYPERLINK(""https://drive.google.com/drive/folders/1CGY_EaDj8vwg9HyVHSsVmbMEiMhxXh52"", ""05 - MAI - 26 / 28/05 - QUI"")",B5- TJRN PROJETO PRÊMIO INNOVARE,LEO,THI ✔,THI ✔,,BOLETIM_RADIO_TJRN_28_05_2026_B5_TJRN_PROJETO_PREMIO_INNOVARE,https://docs.google.com/document/d/1jB3Y7defPFjsZJPPet4a3OMUh7NJcrhLtsZAijeOwcU/edit?usp=drivesdk,2026-05-27
"=HYPERLINK(""https://drive.google.com/drive/folders/1CGY_EaDj8vwg9HyVHSsVmbMEiMhxXh52"", ""05 - MAI - 26 / 28/05 - QUI"")",B4- TJRN DEFINE SULAMITA MEMBRO TRE-RN,LEO,THI ✔,THI ✔,,BOLETIM_RADIO_TJRN_28_05_2026_B4_TJRN_DEFINE_SULAMITA_MEMBRO_TRE_RN,https://docs.google.com/document/d/1jhnkB0-LOWPfCkxgR2ehGSL_UXa48Zumm1lR2ic9uNs/edit?usp=drivesdk,2026-05-27
"=HYPERLINK(""https://drive.google.com/drive/folders/1CGY_EaDj8vwg9HyVHSsVmbMEiMhxXh52"", ""05 - MAI - 26 / 28/05 - QUI"")",B3- TJRN NOVA VERSÃO PJE,LEO,THI ✔,THI ✔,,BOLETIM_RADIO_TJRN_28_05_2026_B3_TJRN_NOVA_VERSAO_PJE,https://docs.google.com/document/d/1jnaJ2PzneywP3qOIfmYT9YAsPQ0rM1J7xGBaqe5CPvY/edit?usp=drivesdk,2026-05-27
"=HYPERLINK(""https://drive.google.com/drive/folders/1CGY_EaDj8vwg9HyVHSsVmbMEiMhxXh52"", ""05 - MAI - 26 / 28/05 - QUI"")",B2- TJRN VARA ASSÚ INTERINO,LEO,THI ✔,THI ✔,,BOLETIM_RADIO_TJRN_28_05_2026_B2_TJRN_VARA_ASSU_INTERINO,https://docs.google.com/document/d/1_WGiBJD6DVbFEAqu4Jn485bWCHESHYonWQ9anODJaW8/edit?usp=drivesdk,2026-05-27
"=HYPERLINK(""https://drive.google.com/drive/folders/1CGY_EaDj8vwg9HyVHSsVmbMEiMhxXh52"", ""05 - MAI - 26 / 28/05 - QUI"")",B1- TJRN MANTÉM NEGATIVA CADASTRO,LEO,THI ✔,THI ✔,,BOLETIM_RADIO_TJRN_28_05_2026_B1_TJRN_MANTEM_NEGATIVA_CADASTRO,https://docs.google.com/document/d/1_KUuYYdZzHpXO1i36RnEwDBQYzYt7fkbKzSwfZLG6uo/edit?usp=drivesdk,2026-05-27
"=HYPERLINK(""https://drive.google.com/drive/folders/1nGCWoJ_wrbnF64LgTcov5EXaK7js90vJ"", ""05 - MAI - 26 / 27/05 - QUA"")",B10- MPRN CONDENAÇÃO BANCO COBRANÇA,LEO,THI ✔,THI ✔,,BOLETIM_RADIO_TJRN_27_05_2026_B10_MPRN_CONDENACAO_BANCO_COBRANCA,https://docs.google.com/document/d/1WzJMZg2EXGR8mOQnSF-R7W7zK-8Pims00uFcayCK8aI/edit?usp=drivesdk,2026-05-27
"=HYPERLINK(""https://drive.google.com/drive/folders/1nGCWoJ_wrbnF64LgTcov5EXaK7js90vJ"", ""05 - MAI - 26 / 27/05 - QUA"")",B9- TJRN HOMEM CONDENADO PORTE ILEGAL ARMA ,LEO,THI ✔,THI ✔,,BOLETIM_RADIO_TJRN_27_05_2026_B9_TJRN_HOMEM_CONDENADO_PORTE_ILEGAL_ARMA_,https://docs.google.com/document/d/13ZevETyvqC3sMThdcPI8d1xE4HfmOavpCjjVdCpbW6o/edit?usp=drivesdk,2026-05-27
"=HYPERLINK(""https://drive.google.com/drive/folders/1nGCWoJ_wrbnF64LgTcov5EXaK7js90vJ"", ""05 - MAI - 26 / 27/05 - QUA"")",B8- TJRN BANCO COMPROVA USO CARTÃO,LEO,THI ✔,THI ✔,,BOLETIM_RADIO_TJRN_27_05_2026_B8_TJRN_BANCO_COMPROVA_USO_CARTAO,https://docs.google.com/document/d/10zQXk8Z6GMNdbTrRVlR9Q03yJldMBxFHfgMic3d67RI/edit?usp=drivesdk,2026-05-27
"=HYPERLINK(""https://drive.google.com/drive/folders/1nGCWoJ_wrbnF64LgTcov5EXaK7js90vJ"", ""05 - MAI - 26 / 27/05 - QUA"")",B7- TJRN CONSUMIDORA INDENIZADA CANCELAMENTO VOO,LEO,THI ✔,THI ✔,,BOLETIM_RADIO_TJRN_27_05_2026_B7_TJRN_CONSUMIDORA_INDENIZADA_CANCELAMENTO_VOO,https://docs.google.com/document/d/1bktVaeKRamAfFUH74fer6PkjkDHQdpb4dcoL8k1I3l0/edit?usp=drivesdk,2026-05-27
"=HYPERLINK(""https://drive.google.com/drive/folders/1nGCWoJ_wrbnF64LgTcov5EXaK7js90vJ"", ""05 - MAI - 26 / 27/05 - QUA"")",B6- TJRN CORREGEDORIA APRIMORAMENTO FUNDIÁRIA ,LEO,THI ✔,THI ✔,,BOLETIM_RADIO_TJRN_27_05_2026_B6_TJRN_CORREGEDORIA_APRIMORAMENTO_FUNDIARIA_,https://docs.google.com/document/d/13FCPsTxK5AawIyGERftK-f0DjV1NcI0HuiPyE-rRdVM/edit?usp=drivesdk,2026-05-27
"=HYPERLINK(""https://drive.google.com/drive/folders/1nGCWoJ_wrbnF64LgTcov5EXaK7js90vJ"", ""05 - MAI - 26 / 27/05 - QUA"")",B5- TJRN LEILÃO 85 IMÓVEIS ,LEO,THI ✔,THI ✔,,BOLETIM_RADIO_TJRN_27_05_2026_B5_TJRN_LEILAO_85_IMOVEIS_,https://docs.google.com/document/d/144D_qE65WpfrrtBdEXkNtIyS0X9PBAL6wBxAqysAxJA/edit?usp=drivesdk,2026-05-26
"=HYPERLINK(""https://drive.google.com/drive/folders/1nGCWoJ_wrbnF64LgTcov5EXaK7js90vJ"", ""05 - MAI - 26 / 27/05 - QUA"")",B4- TJRN ACESSIBILIDADE DIGITAL ,LEO,THI ✔,THI ✔,,BOLETIM_RADIO_TJRN_27_05_2026_B4_TJRN_ACESSIBILIDADE_DIGITAL_,https://docs.google.com/document/d/1KiKwiLQytl5MLfkMMYkh-FXCHEUm6lVJultZLnnm1zA/edit?usp=drivesdk,2026-05-26
"=HYPERLINK(""https://drive.google.com/drive/folders/1nGCWoJ_wrbnF64LgTcov5EXaK7js90vJ"", ""05 - MAI - 26 / 27/05 - QUA"")",B3- TJRN TRIBUNAIS PLANOS AÇÃO JUNHO,LEO,THI ✔,THI ✔,,BOLETIM_RADIO_TJRN_27_05_2026_B3_TJRN_TRIBUNAIS_PLANOS_ACAO_JUNHO,https://docs.google.com/document/d/17_oGrkuSoB3Q7ZEkP58sOjQbKMdkQ0VxnLF-JDFAol0/edit?usp=drivesdk,2026-05-26
"=HYPERLINK(""https://drive.google.com/drive/folders/1nGCWoJ_wrbnF64LgTcov5EXaK7js90vJ"", ""05 - MAI - 26 / 27/05 - QUA"")",B2- TJRN ESTADO CONDENADO OPERAÇÃO POLICIAL,LEO,THI ✔,THI ✔,,BOLETIM_RADIO_TJRN_27_05_2026_B2_TJRN_ESTADO_CONDENADO_OPERACAO_POLICIAL,https://docs.google.com/document/d/1C0A0rvDsSIKL8jnT4O7pwKsEp5RvJKOU1_3IS7m0JCU/edit?usp=drivesdk,2026-05-26
"=HYPERLINK(""https://drive.google.com/drive/folders/1nGCWoJ_wrbnF64LgTcov5EXaK7js90vJ"", ""05 - MAI - 26 / 27/05 - QUA"")",B1- TJRN ESTADO FORNECER APARELHO IDOSA,LEO,THI ✔,THI ✔,,BOLETIM_RADIO_TJRN_27_05_2026_B1_TJRN_ESTADO_FORNECER_APARELHO_IDOSA,https://docs.google.com/document/d/1xwc746b5ygU7eS72Ut88j6WIct3nJUABOPVBJu2sJdE/edit?usp=drivesdk,2026-05-26
"=HYPERLINK(""https://drive.google.com/drive/folders/1IO-SzS8OoK32CRsofNtuYykkoINj1BZB"", ""05 - MAI - 26 / 26/05 - TER"")",B10- DPERN REGULAMENTAÇÃO CANNABIS ,LEO,LEO ✔,THI ✔,,BOLETIM_RADIO_TJRN_26_05_2026_B10_DPERN_REGULAMENTACAO_CANNABIS_,https://docs.google.com/document/d/1Yh0epNwygmFWTZ4QsphC1BqBqunMHL8hYSLuegcMWTo/edit?usp=drivesdk,2026-05-26
"=HYPERLINK(""https://drive.google.com/drive/folders/1IO-SzS8OoK32CRsofNtuYykkoINj1BZB"", ""05 - MAI - 26 / 26/05 - TER"")",B9- OAB/RN PANFLETAGEM FALSO ADVOGADO ,LEO,LEO ✔,THI ✔,,BOLETIM_RADIO_TJRN_26_05_2026_B9_OABRN_PANFLETAGEM_FALSO_ADVOGADO_,https://docs.google.com/document/d/118vh5zWzDaHacV691JH8dS9rYxBbYjBTrQB097yWGok/edit?usp=drivesdk,2026-05-26
"=HYPERLINK(""https://drive.google.com/drive/folders/1IO-SzS8OoK32CRsofNtuYykkoINj1BZB"", ""05 - MAI - 26 / 26/05 - TER"")",B8- ESMARN INSCRIÇÕES CURSO COMPLIANCE ,LEO,LEO ✔,THI ✔,,BOLETIM_RADIO_TJRN_26_05_2026_B8_ESMARN_INSCRICOES_CURSO_COMPLIANCE_,https://docs.google.com/document/d/1bibuO5qGOtgSmVazJeViLPk5a-342ri09M4iSxAci7U/edit?usp=drivesdk,2026-05-26
"=HYPERLINK(""https://drive.google.com/drive/folders/1IO-SzS8OoK32CRsofNtuYykkoINj1BZB"", ""05 - MAI - 26 / 26/05 - TER"")",B7- TJRN PLANO SAÚDE INDENIZA GESTANTE ,LEO,LEO ✔,THI ✔,,BOLETIM_RADIO_TJRN_26_05_2026_B7_TJRN_PLANO_SAUDE_INDENIZA_GESTANTE_,https://docs.google.com/document/d/106k6QlV1fDBscguKt67LfbXocW_0v59hPXEPoAM8fWo/edit?usp=drivesdk,2026-05-26
"=HYPERLINK(""https://drive.google.com/drive/folders/1IO-SzS8OoK32CRsofNtuYykkoINj1BZB"", ""05 - MAI - 26 / 26/05 - TER"")",B6- TJRN PODCAST IA CIBERSEGURANÇA ,LEO,LEO ✔,THI ✔,,BOLETIM_RADIO_TJRN_26_05_2026_B6_TJRN_PODCAST_IA_CIBERSEGURANCA_,https://docs.google.com/document/d/1jc3sI180S5tycCdG55FF9jmVHuAGI7CkHhXODdBJlVo/edit?usp=drivesdk,2026-05-26
"=HYPERLINK(""https://drive.google.com/drive/folders/1IO-SzS8OoK32CRsofNtuYykkoINj1BZB"", ""05 - MAI - 26 / 26/05 - TER"")",B5- TJRN CURSO ADOÇÃO ,LEO,THI ✔,THI ✔,,BOLETIM_RADIO_TJRN_26_05_2026_B5_TJRN_CURSO_ADOCAO_,https://docs.google.com/document/d/1yTX5lTsdPd7nx-RlBs9wZmJ4juUuj-J-tECsUCTUxzs/edit?usp=drivesdk,2026-05-26
"=HYPERLINK(""https://drive.google.com/drive/folders/1IO-SzS8OoK32CRsofNtuYykkoINj1BZB"", ""05 - MAI - 26 / 26/05 - TER"")",B4- TJRN VARA FAMILIA SELEÇÃO ,LEO,THI ✔,THI ✔,,BOLETIM_RADIO_TJRN_26_05_2026_B4_TJRN_VARA_FAMILIA_SELECAO_,https://docs.google.com/document/d/1O-bAUVAiuy2bk79R_EV-M8h-KHIJ3DF5Hhv9582NJjA/edit?usp=drivesdk,2026-05-26
"=HYPERLINK(""https://drive.google.com/drive/folders/1IO-SzS8OoK32CRsofNtuYykkoINj1BZB"", ""05 - MAI - 26 / 26/05 - TER"")",B3- TJRN CONSUMIDORA VENCE AÇÃO ,LEO,THI ✔,THI ✔,,BOLETIM_RADIO_TJRN_26_05_2026_B3_TJRN_CONSUMIDORA_VENCE_ACAO_,https://docs.google.com/document/d/1lxkvre8_ZzF6R8BJOS1OxL0hmpglUupngTIhdT1kTmg/edit?usp=drivesdk,2026-05-26
"=HYPERLINK(""https://drive.google.com/drive/folders/1IO-SzS8OoK32CRsofNtuYykkoINj1BZB"", ""05 - MAI - 26 / 26/05 - TER"")",B2- TJRN EMPRESAS RESPONSABILIZADAS CARGA ,LEO,THI ✔,THI ✔,,BOLETIM_RADIO_TJRN_26_05_2026_B2_TJRN_EMPRESAS_RESPONSABILIZADAS_CARGA_,https://docs.google.com/document/d/1CyBaRAfCgbghEWFJHGAmVoINI0uZVd3CKQ64vjDrvNU/edit?usp=drivesdk,2026-05-26
"=HYPERLINK(""https://drive.google.com/drive/folders/1IO-SzS8OoK32CRsofNtuYykkoINj1BZB"", ""05 - MAI - 26 / 26/05 - TER"")",B1- TJRN ENCERRAMENTO SEMANA ADOÇÃO ,LEO,THI ✔,THI ✔,,BOLETIM_RADIO_TJRN_26_05_2026_B1_TJRN_ENCERRAMENTO_SEMANA_ADOCAO_,https://docs.google.com/document/d/175NvpH_9hZXPioU1A2Q3-d22wPJUAY6QdrHPprXgrzI/edit?usp=drivesdk,2026-05-26
"=HYPERLINK(""https://drive.google.com/drive/folders/1v6Qd_a66-DmSil2h1oPvDC5TMRGgunsy"", ""05 - MAI - 26 / 25/05 - SEG"")",B10- DPERN GARANTE LIMITE COPARTICIPAÇÃO ,LEO,LEO ✔,THI ✔,,BOLETIM_RADIO_TJRN_25_05_2026_B10_DPERN_GARANTE_LIMITE_COPARTICIPACAO_,https://docs.google.com/document/d/12jhtzvWxJyfzGE6KSNn02DevAURI31mHJJnV6H-nKb0/edit?usp=drivesdk,2026-05-25
"=HYPERLINK(""https://drive.google.com/drive/folders/1v6Qd_a66-DmSil2h1oPvDC5TMRGgunsy"", ""05 - MAI - 26 / 25/05 - SEG"")",B9- TRT/RN EMPRESA PAGARÁ INDENIZAÇÃO ,LEO,LEO ✔,THI ✔,,BOLETIM_RADIO_TJRN_25_05_2026_B9_TRTRN_EMPRESA_PAGARA_INDENIZACAO_,https://docs.google.com/document/d/1IzImBs2MUwWCpls3R6leddebo937WFFvnfiatzFHuXQ/edit?usp=drivesdk,2026-05-25
"=HYPERLINK(""https://drive.google.com/drive/folders/1v6Qd_a66-DmSil2h1oPvDC5TMRGgunsy"", ""05 - MAI - 26 / 25/05 - SEG"")",B8- TJRN CURSO ADOÇÃO ,LEO,LEO ✔,THI ✔,,BOLETIM_RADIO_TJRN_25_05_2026_B8_TJRN_CURSO_ADOCAO_,https://docs.google.com/document/d/1WYJ62j8YhALlz745FuwaoYZfk3nj7_VjgplSJGy88Jg/edit?usp=drivesdk,2026-05-25
"=HYPERLINK(""https://drive.google.com/drive/folders/1v6Qd_a66-DmSil2h1oPvDC5TMRGgunsy"", ""05 - MAI - 26 / 25/05 - SEG"")",B7- TJRN NOVA BIBLIOTECA TJRN  ,LEO,LEO ✔,THI ✔,,BOLETIM_RADIO_TJRN_25_05_2026_B7_TJRN_NOVA_BIBLIOTECA_TJRN_,https://docs.google.com/document/d/1A4aND5Ue02nEXkn5vQg6iF4C9CXRhxSibJbnisAqPh4/edit?usp=drivesdk,2026-05-25
"=HYPERLINK(""https://drive.google.com/drive/folders/1v6Qd_a66-DmSil2h1oPvDC5TMRGgunsy"", ""05 - MAI - 26 / 25/05 - SEG"")",B6- ESTÁGIO DIREITO MOSSORÓ,LIV,LEO ✔,THI ✔,,BOLETIM_RADIO_TJRN_25_05_2026_B6_ESTAGIO_DIREITO_MOSSORO,https://docs.google.com/document/d/1sJ8tP-QkzWJDm3ol2RrJqAwJCfVnI9ZaaS3_49FIvr4/edit?usp=drivesdk,2026-05-25
"=HYPERLINK(""https://drive.google.com/drive/folders/1v6Qd_a66-DmSil2h1oPvDC5TMRGgunsy"", ""05 - MAI - 26 / 25/05 - SEG"")",B5- CONSUMIDORA VENCE CAUSA COSERN,LIV,THI ✔,THI ✔,,BOLETIM_RADIO_TJRN_25_05_2026_B5_CONSUMIDORA_VENCE_CAUSA_COSERN,https://docs.google.com/document/d/1KFS0T7S2zQICdnaoVpltOjFHNtNCb5MwmC7SxCcC9Ls/edit?usp=drivesdk,2026-05-25
"=HYPERLINK(""https://drive.google.com/drive/folders/1v6Qd_a66-DmSil2h1oPvDC5TMRGgunsy"", ""05 - MAI - 26 / 25/05 - SEG"")",B4- RESPONSABILIDADE EMPRESA TRANSPORTE ACIDENTE,LIV,THI ✔,THI ✔,1881.0,BOLETIM_RADIO_TJRN_25_05_2026_B4_RESPONSABILIDADE_EMPRESA_TRANSPORTE_ACIDENTE,https://docs.google.com/document/d/1Rbp0ikVjRhwqifr6oUjOca3_HzQWnaj6gi41jvGYswk/edit?usp=drivesdk,2026-05-25
"=HYPERLINK(""https://drive.google.com/drive/folders/1v6Qd_a66-DmSil2h1oPvDC5TMRGgunsy"", ""05 - MAI - 26 / 25/05 - SEG"")",B3- COPARTICIPAÇÃO LIMITADA TEA,LIV,THI ✔,THI ✔,1881.0,BOLETIM_RADIO_TJRN_25_05_2026_B3_COPARTICIPACAO_LIMITADA_TEA,https://docs.google.com/document/d/16_ewonTujJxl6WbY-5AoiVCVkCD8TT1GqcA_moznJBM/edit?usp=drivesdk,2026-05-25
"=HYPERLINK(""https://drive.google.com/drive/folders/1v6Qd_a66-DmSil2h1oPvDC5TMRGgunsy"", ""05 - MAI - 26 / 25/05 - SEG"")",B2- CONDENAÇÃO MARCENEIRO,LIV,THI ✔,THI ✔,1881.0,BOLETIM_RADIO_TJRN_25_05_2026_B2_CONDENACAO_MARCENEIRO,https://docs.google.com/document/d/16GLmEFUu8nwj96sj9AWHXXzlzH7EZi97ZlW9CZLkQYM/edit?usp=drivesdk,2026-05-25
"=HYPERLINK(""https://drive.google.com/drive/folders/1v6Qd_a66-DmSil2h1oPvDC5TMRGgunsy"", ""05 - MAI - 26 / 25/05 - SEG"")",B1- SEMANA ADOÇÃO ASSEMBLEIA,LIV,THI ✔,THI ✔,1881.0,BOLETIM_RADIO_TJRN_25_05_2026_B1_SEMANA_ADOCAO_ASSEMBLEIA,https://docs.google.com/document/d/1E1F0LB1oDI6DIlhDp4O_XYBjVt_pdrLe3LxkUw5QnDw/edit?usp=drivesdk,2026-05-25
"=HYPERLINK(""https://drive.google.com/drive/folders/1X_cZvnZZpB_0SqcbolNCwvqujU3ykqg2"", ""05 - MAI - 26 / 22/05 - SEX"")",B10- TJRN CÂMARA CRIMINAL ANTECIPADA ,LEO,LIV ✔,THI ✔,,BOLETIM_RADIO_TJRN_22_05_2026_B10_TJRN_CAMARA_CRIMINAL_ANTECIPADA_,https://docs.google.com/document/d/1i8RX2ho_kIfzBETdVcOnllefYn_ESK0ZtxcVTWQyPGY/edit?usp=drivesdk,2026-05-22
"=HYPERLINK(""https://drive.google.com/drive/folders/1X_cZvnZZpB_0SqcbolNCwvqujU3ykqg2"", ""05 - MAI - 26 / 22/05 - SEX"")",B9- TJRN COSERN CONDENADA OSCILAÇÕES ,LEO,LIV ✔,THI ✔,,BOLETIM_RADIO_TJRN_22_05_2026_B9_TJRN_COSERN_CONDENADA_OSCILACOES_,https://docs.google.com/document/d/1hboDTn98mdbtg0UiLcWiz_eCL-OnlE75VhMoUGmmUw4/edit?usp=drivesdk,2026-05-22
"=HYPERLINK(""https://drive.google.com/drive/folders/1X_cZvnZZpB_0SqcbolNCwvqujU3ykqg2"", ""05 - MAI - 26 / 22/05 - SEX"")",B8- TJRN MORTE FETO DEFICIÊNCIA ,LEO,LIV ✔,THI ✔,,BOLETIM_RADIO_TJRN_22_05_2026_B8_TJRN_MORTE_FETO_DEFICIENCIA_,https://docs.google.com/document/d/1PZFfy8AtQKk4wGU5BaEsp1v70G84DVrwm16CfLWEH_8/edit?usp=drivesdk,2026-05-22
"=HYPERLINK(""https://drive.google.com/drive/folders/1X_cZvnZZpB_0SqcbolNCwvqujU3ykqg2"", ""05 - MAI - 26 / 22/05 - SEX"")",B7- TJRN MANTIDA SEPARAÇÃO VALORES INDENIZATÓRIOS ,LEO,LIV ✔,THI ✔,,BOLETIM_RADIO_TJRN_22_05_2026_B7_TJRN_MANTIDA_SEPARACAO_VALORES_INDENIZATORIOS_,https://docs.google.com/document/d/1rgk8P2gmU3CZGZrUs_XlnPSNVdXJ19jCZQKyEb2H2cs/edit?usp=drivesdk,2026-05-22
"=HYPERLINK(""https://drive.google.com/drive/folders/1X_cZvnZZpB_0SqcbolNCwvqujU3ykqg2"", ""05 - MAI - 26 / 22/05 - SEX"")",B6- TJRN FEMINICÍDIO JÚRI POPULAR ,LEO,LIV ✔,THI ✔,1880.0,BOLETIM_RADIO_TJRN_22_05_2026_B6_TJRN_FEMINICIDIO_JURI_POPULAR_,https://docs.google.com/document/d/1ofJvdkX1UIh0kSlZ0SFo1_hFQzAU4vFYfNQbwzXwwXE/edit?usp=drivesdk,2026-05-22
"=HYPERLINK(""https://drive.google.com/drive/folders/1X_cZvnZZpB_0SqcbolNCwvqujU3ykqg2"", ""05 - MAI - 26 / 22/05 - SEX"")",B5- TJRN ÓBITO CRIANÇA MOSSORÓ,LEO,LIV ✔,THI ✔,1880.0,BOLETIM_RADIO_TJRN_22_05_2026_B5_TJRN_OBITO_CRIANCA_MOSSORO,https://docs.google.com/document/d/1jlmG83dJV4LetZ9GUISc_PIje_xfInigJKtAQRNT2Kw/edit?usp=drivesdk,2026-05-22
"=HYPERLINK(""https://drive.google.com/drive/folders/1X_cZvnZZpB_0SqcbolNCwvqujU3ykqg2"", ""05 - MAI - 26 / 22/05 - SEX"")",B4- TJRN FIXA PRAZO 60 DIAS IDEMA,LEO,LIV ✔,THI ✔,,BOLETIM_RADIO_TJRN_22_05_2026_B4_TJRN_FIXA_PRAZO_60_DIAS_IDEMA,https://docs.google.com/document/d/1gxEuAwuTIf14FbCQUdXUASbbW9XN7JPZ64pnqADF2hQ/edit?usp=drivesdk,2026-05-22
"=HYPERLINK(""https://drive.google.com/drive/folders/1X_cZvnZZpB_0SqcbolNCwvqujU3ykqg2"", ""05 - MAI - 26 / 22/05 - SEX"")",B3- TJRN DESTACA FORTALECIMENTO REDE PROTEÇÃO,LEO,LIV ✔,THI ✔,1880.0,BOLETIM_RADIO_TJRN_22_05_2026_B3_TJRN_DESTACA_FORTALECIMENTO_REDE_PROTECAO,https://docs.google.com/document/d/1DpQOptzJxlMmGSCKRHp4lhRck0XOC7YbzAnN1h39OxM/edit?usp=drivesdk,2026-05-22
"=HYPERLINK(""https://drive.google.com/drive/folders/1X_cZvnZZpB_0SqcbolNCwvqujU3ykqg2"", ""05 - MAI - 26 / 22/05 - SEX"")",B2- TJRN SUSPENDE LICITAÇÃO SAMU,LEO,LIV ✔,THI ✔,1880.0,BOLETIM_RADIO_TJRN_22_05_2026_B2_TJRN_SUSPENDE_LICITACAO_SAMU,https://docs.google.com/document/d/11UWgSJ-OySXO5yJJl46EzoLdJGyeg31rQhWusfxRR3k/edit?usp=drivesdk,2026-05-22
"=HYPERLINK(""https://drive.google.com/drive/folders/1X_cZvnZZpB_0SqcbolNCwvqujU3ykqg2"", ""05 - MAI - 26 / 22/05 - SEX"")",B1- TJRN INDISPONIBILIDADE SÁBADO ,LEO,LIV ✔,THI ✔,,BOLETIM_RADIO_TJRN_22_05_2026_B1_TJRN_INDISPONIBILIDADE_SABADO_,https://docs.google.com/document/d/1DEQ-aB2F-rYZUlCsGVq4pndvxW9xZVvlywTKRXgeCaY/edit?usp=drivesdk,2026-05-21
"=HYPERLINK(""https://drive.google.com/drive/folders/1cNXZK_gTMts6C57fwh1spx3bmVdBiP9x"", ""05 - MAI - 26 / 21/05 - QUI"")",B10- TRT/RN CARTILHA RESPEITO ASSÉDIO MORAL ,LEO,THI ✔,THI ✔,,BOLETIM_RADIO_TJRN_21_05_2026_B10_TRTRN_CARTILHA_RESPEITO_ASSEDIO_MORAL_,https://docs.google.com/document/d/1MpqZ5dsBN_AGNOjXWaW3xYxv_0fEz0NBOcvXYyMUUWk/edit?usp=drivesdk,2026-05-21
"=HYPERLINK(""https://drive.google.com/drive/folders/1cNXZK_gTMts6C57fwh1spx3bmVdBiP9x"", ""05 - MAI - 26 / 21/05 - QUI"")",B9- OAB/RN OBSERVATÓRIO PUBLICIDADE,LEO,LIV ✔,LET ✔,,BOLETIM_RADIO_TJRN_21_05_2026_B9_OABRN_OBSERVATORIO_PUBLICIDADE,https://docs.google.com/document/d/1Rvjj0qcNykvD1zVR7kaw8wAGnQO3DTpPfBeSUE5W_84/edit?usp=drivesdk,2026-05-21
"=HYPERLINK(""https://drive.google.com/drive/folders/1cNXZK_gTMts6C57fwh1spx3bmVdBiP9x"", ""05 - MAI - 26 / 21/05 - QUI"")",B8- TJRN LANÇA BIBLIOTECA DIGITAL ,LEO,LIV ✔,LET ✔,,BOLETIM_RADIO_TJRN_21_05_2026_B8_TJRN_LANCA_BIBLIOTECA_DIGITAL_,https://docs.google.com/document/d/1wHJXHdLtk7OPLEtVLWfE5aT88_vEL3SNDSdKL4cAVmU/edit?usp=drivesdk,2026-05-21
"=HYPERLINK(""https://drive.google.com/drive/folders/1cNXZK_gTMts6C57fwh1spx3bmVdBiP9x"", ""05 - MAI - 26 / 21/05 - QUI"")",B7- TJRN ESTÁGIO ESMARN ,LEO,LIV ✔,LET ✔,,BOLETIM_RADIO_TJRN_21_05_2026_B7_TJRN_ESTAGIO_ESMARN_,https://docs.google.com/document/d/1dluHyLqFVbNZgs58g7HR3zN04D9XFcgvUQPNjsxpD9Y/edit?usp=drivesdk,2026-05-21
"=HYPERLINK(""https://drive.google.com/drive/folders/1cNXZK_gTMts6C57fwh1spx3bmVdBiP9x"", ""05 - MAI - 26 / 21/05 - QUI"")",B6- TJRN FALHA PRESTAÇÃO SERVIÇOS TELECOMUNICAÇÕES,LEO,LIV ✔,LET ✔,,BOLETIM_RADIO_TJRN_21_05_2026_B6_TJRN_FALHA_PRESTACAO_SERVICOS_TELECOMUNICACOES,https://docs.google.com/document/d/1jtmXEe6MGfuB1JjJT0FSB0PoFD3nFAeX5j-iSix81nE/edit?usp=drivesdk,2026-05-21
"=HYPERLINK(""https://drive.google.com/drive/folders/1cNXZK_gTMts6C57fwh1spx3bmVdBiP9x"", ""05 - MAI - 26 / 21/05 - QUI"")",B5- TJRN DETERMINA RESTITUIÇÃO CONSUMIDORES,LEO,LEO ✔,LET ✔,,BOLETIM_RADIO_TJRN_21_05_2026_B5_TJRN_DETERMINA_RESTITUICAO_CONSUMIDORES,https://docs.google.com/document/d/13u2hJ19J-pDz1e79IxHBPLGuqXl0wVzsI0OKRpq-ZhA/edit?usp=drivesdk,2026-05-21
"=HYPERLINK(""https://drive.google.com/drive/folders/1cNXZK_gTMts6C57fwh1spx3bmVdBiP9x"", ""05 - MAI - 26 / 21/05 - QUI"")",B4- TJRN CONTRATAÇÕES NÃO GERAM NOMEAÇÕES ,LEO,LEO ✔,LET ✔,1879.0,BOLETIM_RADIO_TJRN_21_05_2026_B4_TJRN_CONTRATACOES_NAO_GERAM_NOMEACOES_,https://docs.google.com/document/d/1pcnJYX7qtxzW-adi-JmkT6ZAb81uzs3LsLbvKHWh1A8/edit?usp=drivesdk,2026-05-21
"=HYPERLINK(""https://drive.google.com/drive/folders/1cNXZK_gTMts6C57fwh1spx3bmVdBiP9x"", ""05 - MAI - 26 / 21/05 - QUI"")",B3- TJRN REDE SOCIAL BLOQUEIA PERFIL,LEO,LEO ✔,LET ✔,1879.0,BOLETIM_RADIO_TJRN_21_05_2026_B3_TJRN_REDE_SOCIAL_BLOQUEIA_PERFIL,https://docs.google.com/document/d/1i8B7e9huhsNN6sxWwvsc42VHx5VTjvdA2jFbQQeGuqU/edit?usp=drivesdk,2026-05-21
"=HYPERLINK(""https://drive.google.com/drive/folders/1cNXZK_gTMts6C57fwh1spx3bmVdBiP9x"", ""05 - MAI - 26 / 21/05 - QUI"")",B2- TJRN DESCIMPRIMENTO CONRATO VERBAL,LEO,LEO ✔,LET ✔,1879.0,BOLETIM_RADIO_TJRN_21_05_2026_B2_TJRN_DESCIMPRIMENTO_CONRATO_VERBAL,https://docs.google.com/document/d/1BG6nvORtUQo4uHEIDupxCARzyU65sER65FGwRxEdtFw/edit?usp=drivesdk,2026-05-21
"=HYPERLINK(""https://drive.google.com/drive/folders/1cNXZK_gTMts6C57fwh1spx3bmVdBiP9x"", ""05 - MAI - 26 / 21/05 - QUI"")",B1- TJRN PM ESQUIZOFRENIA ,LEO,LEO ✔,LET ✔,1879.0,BOLETIM_RADIO_TJRN_21_05_2026_B1_TJRN_PM_ESQUIZOFRENIA_,https://docs.google.com/document/d/1lxPU3joDwbbNfpYM_amVAELnTmiof-vRcgr7B7H-Gx0/edit?usp=drivesdk,2026-05-21
"=HYPERLINK(""https://drive.google.com/drive/folders/1FWBNlOCRr1DlWYXIJEgIRDR0PJxaSh0Z"", ""05 - MAI - 26 / 20/05 - QUA"")",B10 - ESMARN CAPACITAÇÃO GESTÃO RISCO,LEO,LIV ✔,LET ✔,,BOLETIM_RADIO_TJRN_20_05_2026_B10_ESMARN_CAPACITACAO_GESTAO_RISCO,https://docs.google.com/document/d/1oFJ-jva5hAmhodvuIhO0J7nGJsKZi8ilFABu5fkutSs/edit?usp=drivesdk,2026-05-20
"=HYPERLINK(""https://drive.google.com/drive/folders/1FWBNlOCRr1DlWYXIJEgIRDR0PJxaSh0Z"", ""05 - MAI - 26 / 20/05 - QUA"")",B9- TRT/RN SEMANA NACIONAL CONCILIAÇÃO ,LEO,LIV ✔,LET ✔,,BOLETIM_RADIO_TJRN_20_05_2026_B9_TRTRN_SEMANA_NACIONAL_CONCILIACAO_,https://docs.google.com/document/d/1V0_zwnrOfy6DxCB072R8n64BazCCDzjpM2mTyqrAOrk/edit?usp=drivesdk,2026-05-20
"=HYPERLINK(""https://drive.google.com/drive/folders/1FWBNlOCRr1DlWYXIJEgIRDR0PJxaSh0Z"", ""05 - MAI - 26 / 20/05 - QUA"")",B8- MPRN VISITAS MATERNIDADES,LEO,LIV ✔,LET ✔,,BOLETIM_RADIO_TJRN_20_05_2026_B8_MPRN_VISITAS_MATERNIDADES,https://docs.google.com/document/d/1IsHHmSXFu-LXo9S8GC3P2Fuq5mkoRb2cfsD8cu5EIlU/edit?usp=drivesdk,2026-05-20
"=HYPERLINK(""https://drive.google.com/drive/folders/1FWBNlOCRr1DlWYXIJEgIRDR0PJxaSh0Z"", ""05 - MAI - 26 / 20/05 - QUA"")",B7- MPRN MEDIDAS PRESERVAÇÃO PATRIMÔNIO,LEO,LIV ✔,LET ✔,,BOLETIM_RADIO_TJRN_20_05_2026_B7_MPRN_MEDIDAS_PRESERVACAO_PATRIMONIO,https://docs.google.com/document/d/1Ds5El0EoIp-eaqMFeDjITbFVcr6D6yj-e9pGO8TnFok/edit?usp=drivesdk,2026-05-20
"=HYPERLINK(""https://drive.google.com/drive/folders/1FWBNlOCRr1DlWYXIJEgIRDR0PJxaSh0Z"", ""05 - MAI - 26 / 20/05 - QUA"")",B6- CONDENAÇÃO VENDEDOR CARRO,LIV,LIV ✔,LET ✔,,BOLETIM_RADIO_TJRN_20_05_2026_B6_CONDENACAO_VENDEDOR_CARRO,https://docs.google.com/document/d/1U9ILD4djxwdK_yvvMpi7df9GiNQh6BP4mgcEsW-2Bj0/edit?usp=drivesdk,2026-05-20
"=HYPERLINK(""https://drive.google.com/drive/folders/1FWBNlOCRr1DlWYXIJEgIRDR0PJxaSh0Z"", ""05 - MAI - 26 / 20/05 - QUA"")",B5- RESPONSÁVEL INTERINO SÃO BENTO NORTE,LIV,LEO ✔,LET ✔,,BOLETIM_RADIO_TJRN_20_05_2026_B5_RESPONSAVEL_INTERINO_SAO_BENTO_NORTE,https://docs.google.com/document/d/1WDuqabMJ-dvU6-UljVmS44mI-23TGKFZY1vMQ1sm6GA/edit?usp=drivesdk,2026-05-20
"=HYPERLINK(""https://drive.google.com/drive/folders/1FWBNlOCRr1DlWYXIJEgIRDR0PJxaSh0Z"", ""05 - MAI - 26 / 20/05 - QUA"")",B4- COMÉRCIO ILEGAL ARMAS JULGAMENTO,LIV,LEO ✔,LET ✔,1878.0,BOLETIM_RADIO_TJRN_20_05_2026_B4_COMERCIO_ILEGAL_ARMAS_JULGAMENTO,https://docs.google.com/document/d/1N3JEdk-3oKf2f8FITEqSUZP1yRjIqeqroStFujfRxaQ/edit?usp=drivesdk,2026-05-20
"=HYPERLINK(""https://drive.google.com/drive/folders/1FWBNlOCRr1DlWYXIJEgIRDR0PJxaSh0Z"", ""05 - MAI - 26 / 20/05 - QUA"")",B3- MEDICAMENTO DOMICILIAR PLANO SAÚDE,LIV,LEO ✔,LET ✔,1878.0,BOLETIM_RADIO_TJRN_20_05_2026_B3_MEDICAMENTO_DOMICILIAR_PLANO_SAUDE,https://docs.google.com/document/d/14AhNy6MgclG4O93pidccpIM_TYpK1n3TZ9Q6GLypNyA/edit?usp=drivesdk,2026-05-20
"=HYPERLINK(""https://drive.google.com/drive/folders/1FWBNlOCRr1DlWYXIJEgIRDR0PJxaSh0Z"", ""05 - MAI - 26 / 20/05 - QUA"")",B2- INDENIZAÇÃO GELADEIRA DEFEITUOSA,LIV,LEO ✔,LET ✔,1878.0,BOLETIM_RADIO_TJRN_20_05_2026_B2_INDENIZACAO_GELADEIRA_DEFEITUOSA,https://docs.google.com/document/d/1fwwoTjerZZshOYM61CA6aM8gy0iRSIdbpKaD6a6MA90/edit?usp=drivesdk,2026-05-20
"=HYPERLINK(""https://drive.google.com/drive/folders/1FWBNlOCRr1DlWYXIJEgIRDR0PJxaSh0Z"", ""05 - MAI - 26 / 20/05 - QUA"")",B1- ABERTURA SEMANA ESTADUAL ADOÇÃO,LIV,LEO ✔,LET ✔,1878.0,BOLETIM_RADIO_TJRN_20_05_2026_B1_ABERTURA_SEMANA_ESTADUAL_ADOCAO,https://docs.google.com/document/d/1KBBT-7-P7AfCEKQYfJF4bq7kkLm0XLQ-QkcTcObf_Mw/edit?usp=drivesdk,2026-05-20
"=HYPERLINK(""https://drive.google.com/drive/folders/14bR0h1bpYJCpMrURSR15DlgAO0d4y1ZI"", ""05 - MAI - 26 / 19/05 - TER"")",B10- TJRN PROJETO GERENCIAMENTO EVIDÊNCIA DIGITAIS ,LEO,LIV ✔,LET ✔,,BOLETIM_RADIO_TJRN_19_05_2026_B10_TJRN_PROJETO_GERENCIAMENTO_EVIDENCIA_DIGITAIS_,https://docs.google.com/document/d/1rjfdjW2YLEykpEZRBJK-XZ35nB-Q43i0KkJJ1wzBYQ0/edit?usp=drivesdk,2026-05-19
"=HYPERLINK(""https://drive.google.com/drive/folders/14bR0h1bpYJCpMrURSR15DlgAO0d4y1ZI"", ""05 - MAI - 26 / 19/05 - TER"")",B9- TJRN VARA CIVEL PARNAMIRIM SELEÇÃO ,LEO,LIV ✔,LET ✔,,BOLETIM_RADIO_TJRN_19_05_2026_B9_TJRN_VARA_CIVEL_PARNAMIRIM_SELECAO_,https://docs.google.com/document/d/1ILZLUNs3StJghDUDMv1VAnkc5NJmBj-Savgs1Ta8Lqs/edit?usp=drivesdk,2026-05-19
"=HYPERLINK(""https://drive.google.com/drive/folders/14bR0h1bpYJCpMrURSR15DlgAO0d4y1ZI"", ""05 - MAI - 26 / 19/05 - TER"")",B8- TJRN IDOSO INDENIZADO DISPOSITIVO COM DEFEITO ,LEO,LIV ✔,LET ✔,,BOLETIM_RADIO_TJRN_19_05_2026_B8_TJRN_IDOSO_INDENIZADO_DISPOSITIVO_COM_DEFEITO_,https://docs.google.com/document/d/1YKg-1WHYj7IZuha53cZAaeR-fIxslvUrgetEdbgMEyo/edit?usp=drivesdk,2026-05-19
"=HYPERLINK(""https://drive.google.com/drive/folders/14bR0h1bpYJCpMrURSR15DlgAO0d4y1ZI"", ""05 - MAI - 26 / 19/05 - TER"")",B7- TJRN JULGADO RECURSO ACUSADO ESTELIONATO ,LEO,LIV ✔,LET ✔,1877.0,BOLETIM_RADIO_TJRN_19_05_2026_B7_TJRN_JULGADO_RECURSO_ACUSADO_ESTELIONATO_,https://docs.google.com/document/d/1OZQEfDDYkxkw80cs8gPh7DTj6ocevymjDgMF3xycTsU/edit?usp=drivesdk,2026-05-19
"=HYPERLINK(""https://drive.google.com/drive/folders/14bR0h1bpYJCpMrURSR15DlgAO0d4y1ZI"", ""05 - MAI - 26 / 19/05 - TER"")",B6- TJRN MANTIDO JÚRI ACUSADO HOMICÍDIO ,LEO,LIV ✔,LET ✔,1877.0,BOLETIM_RADIO_TJRN_19_05_2026_B6_TJRN_MANTIDO_JURI_ACUSADO_HOMICIDIO_,https://docs.google.com/document/d/14G6PLctzP61ccCTUwPIo4BY8sd7mh7Ae7V7awPRQobk/edit?usp=drivesdk,2026-05-19
"=HYPERLINK(""https://drive.google.com/drive/folders/14bR0h1bpYJCpMrURSR15DlgAO0d4y1ZI"", ""05 - MAI - 26 / 19/05 - TER"")",B5- TJRN RECONHECE FALHA REDE SOCIAL ,LEO,LEO ✔,LET ✔,1877.0,BOLETIM_RADIO_TJRN_19_05_2026_B5_TJRN_RECONHECE_FALHA_REDE_SOCIAL_,https://docs.google.com/document/d/1R6EPE5g5uU7Z22g3BYSo1W7AnxtbKKOKNoxoMFOh0E8/edit?usp=drivesdk,2026-05-19
"=HYPERLINK(""https://drive.google.com/drive/folders/14bR0h1bpYJCpMrURSR15DlgAO0d4y1ZI"", ""05 - MAI - 26 / 19/05 - TER"")",B4- TJRN NEGA AÇÃO POPULAR VEREADOR ,LEO,LEO ✔,LET ✔,1877.0,BOLETIM_RADIO_TJRN_19_05_2026_B4_TJRN_NEGA_ACAO_POPULAR_VEREADOR_,https://docs.google.com/document/d/1YIi6yZ5UPoodNaQQ-q8aaSuLdECZx2GgGaUX_tnw0DY/edit?usp=drivesdk,2026-05-19
"=HYPERLINK(""https://drive.google.com/drive/folders/14bR0h1bpYJCpMrURSR15DlgAO0d4y1ZI"", ""05 - MAI - 26 / 19/05 - TER"")",B3- TJRN JUSTIÇ@RN,LEO,LEO ✔,LET ✔,,BOLETIM_RADIO_TJRN_19_05_2026_B3_TJRN_JUSTICRN,https://docs.google.com/document/d/1BYrkma3Ri2Iz9LYOlYFnegLmAIjsDHyS335ho-fRbIg/edit?usp=drivesdk,2026-05-19
"=HYPERLINK(""https://drive.google.com/drive/folders/14bR0h1bpYJCpMrURSR15DlgAO0d4y1ZI"", ""05 - MAI - 26 / 19/05 - TER"")",B2- TJRN ETAPA PRESENCIAL HETEROIDENTIFICAÇÃO ,LEO,LEO ✔,LET ✔,,BOLETIM_RADIO_TJRN_19_05_2026_B2_TJRN_ETAPA_PRESENCIAL_HETEROIDENTIFICACAO_,https://docs.google.com/document/d/13E5BJkoFDPhKCd1y3vdFOJNaPw1dlbchL6Gs8DZ8yNA/edit?usp=drivesdk,2026-05-18
"=HYPERLINK(""https://drive.google.com/drive/folders/14bR0h1bpYJCpMrURSR15DlgAO0d4y1ZI"", ""05 - MAI - 26 / 19/05 - TER"")",B1- TJRN COMISSÃO RESULTADO FINAL ENAM ,LEO,LEO ✔,LET ✔,,BOLETIM_RADIO_TJRN_19_05_2026_B1_TJRN_COMISSAO_RESULTADO_FINAL_ENAM_,https://docs.google.com/document/d/1NjMVwZwLgzFfe3rWfR1SF08yhwRvmEtzvURklluT0Y0/edit?usp=drivesdk,2026-05-18
"=HYPERLINK(""https://drive.google.com/drive/folders/1RLD5xZ_8sXSiWAK-1n0p4KEyWgZx58u_"", ""05 - MAI - 26 / 18/05 - SEG"")",B10- DPERN PROCESSO SELETIVO EXTREMOZ,LEO,LIV ✔,LET ✔,,BOLETIM_RADIO_TJRN_18_05_2026_B10_DPERN_PROCESSO_SELETIVO_EXTREMOZ,https://docs.google.com/document/d/1AhsctXSjGdGkynPxTQiuBszktnP42OZFFzz2mDmeFQY/edit?usp=drivesdk,2026-05-18
"=HYPERLINK(""https://drive.google.com/drive/folders/1RLD5xZ_8sXSiWAK-1n0p4KEyWgZx58u_"", ""05 - MAI - 26 / 18/05 - SEG"")",B9- TRE/RN ELEIÇÕES PREFEITOS,LEO,LIV ✔,LET ✔,,BOLETIM_RADIO_TJRN_18_05_2026_B9_TRERN_ELEICOES_PREFEITOS,https://docs.google.com/document/d/1-X5U7WYJd9KIgO42NpNdNA5cmwfk4v8bZwWpf8DAmvw/edit?usp=drivesdk,2026-05-18
"=HYPERLINK(""https://drive.google.com/drive/folders/1RLD5xZ_8sXSiWAK-1n0p4KEyWgZx58u_"", ""05 - MAI - 26 / 18/05 - SEG"")",B8- MODERNIZAÇÃO REDE CORPORATIVA,LIV,LIV ✔,LET ✔,,BOLETIM_RADIO_TJRN_18_05_2026_B8_MODERNIZACAO_REDE_CORPORATIVA,https://docs.google.com/document/d/1CujR-SGIfu-DhSbu6290XgJnIiVIFq-u4Jsxv2uGkOU/edit?usp=drivesdk,2026-05-18
"=HYPERLINK(""https://drive.google.com/drive/folders/1RLD5xZ_8sXSiWAK-1n0p4KEyWgZx58u_"", ""05 - MAI - 26 / 18/05 - SEG"")",B7- ALUNO AGREDIDO INDENIZAÇÃO,LIV,LIV ✔,LET ✔,,BOLETIM_RADIO_TJRN_18_05_2026_B7_ALUNO_AGREDIDO_INDENIZACAO,https://docs.google.com/document/d/1Q547wnb1tC6ebIcT7XPMDB5N_lp-gTys4cuiMSfdoK0/edit?usp=drivesdk,2026-05-18
"=HYPERLINK(""https://drive.google.com/drive/folders/1RLD5xZ_8sXSiWAK-1n0p4KEyWgZx58u_"", ""05 - MAI - 26 / 18/05 - SEG"")",B6- FALHA COBERTURA OFTALMOLÓGICA,LIV,LIV ✔,LET ✔,1876.0,BOLETIM_RADIO_TJRN_18_05_2026_B6_FALHA_COBERTURA_OFTALMOLOGICA,https://docs.google.com/document/d/1XrziZ8Hols6CkssEt6ONgneh-x1-VmlWUFgDvtROxtU/edit?usp=drivesdk,2026-05-18
"=HYPERLINK(""https://drive.google.com/drive/folders/1RLD5xZ_8sXSiWAK-1n0p4KEyWgZx58u_"", ""05 - MAI - 26 / 18/05 - SEG"")",B5- CUSTEIO CIRURGIA PRÓTESE MAMÁRIA,LIV,LEO ✔,LET ✔,1846.0,BOLETIM_RADIO_TJRN_18_05_2026_B5_CUSTEIO_CIRURGIA_PROTESE_MAMARIA,https://docs.google.com/document/d/1OAnc4B1cg2YCvhzsbEGljoJnkOJ8OnrHuewpKXuLIkM/edit?usp=drivesdk,2026-05-18
"=HYPERLINK(""https://drive.google.com/drive/folders/1RLD5xZ_8sXSiWAK-1n0p4KEyWgZx58u_"", ""05 - MAI - 26 / 18/05 - SEG"")",B4- INDENIZAÇÃO FURTO MOTOCICLETA,LIV,LEO ✔,LET ✔,,BOLETIM_RADIO_TJRN_18_05_2026_B4_INDENIZACAO_FURTO_MOTOCICLETA,https://docs.google.com/document/d/195TANQZmaKupU6B06nhilw_m_hOoZDw_fzAEEob1zIs/edit?usp=drivesdk,2026-05-18
"=HYPERLINK(""https://drive.google.com/drive/folders/1RLD5xZ_8sXSiWAK-1n0p4KEyWgZx58u_"", ""05 - MAI - 26 / 18/05 - SEG"")",B3- CONDENAÇÃO COMPANHIA AÉREA ATRASO,LIV,LEO ✔,LET ✔,,BOLETIM_RADIO_TJRN_18_05_2026_B3_CONDENACAO_COMPANHIA_AEREA_ATRASO,https://docs.google.com/document/d/1mrwigsWQNPJXJuewk_EK0hYxiHd7XoxLpNQ8KNGjolA/edit?usp=drivesdk,2026-05-18
"=HYPERLINK(""https://drive.google.com/drive/folders/1RLD5xZ_8sXSiWAK-1n0p4KEyWgZx58u_"", ""05 - MAI - 26 / 18/05 - SEG"")",B2- MEMBRO SUPLENTE JURISTA,LIV,LEO ✔,LET ✔,1876.0,BOLETIM_RADIO_TJRN_18_05_2026_B2_MEMBRO_SUPLENTE_JURISTA,https://docs.google.com/document/d/1MqQYHbbNCBKScI2f4PfWffXwsYZ2dqjHfVhFV8rlzCY/edit?usp=drivesdk,2026-05-18
"=HYPERLINK(""https://drive.google.com/drive/folders/1RLD5xZ_8sXSiWAK-1n0p4KEyWgZx58u_"", ""05 - MAI - 26 / 18/05 - SEG"")",B1- OBRIGATORIEDADE AUTENTICAÇÃO MULTIFATOR,LIV,LEO ✔,LET ✔,1876.0,BOLETIM_RADIO_TJRN_18_05_2026_B1_OBRIGATORIEDADE_AUTENTICACAO_MULTIFATOR,https://docs.google.com/document/d/18ogF5-cBZ0UYrM4h4NOndo7LvlP4QeR6IPLVGVCv_Dk/edit?usp=drivesdk,2026-05-18
"=HYPERLINK(""https://drive.google.com/drive/folders/1MZy8eWPXRYrrPW-6Ynu4bA3KVdwvG21k"", ""05 - MAI - 26 / 15/05 - SEX"")",B10- TRT SEMANA COMBATE ASSÉDIO,LIV,LIV ✔,LET ✔,,BOLETIM_RADIO_TJRN_15_05_2026_B10_TRT_SEMANA_COMBATE_ASSEDIO,https://docs.google.com/document/d/1yjhsMfCtW6M5i5-PhFm4lS-DZEX_cb9_NwvAHeN_HUk/edit?usp=drivesdk,2026-05-18
"=HYPERLINK(""https://drive.google.com/drive/folders/1MZy8eWPXRYrrPW-6Ynu4bA3KVdwvG21k"", ""05 - MAI - 26 / 15/05 - SEX"")",B9- TRT DENÚNCIAS ASSÉDIO MORAL,LIV,LIV ✔,LET ✔,,BOLETIM_RADIO_TJRN_15_05_2026_B9_TRT_DENUNCIAS_ASSEDIO_MORAL,https://docs.google.com/document/d/1gf_kzUWXTGBwUaVHfhYl1LfkfwohIjKbs9C-n-irJfw/edit?usp=drivesdk,2026-05-18
"=HYPERLINK(""https://drive.google.com/drive/folders/1MZy8eWPXRYrrPW-6Ynu4bA3KVdwvG21k"", ""05 - MAI - 26 / 15/05 - SEX"")",B8- MPRN GESTORES SAÚDE PÚBLICA,LIV,LIV ✔,LET ✔,,BOLETIM_RADIO_TJRN_15_05_2026_B8_MPRN_GESTORES_SAUDE_PUBLICA,https://docs.google.com/document/d/13OW_sqLG4z8weY4C0fnlpiW8-_ivzXq66tSwX_RGMRA/edit?usp=drivesdk,2026-05-18
"=HYPERLINK(""https://drive.google.com/drive/folders/1MZy8eWPXRYrrPW-6Ynu4bA3KVdwvG21k"", ""05 - MAI - 26 / 15/05 - SEX"")",B7-  MPRN COMBATE VIOLÊNCIA SEXUAL INAFNTIL,LIV,LIV ✔,LET ✔,,BOLETIM_RADIO_TJRN_15_05_2026_B7_MPRN_COMBATE_VIOLENCIA_SEXUAL_INAFNTIL,https://docs.google.com/document/d/1tRUNVG3lul0IQ-KxbGC2f2QpKnguYy4ZMQAxc4sKRPg/edit?usp=drivesdk,2026-05-18
"=HYPERLINK(""https://drive.google.com/drive/folders/1MZy8eWPXRYrrPW-6Ynu4bA3KVdwvG21k"", ""05 - MAI - 26 / 15/05 - SEX"")",B6-  RESULTADO HETEROIDENTIFICAÇÃO ENAC,LIV,LIV ✔,LET ✔,,BOLETIM_RADIO_TJRN_15_05_2026_B6_RESULTADO_HETEROIDENTIFICACAO_ENAC,https://docs.google.com/document/d/1pDkx5IywVF_6vpREL1d3JotGZKpMm7xyEaD4sGKLRxg/edit?usp=drivesdk,2026-05-15
"=HYPERLINK(""https://drive.google.com/drive/folders/1MZy8eWPXRYrrPW-6Ynu4bA3KVdwvG21k"", ""05 - MAI - 26 / 15/05 - SEX"")",B5-  AUDIÊNCIA MEDIAÇÃO EXTREMOZ,LIV,LEO ✔,LET ✔,,BOLETIM_RADIO_TJRN_15_05_2026_B5_AUDIENCIA_MEDIACAO_EXTREMOZ,https://docs.google.com/document/d/1bipTZDHc1rN5E8SusA79E_-QpAv7YnG621YzHGRQJ7I/edit?usp=drivesdk,2026-05-15
"=HYPERLINK(""https://drive.google.com/drive/folders/1MZy8eWPXRYrrPW-6Ynu4bA3KVdwvG21k"", ""05 - MAI - 26 / 15/05 - SEX"")",B4-  NOVA VERSÃO NUPERJ,LIV,LEO ✔,LET ✔,,BOLETIM_RADIO_TJRN_15_05_2026_B4_NOVA_VERSAO_NUPERJ,https://docs.google.com/document/d/16phdT5FVVzIKtfEOkvjfpOVrSfw4bM1mXiLvY78iVg0/edit?usp=drivesdk,2026-05-15
"=HYPERLINK(""https://drive.google.com/drive/folders/1MZy8eWPXRYrrPW-6Ynu4bA3KVdwvG21k"", ""05 - MAI - 26 / 15/05 - SEX"")",B3-  GOLPE VAZAMENTO DADOS,LIV,LEO ✔,LET ✔,,BOLETIM_RADIO_TJRN_15_05_2026_B3_GOLPE_VAZAMENTO_DADOS,https://docs.google.com/document/d/1KEy_tOvAEs049WMGPwLEzjs8w36WxcEA02f-YjZ0ufg/edit?usp=drivesdk,2026-05-15
"=HYPERLINK(""https://drive.google.com/drive/folders/1MZy8eWPXRYrrPW-6Ynu4bA3KVdwvG21k"", ""05 - MAI - 26 / 15/05 - SEX"")",B2-  CANDIDATO APTO HETEROIDENTIFICAÇÃO,LIV,LEO ✔,LET ✔,,BOLETIM_RADIO_TJRN_15_05_2026_B2_CANDIDATO_APTO_HETEROIDENTIFICACAO,https://docs.google.com/document/d/16w6ey4cDZzuClBQLNjKolIcHvvhkmSwhDPJIHAdo7TY/edit?usp=drivesdk,2026-05-15
"=HYPERLINK(""https://drive.google.com/drive/folders/1MZy8eWPXRYrrPW-6Ynu4bA3KVdwvG21k"", ""05 - MAI - 26 / 15/05 - SEX"")",B1-  FALHA PROCEDIMENTO MÉDICO,LIV,LEO ✔,LET ✔,,BOLETIM_RADIO_TJRN_15_05_2026_B1_FALHA_PROCEDIMENTO_MEDICO,https://docs.google.com/document/d/1s6au5jiR9XuZmRf2gunbZABRHgw_omehOuGeb9f4FKc/edit?usp=drivesdk,2026-05-15
"=HYPERLINK(""https://drive.google.com/drive/folders/1NRsd-gnwDX4I-zDilAXI_yfATKV8l_Nh"", ""05 - MAI - 26 / 14/05 - QUI"")",B10- TRT/RN RECEBEU 600 MIL CASOS,LEO,LIV ✔,LET ✔,,BOLETIM_RADIO_TJRN_14_05_2026_B10_TRTRN_RECEBEU_600_MIL_CASOS,https://docs.google.com/document/d/1EMD97_wbTRyJEF1BtMZViGtP-cuEkd24bcsQCWF2sO4/edit?usp=drivesdk,2026-05-14
"=HYPERLINK(""https://drive.google.com/drive/folders/1NRsd-gnwDX4I-zDilAXI_yfATKV8l_Nh"", ""05 - MAI - 26 / 14/05 - QUI"")",B9-  ACORDO DADOS CRIMINAIS,LIV,LIV ✔,LET ✔,,BOLETIM_RADIO_TJRN_14_05_2026_B9_ACORDO_DADOS_CRIMINAIS,https://docs.google.com/document/d/1nxi9myChVWq56vQ3hBEMlKjKAZYldggXCDWMFb-W-2k/edit?usp=drivesdk,2026-05-14
"=HYPERLINK(""https://drive.google.com/drive/folders/1NRsd-gnwDX4I-zDilAXI_yfATKV8l_Nh"", ""05 - MAI - 26 / 14/05 - QUI"")",B8-  MPRN MUDANÇAS CONCURSO EXTREMOZ,LIV,LIV ✔,LET ✔,,BOLETIM_RADIO_TJRN_14_05_2026_B8_MPRN_MUDANCAS_CONCURSO_EXTREMOZ,https://docs.google.com/document/d/1mk9KoAnJDYRixr_-4qa0SZ0U0_1n8l1vGFC9juPwasA/edit?usp=drivesdk,2026-05-14
"=HYPERLINK(""https://drive.google.com/drive/folders/1NRsd-gnwDX4I-zDilAXI_yfATKV8l_Nh"", ""05 - MAI - 26 / 14/05 - QUI"")",B7-  ESTÁGIO EXECUÇÃO TRIBUTÁRIA,LIV,LIV ✔,LET ✔,,BOLETIM_RADIO_TJRN_14_05_2026_B7_ESTAGIO_EXECUCAO_TRIBUTARIA,https://docs.google.com/document/d/1fUFCtT4fLjJpArRpNdGN7HYvAKgpqXnWTz4YB-hAbh0/edit?usp=drivesdk,2026-05-14
"=HYPERLINK(""https://drive.google.com/drive/folders/1NRsd-gnwDX4I-zDilAXI_yfATKV8l_Nh"", ""05 - MAI - 26 / 14/05 - QUI"")",B6-  RESPONSÁVEL INTERINO MESSIAS TARGINO,LIV,LIV ✔,LET ✔,,BOLETIM_RADIO_TJRN_14_05_2026_B6_RESPONSAVEL_INTERINO_MESSIAS_TARGINO,https://docs.google.com/document/d/1ck1phjzq86oXI_XN126Oczlsxasf24NfzG1MzuzsgP4/edit?usp=drivesdk,2026-05-14
"=HYPERLINK(""https://drive.google.com/drive/folders/1NRsd-gnwDX4I-zDilAXI_yfATKV8l_Nh"", ""05 - MAI - 26 / 14/05 - QUI"")",B5-  INDENIZAÇÃO PERDA VOO,LIV,LEO ✔,LET ✔,,BOLETIM_RADIO_TJRN_14_05_2026_B5_INDENIZACAO_PERDA_VOO,https://docs.google.com/document/d/1WtUYz1I1yWGxZjqzWc-bInbNco3PsTd_4uayvWa09GU/edit?usp=drivesdk,2026-05-14
"=HYPERLINK(""https://drive.google.com/drive/folders/1NRsd-gnwDX4I-zDilAXI_yfATKV8l_Nh"", ""05 - MAI - 26 / 14/05 - QUI"")",B4-  MUTIRÃO PROCESSOS ASSÉDIO,LIV,LEO ✔,LET ✔,1874.0,BOLETIM_RADIO_TJRN_14_05_2026_B4_MUTIRAO_PROCESSOS_ASSEDIO,https://docs.google.com/document/d/1bEf54sHAB2kjwfPFeiZSE4BcTrZOFuiW3Bq15DRuV7I/edit?usp=drivesdk,2026-05-14
"=HYPERLINK(""https://drive.google.com/drive/folders/1NRsd-gnwDX4I-zDilAXI_yfATKV8l_Nh"", ""05 - MAI - 26 / 14/05 - QUI"")",B3-  RESSARCIMENTO CONSERTO VEÍCULO,LIV,LEO ✔,LET ✔,1874.0,BOLETIM_RADIO_TJRN_14_05_2026_B3_RESSARCIMENTO_CONSERTO_VEICULO,https://docs.google.com/document/d/1tq8sP3jEAsNnBeJFTvg9xTreVj6zCk8isda6Jhq2iXA/edit?usp=drivesdk,2026-05-14
"=HYPERLINK(""https://drive.google.com/drive/folders/1NRsd-gnwDX4I-zDilAXI_yfATKV8l_Nh"", ""05 - MAI - 26 / 14/05 - QUI"")",B2-  FRAUDE VENDA CELULAR,LIV,LEO ✔,LET ✔,1874.0,BOLETIM_RADIO_TJRN_14_05_2026_B2_FRAUDE_VENDA_CELULAR,https://docs.google.com/document/d/10najp0HbWgXO6OOPGdAOI7TRORsft6sTrjRSUjtHGg8/edit?usp=drivesdk,2026-05-14
"=HYPERLINK(""https://drive.google.com/drive/folders/1NRsd-gnwDX4I-zDilAXI_yfATKV8l_Nh"", ""05 - MAI - 26 / 14/05 - QUI"")",B1-  LINHA TRANSMISSÃO CEARÁ-MIRIM,LIV,LEO ✔,LET ✔,1874.0,BOLETIM_RADIO_TJRN_14_05_2026_B1_LINHA_TRANSMISSAO_CEARA_MIRIM,https://docs.google.com/document/d/1NxJNztIvFVLpI4qkn611kc07zBFDt6YVIQi3EwDqkwc/edit?usp=drivesdk,2026-05-14
"=HYPERLINK(""https://drive.google.com/drive/folders/1htbps16DUYTB5JpYdk6rT-IUgW4N7B49"", ""05 - MAI - 26 / 13/05 - QUA"")",B10-  FRAUDE FAST FOOD,LIV,LIV ✔,LET ✔,,BOLETIM_RADIO_TJRN_13_05_2026_B10_FRAUDE_FAST_FOOD,https://docs.google.com/document/d/1lsdRASb0NCcGkT-GyPc0MH6Oo845lLoWmwZ44-Y6dBw/edit?usp=drivesdk,2026-05-14
"=HYPERLINK(""https://drive.google.com/drive/folders/1htbps16DUYTB5JpYdk6rT-IUgW4N7B49"", ""05 - MAI - 26 / 13/05 - QUA"")",B9-  TJ ACADÊMICO,LIV,LIV ✔,LET ✔,,BOLETIM_RADIO_TJRN_13_05_2026_B9_TJ_ACADEMICO,https://docs.google.com/document/d/1IQUnF8aOINffcyIDteks5d0lq_nQYCwWtHTYjZnJJN0/edit?usp=drivesdk,2026-05-14
"=HYPERLINK(""https://drive.google.com/drive/folders/1htbps16DUYTB5JpYdk6rT-IUgW4N7B49"", ""05 - MAI - 26 / 13/05 - QUA"")",B8-  ENCONTRO NACIONAL PECUNIÁRIAS,LIV,LIV ✔,LET ✔,,BOLETIM_RADIO_TJRN_13_05_2026_B8_ENCONTRO_NACIONAL_PECUNIARIAS,https://docs.google.com/document/d/18zoDjtdh6xTs8kxSjPjKI20PwcOv2Fyt1EG1-_wEu7c/edit?usp=drivesdk,2026-05-14
"=HYPERLINK(""https://drive.google.com/drive/folders/1htbps16DUYTB5JpYdk6rT-IUgW4N7B49"", ""05 - MAI - 26 / 13/05 - QUA"")",B7-  PROJETO EXPRESSO MOSSORÓ,LIV,LIV ✔,LET ✔,,BOLETIM_RADIO_TJRN_13_05_2026_B7_PROJETO_EXPRESSO_MOSSORO,https://docs.google.com/document/d/1M0yxv8VvRXShmAxz4Xv70yuvF3y_XlsQb9spBXqMXgo/edit?usp=drivesdk,2026-05-14
"=HYPERLINK(""https://drive.google.com/drive/folders/1htbps16DUYTB5JpYdk6rT-IUgW4N7B49"", ""05 - MAI - 26 / 13/05 - QUA"")",B6-  PESQUISA VIOLÊNCIA DOMÉSTICA RN,LIV,LIV ✔,LET ✔,,BOLETIM_RADIO_TJRN_13_05_2026_B6_PESQUISA_VIOLENCIA_DOMESTICA_RN,https://docs.google.com/document/d/1LJdD_q83rygbHy3uyIEWtVkPzEt_HDsczMt4-_66z4M/edit?usp=drivesdk,2026-05-14
"=HYPERLINK(""https://drive.google.com/drive/folders/1htbps16DUYTB5JpYdk6rT-IUgW4N7B49"", ""05 - MAI - 26 / 13/05 - QUA"")",B5-  SEMANA ESTADUAL ADOÇÃO,LIV,LEO ✔,LET ✔,,BOLETIM_RADIO_TJRN_13_05_2026_B5_SEMANA_ESTADUAL_ADOCAO,https://docs.google.com/document/d/18F0wP9ThLPgW1CdtLaJ2w_ufAg1Ss6IFlEXLtVfD3L8/edit?usp=drivesdk,2026-05-14
"=HYPERLINK(""https://drive.google.com/drive/folders/1htbps16DUYTB5JpYdk6rT-IUgW4N7B49"", ""05 - MAI - 26 / 13/05 - QUA"")",B4-  ISENÇÃO IPVA DEFICIÊNCIA VISUAL,LIV,LEO ✔,LET ✔,1873.0,BOLETIM_RADIO_TJRN_13_05_2026_B4_ISENCAO_IPVA_DEFICIENCIA_VISUAL,https://docs.google.com/document/d/1Z5sKGWqAqtLEcmwF1eoR59P--wpQNn2d36OFPW2Xr4s/edit?usp=drivesdk,2026-05-14
"=HYPERLINK(""https://drive.google.com/drive/folders/1htbps16DUYTB5JpYdk6rT-IUgW4N7B49"", ""05 - MAI - 26 / 13/05 - QUA"")",B3-  EMPRESA TRANSPORTE CONDENADA QUEDA IDOSA,LIV,LEO ✔,LET ✔,1873.0,BOLETIM_RADIO_TJRN_13_05_2026_B3_EMPRESA_TRANSPORTE_CONDENADA_QUEDA_IDOSA,https://docs.google.com/document/d/1PZkzcGake89L0HlUXqKwOjEk2h0JCCHkTHBNHilVH0I/edit?usp=drivesdk,2026-05-14
"=HYPERLINK(""https://drive.google.com/drive/folders/1htbps16DUYTB5JpYdk6rT-IUgW4N7B49"", ""05 - MAI - 26 / 13/05 - QUA"")",B2-  FATURAMENTO CONTA ENERGIA,LIV,LEO ✔,LET ✔,1873.0,BOLETIM_RADIO_TJRN_13_05_2026_B2_FATURAMENTO_CONTA_ENERGIA,https://docs.google.com/document/d/1UMH-qsxZA19XI1S5Blyq2yUcx-9QowAbbavSNRmhFws/edit?usp=drivesdk,2026-05-14
"=HYPERLINK(""https://drive.google.com/drive/folders/1htbps16DUYTB5JpYdk6rT-IUgW4N7B49"", ""05 - MAI - 26 / 13/05 - QUA"")",B1-  INDENIZAÇÃO DÉBITO IPTU,LIV,LEO ✔,LET ✔,1873.0,BOLETIM_RADIO_TJRN_13_05_2026_B1_INDENIZACAO_DEBITO_IPTU,https://docs.google.com/document/d/1BX3l-C2SbbE13FTkW5F4868G7xvBtFPY1FtySfzILh0/edit?usp=drivesdk,2026-05-14
"=HYPERLINK(""https://drive.google.com/drive/folders/1BhOW__KvYacyAgaUSSBZI0C0cS8zG7hy"", ""05 - MAI - 26 / 12/05 - TER"")",B10-  TJRN RESULTADO PRELIMINAR ENAM ,LEO,LEO ✔,LET ✔,,BOLETIM_RADIO_TJRN_12_05_2026_B10_TJRN_RESULTADO_PRELIMINAR_ENAM_,https://docs.google.com/document/d/128l7JZV5mK1IGrhui6GNIEAPXPuWITnmdn85pw9GX7U/edit?usp=drivesdk,2026-05-12
"=HYPERLINK(""https://drive.google.com/drive/folders/1BhOW__KvYacyAgaUSSBZI0C0cS8zG7hy"", ""05 - MAI - 26 / 12/05 - TER"")",B9- TJRN PLANO SAÚDE CONDENADO,LEO,LEO ✔,LET ✔,,BOLETIM_RADIO_TJRN_12_05_2026_B9_TJRN_PLANO_SAUDE_CONDENADO,https://docs.google.com/document/d/1MICIEQhTU9gmp8qqq9YeFk44fbR-z-pvfSaC24_G0eI/edit?usp=drivesdk,2026-05-12
"=HYPERLINK(""https://drive.google.com/drive/folders/1BhOW__KvYacyAgaUSSBZI0C0cS8zG7hy"", ""05 - MAI - 26 / 12/05 - TER"")",B8- TJRN DETERMINA INDISPONIBILIDADE LOTES,LEO,LEO ✔,LET ✔,,BOLETIM_RADIO_TJRN_12_05_2026_B8_TJRN_DETERMINA_INDISPONIBILIDADE_LOTES,https://docs.google.com/document/d/1o01b80xIQUE-_z_hB0S7eRQsepIkBDsQ6FiIEiZik3E/edit?usp=drivesdk,2026-05-12
"=HYPERLINK(""https://drive.google.com/drive/folders/1BhOW__KvYacyAgaUSSBZI0C0cS8zG7hy"", ""05 - MAI - 26 / 12/05 - TER"")",B7- TJRN PARELHAS INDENIZAÇÃO PACIENTE ,LEO,LEO ✔,LET ✔,,BOLETIM_RADIO_TJRN_12_05_2026_B7_TJRN_PARELHAS_INDENIZACAO_PACIENTE_,https://docs.google.com/document/d/1R1iFQKod4DEeDg5Ao6Gae7hbyY5WANbzm4QzYC19dFQ/edit?usp=drivesdk,2026-05-12
"=HYPERLINK(""https://drive.google.com/drive/folders/1BhOW__KvYacyAgaUSSBZI0C0cS8zG7hy"", ""05 - MAI - 26 / 12/05 - TER"")",B6- TJRN SERVIDOR SOFRE ASSÉDIO,LEO,LEO ✔,LET ✔,1872.0,BOLETIM_RADIO_TJRN_12_05_2026_B6_TJRN_SERVIDOR_SOFRE_ASSEDIO,https://docs.google.com/document/d/1nZTO6Rf8__BVV7FeDN7wMq6uxf3KDLlD7NIWhc5wj-o/edit?usp=drivesdk,2026-05-12
"=HYPERLINK(""https://drive.google.com/drive/folders/1BhOW__KvYacyAgaUSSBZI0C0cS8zG7hy"", ""05 - MAI - 26 / 12/05 - TER"")",B5 - TJRN FALHA SERVIÇO RASTREAMENTO,LEO,LIV ✔,LET ✔,1872.0,BOLETIM_RADIO_TJRN_12_05_2026_B5_TJRN_FALHA_SERVICO_RASTREAMENTO,https://docs.google.com/document/d/1kRRV9UKDYga6XgMLrC1wDOpWrOfq0UGPCRG59mjQX0I/edit?usp=drivesdk,2026-05-12
"=HYPERLINK(""https://drive.google.com/drive/folders/1BhOW__KvYacyAgaUSSBZI0C0cS8zG7hy"", ""05 - MAI - 26 / 12/05 - TER"")",B4- TJRN VARA EXECUÇÃO FISCAL RESULTADO ESTÁGIO ,LEO,LIV ✔,LET ✔,,BOLETIM_RADIO_TJRN_12_05_2026_B4_TJRN_VARA_EXECUCAO_FISCAL_RESULTADO_ESTAGIO_,https://docs.google.com/document/d/17Vg6Dv_Vk5DkS0qdgrAwWTWm16JKBxP3k1BwsxjW0uw/edit?usp=drivesdk,2026-05-11
"=HYPERLINK(""https://drive.google.com/drive/folders/1BhOW__KvYacyAgaUSSBZI0C0cS8zG7hy"", ""05 - MAI - 26 / 12/05 - TER"")",B3- TJRN PLATAFORMA COLABORATIVA PROMPTS,LEO,LIV ✔,LET ✔,1872.0,BOLETIM_RADIO_TJRN_12_05_2026_B3_TJRN_PLATAFORMA_COLABORATIVA_PROMPTS,https://docs.google.com/document/d/1uk7uA_kxKoIaRONzGNE1WH1FAgItwBHeArvsYhYgUjk/edit?usp=drivesdk,2026-05-11
"=HYPERLINK(""https://drive.google.com/drive/folders/1BhOW__KvYacyAgaUSSBZI0C0cS8zG7hy"", ""05 - MAI - 26 / 12/05 - TER"")",B2- TJRN EMPRESA RESTABELECE ÁGUA ,LEO,LIV ✔,LET ✔,1872.0,BOLETIM_RADIO_TJRN_12_05_2026_B2_TJRN_EMPRESA_RESTABELECE_AGUA_,https://docs.google.com/document/d/1yjgNv0L3xOXIyiIxZj5Hwqyrw8dGIgpbB9JB2xsVytk/edit?usp=drivesdk,2026-05-11
"=HYPERLINK(""https://drive.google.com/drive/folders/1BhOW__KvYacyAgaUSSBZI0C0cS8zG7hy"", ""05 - MAI - 26 / 12/05 - TER"")",B1- TJRN NÚCLEO APOIO ESTÁGIO,LEO,LIV ✔,LET ✔,,BOLETIM_RADIO_TJRN_12_05_2026_B1_TJRN_NUCLEO_APOIO_ESTAGIO,https://docs.google.com/document/d/1VBSDRcyxWGnV6qhDPavhBfL3ov4x1PkQuQ3btAfPna8/edit?usp=drivesdk,2026-05-11
"=HYPERLINK(""https://drive.google.com/drive/folders/1HTsMnEGGrN0h7vvRUOFjDv2VJIDo-C_8"", ""05 - MAI - 26 / 11/05 - SEG"")",B10- MPRN RECOMENDA CONTRATAÇÃO AMBULATÓRIO ,LEO,LEO ✔,LET ✔,,BOLETIM_RADIO_TJRN_11_05_2026_B10_MPRN_RECOMENDA_CONTRATACAO_AMBULATORIO_,https://docs.google.com/document/d/161xLaKtAccpk60sbEv66mmdM4SavebC1q6FyXiRRLgA/edit?usp=drivesdk,2026-05-11
"=HYPERLINK(""https://drive.google.com/drive/folders/1HTsMnEGGrN0h7vvRUOFjDv2VJIDo-C_8"", ""05 - MAI - 26 / 11/05 - SEG"")",B9- OAB/RN EXCLUSÃO ADVOGADA ,LEO,LEO ✔,LET ✔,,BOLETIM_RADIO_TJRN_11_05_2026_B9_OABRN_EXCLUSAO_ADVOGADA_,https://docs.google.com/document/d/1KNJl36j78-O_1ZkE77NXcfEzdAyWjxCxoQQT9xSES1s/edit?usp=drivesdk,2026-05-11
"=HYPERLINK(""https://drive.google.com/drive/folders/1HTsMnEGGrN0h7vvRUOFjDv2VJIDo-C_8"", ""05 - MAI - 26 / 11/05 - SEG"")",B8- TJRN CONDENA EMPRESA ÔNIBUS ,LEO,LEO ✔,LET ✔,,BOLETIM_RADIO_TJRN_11_05_2026_B8_TJRN_CONDENA_EMPRESA_ONIBUS_,https://docs.google.com/document/d/1d1IErjnzH7tYuK7klfhMTHOlGBCzc23qeMqP7Y226ho/edit?usp=drivesdk,2026-05-11
"=HYPERLINK(""https://drive.google.com/drive/folders/1HTsMnEGGrN0h7vvRUOFjDv2VJIDo-C_8"", ""05 - MAI - 26 / 11/05 - SEG"")",B7- TJRN CANGUARETAMA ESTÁGIO PÓS,LEO,LEO ✔,LET ✔,,BOLETIM_RADIO_TJRN_11_05_2026_B7_TJRN_CANGUARETAMA_ESTAGIO_POS,https://docs.google.com/document/d/193AlsQqCILj_m7_fXl5Jqgsdu5MJgrtnlsQOK9OTJ88/edit?usp=drivesdk,2026-05-11
"=HYPERLINK(""https://drive.google.com/drive/folders/1HTsMnEGGrN0h7vvRUOFjDv2VJIDo-C_8"", ""05 - MAI - 26 / 11/05 - SEG"")",B6- TJRN COSERN INDENIZADA ,LEO,LEO ✔,LET ✔,,BOLETIM_RADIO_TJRN_11_05_2026_B6_TJRN_COSERN_INDENIZADA_,https://docs.google.com/document/d/1c9h6V_tQacfr4ZM-TWLCxC1seLWPYSPYunwYKAzuZco/edit?usp=drivesdk,2026-05-11
"=HYPERLINK(""https://drive.google.com/drive/folders/1HTsMnEGGrN0h7vvRUOFjDv2VJIDo-C_8"", ""05 - MAI - 26 / 11/05 - SEG"")",B5- TJRN AREIA BRANCA SELEÇÃO PROJETOS ,LEO,LIV ✔,LET ✔,,BOLETIM_RADIO_TJRN_11_05_2026_B5_TJRN_AREIA_BRANCA_SELECAO_PROJETOS_,https://docs.google.com/document/d/1Q_yl39hUQdU54Pnev0ZpoQavgfg5RAweAYL8sHrtEmY/edit?usp=drivesdk,2026-05-11
"=HYPERLINK(""https://drive.google.com/drive/folders/1HTsMnEGGrN0h7vvRUOFjDv2VJIDo-C_8"", ""05 - MAI - 26 / 11/05 - SEG"")",B4- TJRN RECONHECE FRAUDE TRANSAÇÕES DIGITAIS,LEO,LIV ✔,LET ✔,1871.0,BOLETIM_RADIO_TJRN_11_05_2026_B4_TJRN_RECONHECE_FRAUDE_TRANSACOES_DIGITAIS,https://docs.google.com/document/d/1DfJLGBgFnBiW7nCI0XaoNcuq-vldxgwJz45Nt-rmFkU/edit?usp=drivesdk,2026-05-11
"=HYPERLINK(""https://drive.google.com/drive/folders/1HTsMnEGGrN0h7vvRUOFjDv2VJIDo-C_8"", ""05 - MAI - 26 / 11/05 - SEG"")",B3- TJRN CEARÁ-MIRIM ESTÁGIO,LEO,LIV ✔,LET ✔,1871.0,BOLETIM_RADIO_TJRN_11_05_2026_B3_TJRN_CEARA_MIRIM_ESTAGIO,https://docs.google.com/document/d/1XSU-XcumgWhRI1Ptv58HlwznzBoAq8qFy8ObX33Xz5Y/edit?usp=drivesdk,2026-05-11
"=HYPERLINK(""https://drive.google.com/drive/folders/1HTsMnEGGrN0h7vvRUOFjDv2VJIDo-C_8"", ""05 - MAI - 26 / 11/05 - SEG"")",B2- TJRN FORTALECE PRESERVAÇÃO JUSTIÇA ,LEO,LIV ✔,LET ✔,1871.0,BOLETIM_RADIO_TJRN_11_05_2026_B2_TJRN_FORTALECE_PRESERVACAO_JUSTICA_,https://docs.google.com/document/d/1xBgjTQ6JQqLnswzWdqpAwZ9zZ1qleeIXR3JJyYXfSHg/edit?usp=drivesdk,2026-05-11
"=HYPERLINK(""https://drive.google.com/drive/folders/1HTsMnEGGrN0h7vvRUOFjDv2VJIDo-C_8"", ""05 - MAI - 26 / 11/05 - SEG"")",B1- TRE-RN ATENDIMENTOS AGENDADOS ,LEO,LIV ✔,LET ✔,1871.0,BOLETIM_RADIO_TJRN_11_05_2026_B1_TRE_RN_ATENDIMENTOS_AGENDADOS_,https://docs.google.com/document/d/1hW6bluEXq5_2zvXcVntWYiK8HyYx3QPBbPki_6F7QLc/edit?usp=drivesdk,2026-05-11
"=HYPERLINK(""https://drive.google.com/drive/folders/1XUwfUUUb2hasWXvJXCBlICJtO3vFzW4f"", ""05 - MAI - 26 / 08/05 - SEX"")",B10- TRT/RN REGISTRO POSTO SAÚDE,LEO,LIV ✔,LET ✔,,BOLETIM_RADIO_TJRN_08_05_2026_B10_TRTRN_REGISTRO_POSTO_SAUDE,https://docs.google.com/document/d/1CIDGfEI17YfcbJ87w_A20jV77rGisOSflxOmC5wn2A0/edit?usp=drivesdk,2026-05-11
"=HYPERLINK(""https://drive.google.com/drive/folders/1XUwfUUUb2hasWXvJXCBlICJtO3vFzW4f"", ""05 - MAI - 26 / 08/05 - SEX"")",B9- TJRN CURSO INÉDITO GESTÃO RISCOS ,LEO,LIV ✔,LET ✔,,BOLETIM_RADIO_TJRN_08_05_2026_B9_TJRN_CURSO_INEDITO_GESTAO_RISCOS_,https://docs.google.com/document/d/1uwhPxuFzH1Amvj4wnkUwFHPOzD3BUaxVrNLv1-_EkVA/edit?usp=drivesdk,2026-05-11
"=HYPERLINK(""https://drive.google.com/drive/folders/1XUwfUUUb2hasWXvJXCBlICJtO3vFzW4f"", ""05 - MAI - 26 / 08/05 - SEX"")",B8- TJRN LANÇA NOVO SISTEMA ,LEO,LIV ✔,LET ✔,,BOLETIM_RADIO_TJRN_08_05_2026_B8_TJRN_LANCA_NOVO_SISTEMA_,https://docs.google.com/document/d/17B8c8R6Uc_hwFt9Zmiy2tYdySJVPoGwd4ZffGAOR5QE/edit?usp=drivesdk,2026-05-11
"=HYPERLINK(""https://drive.google.com/drive/folders/1XUwfUUUb2hasWXvJXCBlICJtO3vFzW4f"", ""05 - MAI - 26 / 08/05 - SEX"")",B7- COBRANÇA IPTU TAXA LIMPEZA,LIV,LIV ✔,LET ✔,,BOLETIM_RADIO_TJRN_08_05_2026_B7_COBRANCA_IPTU_TAXA_LIMPEZA,https://docs.google.com/document/d/1tSxckeYTnEDN9G86RC7m1pcKwKjVyie6OymuFwHchc8/edit?usp=drivesdk,2026-05-08
"=HYPERLINK(""https://drive.google.com/drive/folders/1XUwfUUUb2hasWXvJXCBlICJtO3vFzW4f"", ""05 - MAI - 26 / 08/05 - SEX"")",B6- VIOLÊNCIA DOMÉSTICA MANTIDA PRISÃO,LIV,LIV ✔,LET ✔,,BOLETIM_RADIO_TJRN_08_05_2026_B6_VIOLENCIA_DOMESTICA_MANTIDA_PRISAO,https://docs.google.com/document/d/1_2FarTcW-r9yDFDE-dXiX9g2dA_UAgJjqg3IgxURU8I/edit?usp=drivesdk,2026-05-08
"=HYPERLINK(""https://drive.google.com/drive/folders/1XUwfUUUb2hasWXvJXCBlICJtO3vFzW4f"", ""05 - MAI - 26 / 08/05 - SEX"")",B5- FISCALIZAÇÃO CONDOMÍNIO,LIV,LEO ✔,LET ✔,,BOLETIM_RADIO_TJRN_08_05_2026_B5_FISCALIZACAO_CONDOMINIO,https://docs.google.com/document/d/1NwUuGzvpE_p9dGMR3Q-NLxBGJ-3itDdHe9XfdTbsHS0/edit?usp=drivesdk,2026-05-08
"=HYPERLINK(""https://drive.google.com/drive/folders/1XUwfUUUb2hasWXvJXCBlICJtO3vFzW4f"", ""05 - MAI - 26 / 08/05 - SEX"")",B4- CONDENAÇÃO DEMORA EXAME URGENTE,LIV,LEO ✔,LET ✔,,BOLETIM_RADIO_TJRN_08_05_2026_B4_CONDENACAO_DEMORA_EXAME_URGENTE,https://docs.google.com/document/d/1zHwAASBTwfA6FIom3UUM4m2Mv9FbKySgzFzafJDlK0o/edit?usp=drivesdk,2026-05-08
"=HYPERLINK(""https://drive.google.com/drive/folders/1XUwfUUUb2hasWXvJXCBlICJtO3vFzW4f"", ""05 - MAI - 26 / 08/05 - SEX"")",B3- COBRANÇA INDEVIDA EMPLACAMENTO,LIV,LEO ✔,LET ✔,,BOLETIM_RADIO_TJRN_08_05_2026_B3_COBRANCA_INDEVIDA_EMPLACAMENTO,https://docs.google.com/document/d/1dcdTiE3yFYaO7tXp3Jdw4I0b9HM7pspd89bPZH1SREc/edit?usp=drivesdk,2026-05-08
"=HYPERLINK(""https://drive.google.com/drive/folders/1XUwfUUUb2hasWXvJXCBlICJtO3vFzW4f"", ""05 - MAI - 26 / 08/05 - SEX"")",B2- USO INDEVIDO JAZIGO,LIV,LEO ✔,LET ✔,,BOLETIM_RADIO_TJRN_08_05_2026_B2_USO_INDEVIDO_JAZIGO,https://docs.google.com/document/d/18szfyDK9X-y91OpjivgI2f54C_bfHgQ-GEX1kfBGqZ4/edit?usp=drivesdk,2026-05-08
"=HYPERLINK(""https://drive.google.com/drive/folders/1XUwfUUUb2hasWXvJXCBlICJtO3vFzW4f"", ""05 - MAI - 26 / 08/05 - SEX"")",B1- INDENIZAÇÃO TAXAS INDEVIDAS,LIV,LEO ✔,LET ✔,,BOLETIM_RADIO_TJRN_08_05_2026_B1_INDENIZACAO_TAXAS_INDEVIDAS,https://docs.google.com/document/d/196xtcsOAVV_Sjr8gEZMYd1vNAz31OpQ5y9nZnsjF2rg/edit?usp=drivesdk,2026-05-08
"=HYPERLINK(""https://drive.google.com/drive/folders/1bS7D8FQnFKvMV7F22Ag60mKWdm8EQOQX"", ""05 - MAI - 26 / 07/05 - QUI"")",B10- MPRN AÇÕES CONTROLE ANIMAIS ,LEO,LIV ✔,LET ✔,,BOLETIM_RADIO_TJRN_07_05_2026_B10_MPRN_ACOES_CONTROLE_ANIMAIS_,https://docs.google.com/document/d/1wIjjwbr2JVi0_ZWI16JxzCI_73CRPcqBkn_Zq-2UbOw/edit?usp=drivesdk,2026-05-11
"=HYPERLINK(""https://drive.google.com/drive/folders/1bS7D8FQnFKvMV7F22Ag60mKWdm8EQOQX"", ""05 - MAI - 26 / 07/05 - QUI"")",B9- MPRN RECOMENDAÇÃO CORREÇÃO PRISIONAL FEMININO ,LEO,LIV ✔,LET ✔,,BOLETIM_RADIO_TJRN_07_05_2026_B9_MPRN_RECOMENDACAO_CORRECAO_PRISIONAL_FEMININO_,https://docs.google.com/document/d/1IA8ilHDfErVmXGlzMrYO5oEn1XXWx1cKt6tCn6QaUQk/edit?usp=drivesdk,2026-05-11
"=HYPERLINK(""https://drive.google.com/drive/folders/1bS7D8FQnFKvMV7F22Ag60mKWdm8EQOQX"", ""05 - MAI - 26 / 07/05 - QUI"")",B8- ASSÉDIO AMBIENTE TRABALHO,LIV,LIV ✔,LET ✔,,BOLETIM_RADIO_TJRN_07_05_2026_B8_ASSEDIO_AMBIENTE_TRABALHO,https://docs.google.com/document/d/1g55zch0bRHCw8LsRzm7PFUhGyBRy6kCCwQsFxFe006E/edit?usp=drivesdk,2026-05-08
"=HYPERLINK(""https://drive.google.com/drive/folders/1bS7D8FQnFKvMV7F22Ag60mKWdm8EQOQX"", ""05 - MAI - 26 / 07/05 - QUI"")",B7- EBOOK SOCIOEDUCAÇÃO,LIV,LIV ✔,LET ✔,,BOLETIM_RADIO_TJRN_07_05_2026_B7_EBOOK_SOCIOEDUCACAO,https://docs.google.com/document/d/1HiqNf0sIdOVWdPfnllaalb42MFSf3DoduJ9eWHfYADs/edit?usp=drivesdk,2026-05-08
"=HYPERLINK(""https://drive.google.com/drive/folders/1bS7D8FQnFKvMV7F22Ag60mKWdm8EQOQX"", ""05 - MAI - 26 / 07/05 - QUI"")",B6- IRREGULARIDADES MATADOURO,LIV,LIV ✔,LET ✔,,BOLETIM_RADIO_TJRN_07_05_2026_B6_IRREGULARIDADES_MATADOURO,https://docs.google.com/document/d/1f7rcep2PwS0NcNVJxUHsLZ_7L48AhJN-PfRuyiPUjBc/edit?usp=drivesdk,2026-05-07
"=HYPERLINK(""https://drive.google.com/drive/folders/1bS7D8FQnFKvMV7F22Ag60mKWdm8EQOQX"", ""05 - MAI - 26 / 07/05 - QUI"")",B5- CONDENAÇÃO TRÁFICO E ARMAS,LIV,LEO ✔,LET ✔,,BOLETIM_RADIO_TJRN_07_05_2026_B5_CONDENACAO_TRAFICO_E_ARMAS,https://docs.google.com/document/d/1X5G7d_keq_t6SpNJlGwOx_p3t65L9AdSbSbvq9LscaM/edit?usp=drivesdk,2026-05-07
"=HYPERLINK(""https://drive.google.com/drive/folders/1bS7D8FQnFKvMV7F22Ag60mKWdm8EQOQX"", ""05 - MAI - 26 / 07/05 - QUI"")",B4- INDENIZAÇÃO DEFEITO CELULAR,LIV,LEO ✔,LET ✔,,BOLETIM_RADIO_TJRN_07_05_2026_B4_INDENIZACAO_DEFEITO_CELULAR,https://docs.google.com/document/d/14YPY-vQuCrIT8P-Rwd2qpVfVXQNlso7R24JdNjX2keg/edit?usp=drivesdk,2026-05-07
"=HYPERLINK(""https://drive.google.com/drive/folders/1bS7D8FQnFKvMV7F22Ag60mKWdm8EQOQX"", ""05 - MAI - 26 / 07/05 - QUI"")",B3- ENFERMIDADE ADVOGADO,LIV,LEO ✔,LET ✔,,BOLETIM_RADIO_TJRN_07_05_2026_B3_ENFERMIDADE_ADVOGADO,https://docs.google.com/document/d/1OVD_4MkANY24z5UAUAMWlRKl1zK18c59J6l56oLh4Dg/edit?usp=drivesdk,2026-05-07
"=HYPERLINK(""https://drive.google.com/drive/folders/1bS7D8FQnFKvMV7F22Ag60mKWdm8EQOQX"", ""05 - MAI - 26 / 07/05 - QUI"")",B2- JURI ACUSADO DISPARO BRIGAS,LIV,LEO ✔,LET ✔,,BOLETIM_RADIO_TJRN_07_05_2026_B2_JURI_ACUSADO_DISPARO_BRIGAS,https://docs.google.com/document/d/19C_--ZwML7vIRdK1Ey8nZd0D6n0cwrQQPNI-aHBg76k/edit?usp=drivesdk,2026-05-07
"=HYPERLINK(""https://drive.google.com/drive/folders/1bS7D8FQnFKvMV7F22Ag60mKWdm8EQOQX"", ""05 - MAI - 26 / 07/05 - QUI"")",B1-INDENIZAÇÃO PROFESSORA REMUNERAÇÃO,LIV,LEO ✔,LET ✔,,BOLETIM_RADIO_TJRN_07_05_2026_B1_INDENIZACAO_PROFESSORA_REMUNERACAO,https://docs.google.com/document/d/1_7HXdE_6wwijRrmw01q-qdRbnqGwkBrcDmUqGNqU3Ck/edit?usp=drivesdk,2026-05-07
"=HYPERLINK(""https://drive.google.com/drive/folders/1MMnBrIGGvlW2Ms2tCkNg0FksBKx1opqy"", ""05 - MAI - 26 / 06/05 - QUA"")",B10- DPERN IDOSA DEFICIÊNCIA VISUAL ,LEO,LIV ✔,LET ✔,,BOLETIM_RADIO_TJRN_06_05_2026_B10_DPERN_IDOSA_DEFICIENCIA_VISUAL_,https://docs.google.com/document/d/1oLWChynKEFePOK5IYzsCUgku8oyYj17ATbZUGGsaOW4/edit?usp=drivesdk,2026-05-05
"=HYPERLINK(""https://drive.google.com/drive/folders/1MMnBrIGGvlW2Ms2tCkNg0FksBKx1opqy"", ""05 - MAI - 26 / 06/05 - QUA"")",B9- MPRN RECOMENDA RECONSTRUÇÃO RUAS,LEO,LEO ✔,LET ✔,,BOLETIM_RADIO_TJRN_06_05_2026_B9_MPRN_RECOMENDA_RECONSTRUCAO_RUAS,https://docs.google.com/document/d/1zXXWfQomYGVYA14sFaOWNmV4sGX9-K-Cqs9Ligi7DvU/edit?usp=drivesdk,2026-05-06
"=HYPERLINK(""https://drive.google.com/drive/folders/1MMnBrIGGvlW2Ms2tCkNg0FksBKx1opqy"", ""05 - MAI - 26 / 06/05 - QUA"")",B8- PROCURADORIA MULHER PARNAMIRIM,LIV,LIV ✔,LET ✔,,BOLETIM_RADIO_TJRN_06_05_2026_B8_PROCURADORIA_MULHER_PARNAMIRIM,https://docs.google.com/document/d/1Hc0CQUgpfL9fr_kuSPymzlQ6LnqvVnRVGYy9JReDfqo/edit?usp=drivesdk,2026-05-07
"=HYPERLINK(""https://drive.google.com/drive/folders/1MMnBrIGGvlW2Ms2tCkNg0FksBKx1opqy"", ""05 - MAI - 26 / 06/05 - QUA"")",B7- TABELIÃO ALMINO AFONSO,LIV,LIV ✔,LET ✔,,BOLETIM_RADIO_TJRN_06_05_2026_B7_TABELIAO_ALMINO_AFONSO,https://docs.google.com/document/d/1P7OUWudErcQeig5Sbm9NMxJ8JfC4dIQoeXaQX1j4gGo/edit?usp=drivesdk,2026-05-07
"=HYPERLINK(""https://drive.google.com/drive/folders/1MMnBrIGGvlW2Ms2tCkNg0FksBKx1opqy"", ""05 - MAI - 26 / 06/05 - QUA"")",B6- ENCONTRO NACIONAL SERIDÓ,LIV,LIV ✔,LET ✔,,BOLETIM_RADIO_TJRN_06_05_2026_B6_ENCONTRO_NACIONAL_SERIDO,https://docs.google.com/document/d/1Gw11XTu1Tb_K9IJJc-vjrZioD7l_SSVEUe5G6ddg1No/edit?usp=drivesdk,2026-05-07
"=HYPERLINK(""https://drive.google.com/drive/folders/1MMnBrIGGvlW2Ms2tCkNg0FksBKx1opqy"", ""05 - MAI - 26 / 06/05 - QUA"")",B5- TEMPO MÍNIMO CARTEIRA ESTUDANTES,LIV,LEO ✔,LET ✔,,BOLETIM_RADIO_TJRN_06_05_2026_B5_TEMPO_MINIMO_CARTEIRA_ESTUDANTES,https://docs.google.com/document/d/1Unlbc3g9fg6gwVIyuEkiajSkp6oKOws2mppxZa56-Hg/edit?usp=drivesdk,2026-05-07
"=HYPERLINK(""https://drive.google.com/drive/folders/1MMnBrIGGvlW2Ms2tCkNg0FksBKx1opqy"", ""05 - MAI - 26 / 06/05 - QUA"")",B4- CONDENAÇÃO REDE SOCIAL DESATIVADA,LIV,LEO ✔,LET ✔,,BOLETIM_RADIO_TJRN_06_05_2026_B4_CONDENACAO_REDE_SOCIAL_DESATIVADA,https://docs.google.com/document/d/181XhppW2L-Gj__C2nRkeXcpN8-98ojqplKbl8TwqgYc/edit?usp=drivesdk,2026-05-07
"=HYPERLINK(""https://drive.google.com/drive/folders/1MMnBrIGGvlW2Ms2tCkNg0FksBKx1opqy"", ""05 - MAI - 26 / 06/05 - QUA"")",B3- PENA REDEFINIDA TRÁFICO,LIV,LEO ✔,LET ✔,,BOLETIM_RADIO_TJRN_06_05_2026_B3_PENA_REDEFINIDA_TRAFICO,https://docs.google.com/document/d/1uHWuAlH_D0XFcP5NXF1ZH5VVjMTCRWeoClVwCuMfGGA/edit?usp=drivesdk,2026-05-07
"=HYPERLINK(""https://drive.google.com/drive/folders/1MMnBrIGGvlW2Ms2tCkNg0FksBKx1opqy"", ""05 - MAI - 26 / 06/05 - QUA"")",B2- AGRESSÃO SEGURANÇA DUPLA SERTANEJA,LIV,LEO ✔,LET ✔,,BOLETIM_RADIO_TJRN_06_05_2026_B2_AGRESSAO_SEGURANCA_DUPLA_SERTANEJA,https://docs.google.com/document/d/14RWoovtM4muTrvJOn7hXqltn7kRXOLGmTNVplmmoRt4/edit?usp=drivesdk,2026-05-07
"=HYPERLINK(""https://drive.google.com/drive/folders/1MMnBrIGGvlW2Ms2tCkNg0FksBKx1opqy"", ""05 - MAI - 26 / 06/05 - QUA"")",B1- RESTRIÇÃO MATERIAL CIRÚRGICO,LIV,LEO ✔,LET ✔,,BOLETIM_RADIO_TJRN_06_05_2026_B1_RESTRICAO_MATERIAL_CIRURGICO,https://docs.google.com/document/d/1y97wa2Q7ZAhUcbOE8zDCH7H_f1yIO7ztnTqYBmR7PqM/edit?usp=drivesdk,2026-05-07
"=HYPERLINK(""https://drive.google.com/drive/folders/1wEykzGdJ1HwF9cFcawWmg-XyzjwM-Bf4"", ""05 - MAI - 26 / 05/05 - TER"")",B10- VISITA UNIVERSITÁRIOS TJRN,LIV,LIV ✔,LET ✔,,BOLETIM_RADIO_TJRN_05_05_2026_B10_VISITA_UNIVERSITARIOS_TJRN,https://docs.google.com/document/d/1LgD9oasIPcLlOVzst33KVSlrDyoF2X1rHw6Tf7sZgE0/edit?usp=drivesdk,2026-05-07
"=HYPERLINK(""https://drive.google.com/drive/folders/1wEykzGdJ1HwF9cFcawWmg-XyzjwM-Bf4"", ""05 - MAI - 26 / 05/05 - TER"")",B9- BATE-PAPO RACISMO ASSÚ,LIV,LIV ✔,LET ✔,,BOLETIM_RADIO_TJRN_05_05_2026_B9_BATE_PAPO_RACISMO_ASSU,https://docs.google.com/document/d/1TuYmEHs4x7m1-gcdpYb66xx8vRcdMGV6-x5HMXBMYTk/edit?usp=drivesdk,2026-05-07
"=HYPERLINK(""https://drive.google.com/drive/folders/1wEykzGdJ1HwF9cFcawWmg-XyzjwM-Bf4"", ""05 - MAI - 26 / 05/05 - TER"")",B8- MÊS INFÂNCIA PROTEGIDA,LIV,LIV ✔,LET ✔,,BOLETIM_RADIO_TJRN_05_05_2026_B8_MES_INFANCIA_PROTEGIDA,https://docs.google.com/document/d/1SnFnCXRD_rrBup7w3mu3FEPnf_EBvOZ9fO-_bTWHFTw/edit?usp=drivesdk,2026-05-07
"=HYPERLINK(""https://drive.google.com/drive/folders/1wEykzGdJ1HwF9cFcawWmg-XyzjwM-Bf4"", ""05 - MAI - 26 / 05/05 - TER"")",B7- LITIGÂNCIA MÁ FÉ,LIV,LIV ✔,LET ✔,,BOLETIM_RADIO_TJRN_05_05_2026_B7_LITIGANCIA_MA_FE,https://docs.google.com/document/d/1QCN-7MyxP2IZnDnEN5_Lg2jYwcJHc0gsw1xnJdpnep8/edit?usp=drivesdk,2026-05-07
"=HYPERLINK(""https://drive.google.com/drive/folders/1wEykzGdJ1HwF9cFcawWmg-XyzjwM-Bf4"", ""05 - MAI - 26 / 05/05 - TER"")",B6- DADOS PORTAL TRANSPARÊNCIA,LIV,LIV ✔,LET ✔,,BOLETIM_RADIO_TJRN_05_05_2026_B6_DADOS_PORTAL_TRANSPARENCIA,https://docs.google.com/document/d/1A5uTcSKN2npP_WbcQVL0Hwc0RvqGUCM0i74uvfyAvcM/edit?usp=drivesdk,2026-05-07
"=HYPERLINK(""https://drive.google.com/drive/folders/1wEykzGdJ1HwF9cFcawWmg-XyzjwM-Bf4"", ""05 - MAI - 26 / 05/05 - TER"")",B5- CONDENAÇÃO NEGATIVAÇÃO INDEVIDA,LIV,LIV ✔,LET ✔,,BOLETIM_RADIO_TJRN_05_05_2026_B5_CONDENACAO_NEGATIVACAO_INDEVIDA,https://docs.google.com/document/d/13ONQrZs96Dr-g6gPSSv3wqlRNONMX3hlxNUXp88qpFI/edit?usp=drivesdk,2026-05-07
"=HYPERLINK(""https://drive.google.com/drive/folders/1wEykzGdJ1HwF9cFcawWmg-XyzjwM-Bf4"", ""05 - MAI - 26 / 05/05 - TER"")",B4- CONDENAÇÃO ENTREGA ERRADA,LIV,LIV ✔,LET ✔,,BOLETIM_RADIO_TJRN_05_05_2026_B4_CONDENACAO_ENTREGA_ERRADA,https://docs.google.com/document/d/1IPFksX5KwPf4cBAsU2Xb5KvTY3HI1xIdRRXIOkyZrw4/edit?usp=drivesdk,2026-05-07
"=HYPERLINK(""https://drive.google.com/drive/folders/1wEykzGdJ1HwF9cFcawWmg-XyzjwM-Bf4"", ""05 - MAI - 26 / 05/05 - TER"")",B3- INDENIZAÇÃO ALAGAMENTO CHUVAS,LIV,LIV ✔,LET ✔,,BOLETIM_RADIO_TJRN_05_05_2026_B3_INDENIZACAO_ALAGAMENTO_CHUVAS,https://docs.google.com/document/d/1b2lX4tRgCfjBFWPRQFqCrfxbxNmEKXf8XSqi3uqDQ2o/edit?usp=drivesdk,2026-05-07
"=HYPERLINK(""https://drive.google.com/drive/folders/1wEykzGdJ1HwF9cFcawWmg-XyzjwM-Bf4"", ""05 - MAI - 26 / 05/05 - TER"")",B2- POLICIAL MILITAR CONDENADO TRIBUNAL JÚRI,LIV,LIV ✔,LET ✔,,BOLETIM_RADIO_TJRN_05_05_2026_B2_POLICIAL_MILITAR_CONDENADO_TRIBUNAL_JURI,https://docs.google.com/document/d/1bsV8esC457gE01lTXMSu6ussbfOWiSEcYq_eYypaeVM/edit?usp=drivesdk,2026-05-07
"=HYPERLINK(""https://drive.google.com/drive/folders/1wEykzGdJ1HwF9cFcawWmg-XyzjwM-Bf4"", ""05 - MAI - 26 / 05/05 - TER"")",B1- ETAPA HETEROIDENTIFICAÇÃO ENAM,LIV,LIV ✔,LET ✔,,BOLETIM_RADIO_TJRN_05_05_2026_B1_ETAPA_HETEROIDENTIFICACAO_ENAM,https://docs.google.com/document/d/1_mi6Tvemp7JmsMTa_Lb2IgQy2KhlvWZ7XrQewFiHTNs/edit?usp=drivesdk,2026-05-07
"=HYPERLINK(""https://drive.google.com/drive/folders/1j2ZYpqrsOY6cTyCUKMunWiUJBT-g7zrp"", ""05 - MAI - 26 / 04/05 - SEG"")",B10- ESTÁGIO PÓS VICE PRESIDÊNCIA,LIV,LIV ✔,LET ✔,,BOLETIM_RADIO_TJRN_04_05_2026_B10_ESTAGIO_POS_VICE_PRESIDENCIA,https://docs.google.com/document/d/1hDskWCmikR01wFJ40_Da3k5Y2v7_KHNoZtXwYzMFfc8/edit?usp=drivesdk,2026-05-07
"=HYPERLINK(""https://drive.google.com/drive/folders/1j2ZYpqrsOY6cTyCUKMunWiUJBT-g7zrp"", ""05 - MAI - 26 / 04/05 - SEG"")",B9- SEMANA COMBATE ASSÉDIO,LIV,LIV ✔,LET ✔,,BOLETIM_RADIO_TJRN_04_05_2026_B9_SEMANA_COMBATE_ASSEDIO,https://docs.google.com/document/d/1tb_T9iwty7hfW0MDYZ5zqTebMk1nqEVy2mjFX8ykr7s/edit?usp=drivesdk,2026-05-04
"=HYPERLINK(""https://drive.google.com/drive/folders/1j2ZYpqrsOY6cTyCUKMunWiUJBT-g7zrp"", ""05 - MAI - 26 / 04/05 - SEG"")",B8- CONCENTRAÇÃO EXECUÇÃO PENAL RN,LIV,LIV ✔,LET ✔,,BOLETIM_RADIO_TJRN_04_05_2026_B8_CONCENTRACAO_EXECUCAO_PENAL_RN,https://docs.google.com/document/d/11AyRMyQdnno9eA_uH4YMOUdIOIom_9a4gnqcYjEdXrI/edit?usp=drivesdk,2026-05-04
"=HYPERLINK(""https://drive.google.com/drive/folders/1j2ZYpqrsOY6cTyCUKMunWiUJBT-g7zrp"", ""05 - MAI - 26 / 04/05 - SEG"")",B7- IPTU NATAL TAXA SELIC,LIV,LIV ✔,LET ✔,,BOLETIM_RADIO_TJRN_04_05_2026_B7_IPTU_NATAL_TAXA_SELIC,https://docs.google.com/document/d/1rLpfTPTqEyBUb055hTTOYez5QPhd2cRmQjs5pdnOZjQ/edit?usp=drivesdk,2026-05-04
"=HYPERLINK(""https://drive.google.com/drive/folders/1j2ZYpqrsOY6cTyCUKMunWiUJBT-g7zrp"", ""05 - MAI - 26 / 04/05 - SEG"")",B6- MAIO TECNOLÓGICO,LIV,LIV ✔,LET ✔,,BOLETIM_RADIO_TJRN_04_05_2026_B6_MAIO_TECNOLOGICO,https://docs.google.com/document/d/1qsTPAd05qrnszOIJHBmWSuSNRHi9HnaXqu4EX7WLtaU/edit?usp=drivesdk,2026-05-04
"=HYPERLINK(""https://drive.google.com/drive/folders/1j2ZYpqrsOY6cTyCUKMunWiUJBT-g7zrp"", ""05 - MAI - 26 / 04/05 - SEG"")",B5- RESTITUIÇÃO FALHA PRODUTO,LIV,LEO ✔,LET ✔,,BOLETIM_RADIO_TJRN_04_05_2026_B5_RESTITUICAO_FALHA_PRODUTO,https://docs.google.com/document/d/1vcEoCb2c1bhLSsLGTMeTy2n9wf94FD_CpXHSlzpLT3k/edit?usp=drivesdk,2026-05-04
"=HYPERLINK(""https://drive.google.com/drive/folders/1j2ZYpqrsOY6cTyCUKMunWiUJBT-g7zrp"", ""05 - MAI - 26 / 04/05 - SEG"")",B4- TJRN CONDUZ MEDIAÇÃO ,LEO,LEO ✔,LET ✔,,BOLETIM_RADIO_TJRN_04_05_2026_B4_TJRN_CONDUZ_MEDIACAO_,https://docs.google.com/document/d/1KHIzkeJDrSTfDiPg6dIhcdA6xaxRuTsIUizjgOvW6EI/edit?usp=drivesdk,2026-05-03
"=HYPERLINK(""https://drive.google.com/drive/folders/1j2ZYpqrsOY6cTyCUKMunWiUJBT-g7zrp"", ""05 - MAI - 26 / 04/05 - SEG"")",B3- TJRN INVESTE GOVERNANÇA,LEO,LEO ✔,LET ✔,,BOLETIM_RADIO_TJRN_04_05_2026_B3_TJRN_INVESTE_GOVERNANCA,https://docs.google.com/document/d/1HEmAkTZzG78OCfsKvaEzS9rdQVionjzT59tYo7VzIs0/edit?usp=drivesdk,2026-05-03
"=HYPERLINK(""https://drive.google.com/drive/folders/1j2ZYpqrsOY6cTyCUKMunWiUJBT-g7zrp"", ""05 - MAI - 26 / 04/05 - SEG"")",B2- TJRN JÚRI ACUSADO MATAR PERSONAL ,LEO,LEO ✔,LET ✔,,BOLETIM_RADIO_TJRN_04_05_2026_B2_TJRN_JURI_ACUSADO_MATAR_PERSONAL_,https://docs.google.com/document/d/1036FhlikoJyH7aT6vN6TtUsESmqIDdl81ZljDe44IU4/edit?usp=drivesdk,2026-04-30
"=HYPERLINK(""https://drive.google.com/drive/folders/1j2ZYpqrsOY6cTyCUKMunWiUJBT-g7zrp"", ""05 - MAI - 26 / 04/05 - SEG"")",B1- TJRN VISITA ALUNOS UFRN ,LEO,LEO ✔,LET ✔,,BOLETIM_RADIO_TJRN_04_05_2026_B1_TJRN_VISITA_ALUNOS_UFRN_,https://docs.google.com/document/d/1T6b6vaQtoyYVovtV6XKX1RWpzv8lZn3ARyKMTcCth9I/edit?usp=drivesdk,2026-04-30
Última sincronização: 08/06/2026 14:17 • Sistema Rádio Web 2026,,,,,,,,
