Última sincronização: 08/06/2026 00:14 • Sistema Rádio Web 2026,,,,,,,,,
Última sincronização: 08/06/2026 02:15 • Sistema Rádio Web 2026,,,,,,,,,
Última sincronização: 08/06/2026 04:14 • Sistema Rádio Web 2026,,,,,,,,,
Última sincronização: 08/06/2026 06:16 • Sistema Rádio Web 2026,,,,,,,,,
Última sincronização: 08/06/2026 08:15 • Sistema Rádio Web 2026,,,,,,,,,
Última sincronização: 07/06/2026 00:13 • Sistema Rádio Web 2026,,,,,,,,,
Última sincronização: 07/06/2026 04:14 • Sistema Rádio Web 2026,,,,,,,,,
Última sincronização: 07/06/2026 06:13 • Sistema Rádio Web 2026,,,,,,,,,
Última sincronização: 07/06/2026 08:14 • Sistema Rádio Web 2026,,,,,,,,,
Última sincronização: 07/06/2026 10:15 • Sistema Rádio Web 2026,,,,,,,,,
Última sincronização: 07/06/2026 12:13 • Sistema Rádio Web 2026,,,,,,,,,
Última sincronização: 07/06/2026 14:14 • Sistema Rádio Web 2026,,,,,,,,,
Última sincronização: 07/06/2026 16:13 • Sistema Rádio Web 2026,,,,,,,,,
Última sincronização: 07/06/2026 18:15 • Sistema Rádio Web 2026,,,,,,,,,
Última sincronização: 07/06/2026 20:14 • Sistema Rádio Web 2026,,,,,,,,,
Última sincronização: 07/06/2026 22:14 • Sistema Rádio Web 2026,,,,,,,,,
Última sincronização: 06/06/2026 00:14 • Sistema Rádio Web 2026,,,,,,,,,
Última sincronização: 06/06/2026 02:15 • Sistema Rádio Web 2026,,,,,,,,,
Última sincronização: 06/06/2026 04:13 • Sistema Rádio Web 2026,,,,,,,,,
Última sincronização: 06/06/2026 06:15 • Sistema Rádio Web 2026,,,,,,,,,
Última sincronização: 06/06/2026 08:13 • Sistema Rádio Web 2026,,,,,,,,,
Última sincronização: 06/06/2026 10:15 • Sistema Rádio Web 2026,,,,,,,,,
Última sincronização: 06/06/2026 12:15 • Sistema Rádio Web 2026,,,,,,,,,
Última sincronização: 06/06/2026 14:13 • Sistema Rádio Web 2026,,,,,,,,,
Última sincronização: 06/06/2026 16:15 • Sistema Rádio Web 2026,,,,,,,,,
Última sincronização: 06/06/2026 18:15 • Sistema Rádio Web 2026,,,,,,,,,
Última sincronização: 06/06/2026 20:13 • Sistema Rádio Web 2026,,,,,,,,,
Última sincronização: 06/06/2026 22:13 • Sistema Rádio Web 2026,,,,,,,,,
Última sincronização: 05/06/2026 00:14 • Sistema Rádio Web 2026,,,,,,,,,
Última sincronização: 05/06/2026 02:14 • Sistema Rádio Web 2026,,,,,,,,,
Última sincronização: 05/06/2026 04:14 • Sistema Rádio Web 2026,,,,,,,,,
Última sincronização: 05/06/2026 06:13 • Sistema Rádio Web 2026,,,,,,,,,
Última sincronização: 05/06/2026 08:14 • Sistema Rádio Web 2026,,,,,,,,,
Última sincronização: 05/06/2026 10:16 • Sistema Rádio Web 2026,,,,,,,,,
Última sincronização: 05/06/2026 12:15 • Sistema Rádio Web 2026,,,,,,,,,
Última sincronização: 05/06/2026 16:15 • Sistema Rádio Web 2026,,,,,,,,,
Última sincronização: 05/06/2026 18:16 • Sistema Rádio Web 2026,,,,,,,,,
Última sincronização: 05/06/2026 20:13 • Sistema Rádio Web 2026,,,,,,,,,
Última sincronização: 05/06/2026 22:15 • Sistema Rádio Web 2026,,,,,,,,,
Última sincronização: 04/06/2026 00:14 • Sistema Rádio Web 2026,,,,,,,,,
Última sincronização: 04/06/2026 04:15 • Sistema Rádio Web 2026,,,,,,,,,
Última sincronização: 04/06/2026 06:14 • Sistema Rádio Web 2026,,,,,,,,,
Última sincronização: 04/06/2026 08:14 • Sistema Rádio Web 2026,,,,,,,,,
Última sincronização: 04/06/2026 12:15 • Sistema Rádio Web 2026,,,,,,,,,
Última sincronização: 04/06/2026 14:16 • Sistema Rádio Web 2026,,,,,,,,,
Última sincronização: 04/06/2026 16:15 • Sistema Rádio Web 2026,,,,,,,,,
Última sincronização: 04/06/2026 20:15 • Sistema Rádio Web 2026,,,,,,,,,
Última sincronização: 04/06/2026 22:14 • Sistema Rádio Web 2026,,,,,,,,,
Última sincronização: 03/06/2026 00:14 • Sistema Rádio Web 2026,,,,,,,,,
Última sincronização: 03/06/2026 02:16 • Sistema Rádio Web 2026,,,,,,,,,
Última sincronização: 03/06/2026 06:16 • Sistema Rádio Web 2026,,,,,,,,,
Última sincronização: 03/06/2026 08:16 • Sistema Rádio Web 2026,,,,,,,,,
Última sincronização: 03/06/2026 14:15 • Sistema Rádio Web 2026,,,,,,,,,
Última sincronização: 03/06/2026 16:15 • Sistema Rádio Web 2026,,,,,,,,,
Última sincronização: 03/06/2026 18:14 • Sistema Rádio Web 2026,,,,,,,,,
Última sincronização: 03/06/2026 22:14 • Sistema Rádio Web 2026,,,,,,,,,
Última sincronização: 02/06/2026 00:14 • Sistema Rádio Web 2026,,,,,,,,,
Última sincronização: 02/06/2026 02:17 • Sistema Rádio Web 2026,,,,,,,,,
Última sincronização: 02/06/2026 04:14 • Sistema Rádio Web 2026,,,,,,,,,
Última sincronização: 02/06/2026 06:14 • Sistema Rádio Web 2026,,,,,,,,,
Última sincronização: 02/06/2026 08:17 • Sistema Rádio Web 2026,,,,,,,,,
Última sincronização: 02/06/2026 14:17 • Sistema Rádio Web 2026,,,,,,,,,
Última sincronização: 02/06/2026 16:15 • Sistema Rádio Web 2026,,,,,,,,,
Última sincronização: 02/06/2026 18:16 • Sistema Rádio Web 2026,,,,,,,,,
Última sincronização: 02/06/2026 20:14 • Sistema Rádio Web 2026,,,,,,,,,
Última sincronização: 02/06/2026 22:15 • Sistema Rádio Web 2026,,,,,,,,,
Última sincronização: 01/06/2026 06:17 • Sistema Rádio Web 2026,,,,,,,,,
Última sincronização: 01/06/2026 12:15 • Sistema Rádio Web 2026,,,,,,,,,
Última sincronização: 01/06/2026 16:14 • Sistema Rádio Web 2026,,,,,,,,,
Última sincronização: 01/06/2026 18:16 • Sistema Rádio Web 2026,,,,,,,,,
Última sincronização: 01/06/2026 20:15 • Sistema Rádio Web 2026,,,,,,,,,
Última sincronização: 01/06/2026 22:14 • Sistema Rádio Web 2026,,,,,,,,,
"=HYPERLINK(""https://drive.google.com/drive/folders/1qJwtAODBqYJ455tKnPiieZ6ygSJfRGxc"", ""03 - MAR - 26 / 31/03 - TER"")",B10- TJRN REFORMA DECISÃO CONTRATAÇÃO ASSESSORIA ,LEO, ✔, ✔,,BOLETIM_RADIO_TJRN_31_03_2026_B10_TJRN_REFORMA_DECISAO_CONTRATACAO_ASSESSORIA_,https://docs.google.com/document/d/1dmev_GQJ0mg9l3ezekcURFQYvuEYXMLa2BdjGtJmAbo/edit?usp=drivesdk,2026-03-30,
"=HYPERLINK(""https://drive.google.com/drive/folders/1qJwtAODBqYJ455tKnPiieZ6ygSJfRGxc"", ""03 - MAR - 26 / 31/03 - TER"")",B9- TJRN PROCEDIMENTOS REPARADORES ,LEO, ✔, ✔,,BOLETIM_RADIO_TJRN_31_03_2026_B9_TJRN_PROCEDIMENTOS_REPARADORES_,https://docs.google.com/document/d/1cvwFXuYiMhddCGiMutE2k1H0tXDqnEVsWdreepKjVPU/edit?usp=drivesdk,2026-03-30,
"=HYPERLINK(""https://drive.google.com/drive/folders/1qJwtAODBqYJ455tKnPiieZ6ygSJfRGxc"", ""03 - MAR - 26 / 31/03 - TER"")",B8- TJRN DESCREDENCIAMENTO CLÍNICA ,LEO, ✔, ✔,,BOLETIM_RADIO_TJRN_31_03_2026_B8_TJRN_DESCREDENCIAMENTO_CLINICA_,https://docs.google.com/document/d/1n3_Fec6pgoSzgftzSq0yzn1Rw1KAPwrQhYGsRFRvRYM/edit?usp=drivesdk,2026-03-30,
"=HYPERLINK(""https://drive.google.com/drive/folders/1qJwtAODBqYJ455tKnPiieZ6ygSJfRGxc"", ""03 - MAR - 26 / 31/03 - TER"")",B7- TJRN CONDENA HOMEM INJÚRIA ,LEO, ✔, ✔,,BOLETIM_RADIO_TJRN_31_03_2026_B7_TJRN_CONDENA_HOMEM_INJURIA_,https://docs.google.com/document/d/16qTMlYQLAaqHqAkKwSPp4MzZupPMpfpQN4r-gWdgaFI/edit?usp=drivesdk,2026-03-30,
"=HYPERLINK(""https://drive.google.com/drive/folders/1qJwtAODBqYJ455tKnPiieZ6ygSJfRGxc"", ""03 - MAR - 26 / 31/03 - TER"")",B6- PAVILHÃO MÁRIO NEGÓCIO,LIV, ✔, ✔,,BOLETIM_RADIO_TJRN_31_03_2026_B6_PAVILHAO_MARIO_NEGOCIO,https://docs.google.com/document/d/1yRKR1mXZsEnrxYk4R1tnpGi2LfoWPiixxqGLzYcQ3D8/edit?usp=drivesdk,2026-03-30,
"=HYPERLINK(""https://drive.google.com/drive/folders/1qJwtAODBqYJ455tKnPiieZ6ygSJfRGxc"", ""03 - MAR - 26 / 31/03 - TER"")",B5- TJRN FINALISTA COMUNICAÇÃO PÚBLICA,LIV, ✔, ✔,,BOLETIM_RADIO_TJRN_31_03_2026_B5_TJRN_FINALISTA_COMUNICACAO_PUBLICA,https://docs.google.com/document/d/1ZrB4vFsop1zCvsP2wg07pGatpAaz0dazfNmjTEQZt_g/edit?usp=drivesdk,2026-03-30,
"=HYPERLINK(""https://drive.google.com/drive/folders/1qJwtAODBqYJ455tKnPiieZ6ygSJfRGxc"", ""03 - MAR - 26 / 31/03 - TER"")",B4- CONVOCADOS CONCURSO,LIV, ✔, ✔,,BOLETIM_RADIO_TJRN_31_03_2026_B4_CONVOCADOS_CONCURSO,https://docs.google.com/document/d/1cwb5HKyET9_cSgN8tYCljIsGZahwiNvqNr5-v3IM710/edit?usp=drivesdk,2026-03-30,
"=HYPERLINK(""https://drive.google.com/drive/folders/1qJwtAODBqYJ455tKnPiieZ6ygSJfRGxc"", ""03 - MAR - 26 / 31/03 - TER"")",B3- BANCA HETEROIDENTIFICAÇÃO ENAM,LIV, ✔, ✔,,BOLETIM_RADIO_TJRN_31_03_2026_B3_BANCA_HETEROIDENTIFICACAO_ENAM,https://docs.google.com/document/d/197mTcLR2GMkBme1rDXb5dwbmzCuapl9bwNFvv03ZZ30/edit?usp=drivesdk,2026-03-30,
"=HYPERLINK(""https://drive.google.com/drive/folders/1qJwtAODBqYJ455tKnPiieZ6ygSJfRGxc"", ""03 - MAR - 26 / 31/03 - TER"")",B2- REINTEGRAÇÃO POSSE IMOVEL,LIV, ✔, ✔,,BOLETIM_RADIO_TJRN_31_03_2026_B2_REINTEGRACAO_POSSE_IMOVEL,https://docs.google.com/document/d/134DQTA20DEKYh_Elt6o0ib8iYHsR9tVluDzRll_NwdM/edit?usp=drivesdk,2026-03-30,
"=HYPERLINK(""https://drive.google.com/drive/folders/1qJwtAODBqYJ455tKnPiieZ6ygSJfRGxc"", ""03 - MAR - 26 / 31/03 - TER"")",B1- INJÚRIA QUALIFICADA IDOSA,LIV, ✔, ✔,,BOLETIM_RADIO_TJRN_31_03_2026_B1_INJURIA_QUALIFICADA_IDOSA,https://docs.google.com/document/d/1TVAid9Rk_jGxcKLUc-VmKZIOxaNrfBTlA7q3UptlH64/edit?usp=drivesdk,2026-03-30,
"=HYPERLINK(""https://drive.google.com/drive/folders/1GsABUbzxkmJb2QWkclyOJoid7M2-CDdU"", ""03 - MAR - 26 / 30/03 - SEG"")",B10- PENSÃO GUARDA MUNICIPAL,LIV, ✔, ✔,,BOLETIM_RADIO_TJRN_30_03_2026_B10_PENSAO_GUARDA_MUNICIPAL,https://docs.google.com/document/d/1PTX4FLvzm-I2mmdDJ7fwGsb8w0RV9xJxdt2FJ6lGKoE/edit?usp=drivesdk,2026-03-30,
"=HYPERLINK(""https://drive.google.com/drive/folders/1GsABUbzxkmJb2QWkclyOJoid7M2-CDdU"", ""03 - MAR - 26 / 30/03 - SEG"")",B9- GMF AÇÃO MOSSORÓ,LIV, ✔, ✔,,BOLETIM_RADIO_TJRN_30_03_2026_B9_GMF_ACAO_MOSSORO,https://docs.google.com/document/d/165dOdzAXUMdQwuNUM8N6ZU3GvP7kp1NgnUaZXB9aOkc/edit?usp=drivesdk,2026-03-30,
"=HYPERLINK(""https://drive.google.com/drive/folders/1GsABUbzxkmJb2QWkclyOJoid7M2-CDdU"", ""03 - MAR - 26 / 30/03 - SEG"")",B8- BLOQUEIO INDEVIDO BANCO,LIV, ✔, ✔,,BOLETIM_RADIO_TJRN_30_03_2026_B8_BLOQUEIO_INDEVIDO_BANCO,https://docs.google.com/document/d/1Lf86SSxiA_4PIsGVxqw37S3cxpcrUWw2iqrzwV4ZEEk/edit?usp=drivesdk,2026-03-30,
"=HYPERLINK(""https://drive.google.com/drive/folders/1GsABUbzxkmJb2QWkclyOJoid7M2-CDdU"", ""03 - MAR - 26 / 30/03 - SEG"")",B7- DESCONTOS PREVIDENCIÁRIOS,LIV, ✔, ✔,,BOLETIM_RADIO_TJRN_30_03_2026_B7_DESCONTOS_PREVIDENCIARIOS,https://docs.google.com/document/d/1hjH8r_mAg-xMTyjMEAAz0uAkMiG1-HWuKUyriLGzahU/edit?usp=drivesdk,2026-03-30,
"=HYPERLINK(""https://drive.google.com/drive/folders/1GsABUbzxkmJb2QWkclyOJoid7M2-CDdU"", ""03 - MAR - 26 / 30/03 - SEG"")",B6- AUTOMÓVEL DEFEITO FABRICAÇÃO,LIV, ✔, ✔,,BOLETIM_RADIO_TJRN_30_03_2026_B6_AUTOMOVEL_DEFEITO_FABRICACAO,https://docs.google.com/document/d/1m0f_gixFY7Qgp1pJZzEVEEAeM0_da1zPMNR_U_PvAEk/edit?usp=drivesdk,2026-03-30,
"=HYPERLINK(""https://drive.google.com/drive/folders/1GsABUbzxkmJb2QWkclyOJoid7M2-CDdU"", ""03 - MAR - 26 / 30/03 - SEG"")",B5- EVENTO INOVAÇÃO SETIC,LIV, ✔, ✔,,BOLETIM_RADIO_TJRN_30_03_2026_B5_EVENTO_INOVACAO_SETIC,https://docs.google.com/document/d/1qI46K9RcL-XhqR0WQyoWr-GnWxzxtRnZCez9oonCvEc/edit?usp=drivesdk,2026-03-30,
"=HYPERLINK(""https://drive.google.com/drive/folders/1GsABUbzxkmJb2QWkclyOJoid7M2-CDdU"", ""03 - MAR - 26 / 30/03 - SEG"")",B4- RESIDÊNCIA TERAPÊUTICA EGRESSOS,LIV, ✔, ✔,,BOLETIM_RADIO_TJRN_30_03_2026_B4_RESIDENCIA_TERAPEUTICA_EGRESSOS,https://docs.google.com/document/d/1l1efZ95-Y7fXKXdAAnkjgMs85vGEq_dVhVQZ2DzilUw/edit?usp=drivesdk,2026-03-30,
"=HYPERLINK(""https://drive.google.com/drive/folders/1GsABUbzxkmJb2QWkclyOJoid7M2-CDdU"", ""03 - MAR - 26 / 30/03 - SEG"")",B3- ÍNDICES ESTRATÉGICOS 2025,LIV, ✔, ✔,,BOLETIM_RADIO_TJRN_30_03_2026_B3_INDICES_ESTRATEGICOS_2025,https://docs.google.com/document/d/1uMb52fCg2LXgUzrTq83OPCC_nX41zGYqQyZHIAoiYq4/edit?usp=drivesdk,2026-03-30,
"=HYPERLINK(""https://drive.google.com/drive/folders/1GsABUbzxkmJb2QWkclyOJoid7M2-CDdU"", ""03 - MAR - 26 / 30/03 - SEG"")",B2- GMF EM AÇÃO PAU DOS FERROS,LIV, ✔, ✔,,BOLETIM_RADIO_TJRN_30_03_2026_B2_GMF_EM_ACAO_PAU_DOS_FERROS,https://docs.google.com/document/d/1bm58nNTCe94mXFaTE6Q866Jd6TFA00KxZzr4jkGgjMk/edit?usp=drivesdk,2026-03-30,
"=HYPERLINK(""https://drive.google.com/drive/folders/1GsABUbzxkmJb2QWkclyOJoid7M2-CDdU"", ""03 - MAR - 26 / 30/03 - SEG"")",B1- DANOS MORAIS NOME NEGATIVADO,LIV, ✔, ✔,,BOLETIM_RADIO_TJRN_30_03_2026_B1_DANOS_MORAIS_NOME_NEGATIVADO,https://docs.google.com/document/d/1wXR8CTsAKWy7N2rDOe4i4IFcD_8aszM-gbElpYYvvYI/edit?usp=drivesdk,2026-03-30,
"=HYPERLINK(""https://drive.google.com/drive/folders/16l0Yjw8ejQAC7ma-u4PuJRgw1_pkUWMj"", ""03 - MAR - 26 / 27/03 - SEX"")",B10- FALHAS SERVIÇO TELEFONIA ,LEO, ✔, ✔,,BOLETIM_RADIO_TJRN_27_03_2026_B10_FALHAS_SERVICO_TELEFONIA_,https://docs.google.com/document/d/1LdHz_WJE5Wf4oDs-P35_HV1gm9MKK8DobcPj8KLoMCg/edit?usp=drivesdk,2026-03-26,
"=HYPERLINK(""https://drive.google.com/drive/folders/16l0Yjw8ejQAC7ma-u4PuJRgw1_pkUWMj"", ""03 - MAR - 26 / 27/03 - SEX"")",B9- TJRN CORTE INDEVIDO DE ENERGIA ,LEO, ✔, ✔,,BOLETIM_RADIO_TJRN_27_03_2026_B9_TJRN_CORTE_INDEVIDO_DE_ENERGIA_,https://docs.google.com/document/d/1Eq8hiO8_Hwr1BNWBTexze3TJd0371zA6gzanSzAtAP8/edit?usp=drivesdk,2026-03-26,
"=HYPERLINK(""https://drive.google.com/drive/folders/16l0Yjw8ejQAC7ma-u4PuJRgw1_pkUWMj"", ""03 - MAR - 26 / 27/03 - SEX"")",B8- TJRN TURMA RECURSAL INSALUBRIDADE SAMU ,LEO, ✔, ✔,,BOLETIM_RADIO_TJRN_27_03_2026_B8_TJRN_TURMA_RECURSAL_INSALUBRIDADE_SAMU_,https://docs.google.com/document/d/1tIPKpQTfkefKCwRzymwyHEgrEJ6kwGN4uxfjLpkRw6U/edit?usp=drivesdk,2026-03-26,
"=HYPERLINK(""https://drive.google.com/drive/folders/16l0Yjw8ejQAC7ma-u4PuJRgw1_pkUWMj"", ""03 - MAR - 26 / 27/03 - SEX"")",B7- TJRN REDE SOCIAL CONDENADA INDENIZAÇÃO ,LEO, ✔, ✔,,BOLETIM_RADIO_TJRN_27_03_2026_B7_TJRN_REDE_SOCIAL_CONDENADA_INDENIZACAO_,https://docs.google.com/document/d/1O9nMMDyzvZnqj6V4GeeYLeiPg_lIWKrXdwoZxFe95Jc/edit?usp=drivesdk,2026-03-26,
"=HYPERLINK(""https://drive.google.com/drive/folders/16l0Yjw8ejQAC7ma-u4PuJRgw1_pkUWMj"", ""03 - MAR - 26 / 27/03 - SEX"")",B6- TJRN CONSUMIDORA RECEBERÁ INDENIZAÇÃO ,LEO, ✔, ✔,,BOLETIM_RADIO_TJRN_27_03_2026_B6_TJRN_CONSUMIDORA_RECEBERA_INDENIZACAO_,https://docs.google.com/document/d/1vE6oqMb3IPjVXtOZmsxhzLXlBZvdaUdp40PM9wRopLk/edit?usp=drivesdk,2026-03-26,
"=HYPERLINK(""https://drive.google.com/drive/folders/16l0Yjw8ejQAC7ma-u4PuJRgw1_pkUWMj"", ""03 - MAR - 26 / 27/03 - SEX"")",B5- TJRN DETERMINA ESTADO NOMEIE APROVADOS ,LEO, ✔, ✔,,BOLETIM_RADIO_TJRN_27_03_2026_B5_TJRN_DETERMINA_ESTADO_NOMEIE_APROVADOS_,https://docs.google.com/document/d/1RmI9Y_Be50ya4lRGMmRulclJuo9zpdxXfmJJ62CFSHs/edit?usp=drivesdk,2026-03-26,
"=HYPERLINK(""https://drive.google.com/drive/folders/16l0Yjw8ejQAC7ma-u4PuJRgw1_pkUWMj"", ""03 - MAR - 26 / 27/03 - SEX"")",B4- TJRN OFICINAS ENTREGA VOLUNTÁRIA ,LEO, ✔, ✔,,BOLETIM_RADIO_TJRN_27_03_2026_B4_TJRN_OFICINAS_ENTREGA_VOLUNTARIA_,https://docs.google.com/document/d/1ohSKikERoqyoQABs-wnKqTTWHLv6gfHQK12zwVFLueg/edit?usp=drivesdk,2026-03-26,
"=HYPERLINK(""https://drive.google.com/drive/folders/16l0Yjw8ejQAC7ma-u4PuJRgw1_pkUWMj"", ""03 - MAR - 26 / 27/03 - SEX"")",B3- TJRN CAFE DA MANHA OFICIAL JUSTIÇA ,LEO, ✔, ✔,,BOLETIM_RADIO_TJRN_27_03_2026_B3_TJRN_CAFE_DA_MANHA_OFICIAL_JUSTICA_,https://docs.google.com/document/d/18gHiWrxitBa9mbdX9Up-j3wbDqCUNZ69XU3Yy4do4ac/edit?usp=drivesdk,2026-03-26,
"=HYPERLINK(""https://drive.google.com/drive/folders/16l0Yjw8ejQAC7ma-u4PuJRgw1_pkUWMj"", ""03 - MAR - 26 / 27/03 - SEX"")",B2- TJRN VARA CRIMINAL RESULTADO SELEÇÃO ,LEO, ✔, ✔,,BOLETIM_RADIO_TJRN_27_03_2026_B2_TJRN_VARA_CRIMINAL_RESULTADO_SELECAO_,https://docs.google.com/document/d/1rdvyDmAomMVnGtc8dNCiXqnehL-SIqxxaWcPlpxO1Ns/edit?usp=drivesdk,2026-03-26,
"=HYPERLINK(""https://drive.google.com/drive/folders/16l0Yjw8ejQAC7ma-u4PuJRgw1_pkUWMj"", ""03 - MAR - 26 / 27/03 - SEX"")",B1- TJRN ESTADO DEVE CONCEDER NOVO PRAZO APROVADO ,LEO, ✔, ✔,,BOLETIM_RADIO_TJRN_27_03_2026_B1_TJRN_ESTADO_DEVE_CONCEDER_NOVO_PRAZO_APROVADO_,https://docs.google.com/document/d/1LggOS2uya7OahvC2a132xiTKV7VF6qU3QzT5PGEv-VI/edit?usp=drivesdk,2026-03-26,
"=HYPERLINK(""https://drive.google.com/drive/folders/1t1P50J4rrjAaorxDx3jT5mgsMSK-IMQR"", ""03 - MAR - 26 / 26/03 - QUI"")",B10- TRT/RN VARA NEGA DANOS MORAIS ,LEO, ✔, ✔,,BOLETIM_RADIO_TJRN_26_03_2026_B10_TRTRN_VARA_NEGA_DANOS_MORAIS_,https://docs.google.com/document/d/10fCg1Bfv9p5bapxVhCimOS6X3OwHfgH5vkZnUyHbCls/edit?usp=drivesdk,2026-03-26,
"=HYPERLINK(""https://drive.google.com/drive/folders/1t1P50J4rrjAaorxDx3jT5mgsMSK-IMQR"", ""03 - MAR - 26 / 26/03 - QUI"")",B9- TJRN PARNAMIRIM DEVE APRESENTAR PLANO CAPS ,LEO, ✔, ✔,,BOLETIM_RADIO_TJRN_26_03_2026_B9_TJRN_PARNAMIRIM_DEVE_APRESENTAR_PLANO_CAPS_,https://docs.google.com/document/d/1F90vOCtdIUqkGcpE8ccwD0_ZBMOscwjntCRNi0xDvi4/edit?usp=drivesdk,2026-03-26,
"=HYPERLINK(""https://drive.google.com/drive/folders/1t1P50J4rrjAaorxDx3jT5mgsMSK-IMQR"", ""03 - MAR - 26 / 26/03 - QUI"")",B8- TJRN SENTENÇA DETERMINA REPARAÇÃO DEFEITOS ,LEO, ✔, ✔,,BOLETIM_RADIO_TJRN_26_03_2026_B8_TJRN_SENTENCA_DETERMINA_REPARACAO_DEFEITOS_,https://docs.google.com/document/d/1uwpczWrmE1cLMIu0Q7ldXg9O5BXxgYpPlleUU58VkWw/edit?usp=drivesdk,2026-03-26,
"=HYPERLINK(""https://drive.google.com/drive/folders/1t1P50J4rrjAaorxDx3jT5mgsMSK-IMQR"", ""03 - MAR - 26 / 26/03 - QUI"")",B7- TJRN REMIÇÃO PENA POR ESTUDO ,LEO, ✔, ✔,,BOLETIM_RADIO_TJRN_26_03_2026_B7_TJRN_REMICAO_PENA_POR_ESTUDO_,https://docs.google.com/document/d/1L9lBFyFB7M0sObKTrgrdXaymG5Jvhzal4sDxde1EuCo/edit?usp=drivesdk,2026-03-26,
"=HYPERLINK(""https://drive.google.com/drive/folders/1t1P50J4rrjAaorxDx3jT5mgsMSK-IMQR"", ""03 - MAR - 26 / 26/03 - QUI"")",B6- TJRN NEGA AÇÃO IMPROBIDADE CONTRATAÇÃO ,LEO, ✔, ✔,,BOLETIM_RADIO_TJRN_26_03_2026_B6_TJRN_NEGA_ACAO_IMPROBIDADE_CONTRATACAO_,https://docs.google.com/document/d/1s7JSW_lYkGhz6zn_izJ0FAH1l9llPeSaQe9ijhRa1bY/edit?usp=drivesdk,2026-03-26,
"=HYPERLINK(""https://drive.google.com/drive/folders/1t1P50J4rrjAaorxDx3jT5mgsMSK-IMQR"", ""03 - MAR - 26 / 26/03 - QUI"")",B5- TJRN EMPRESA HOME CARE CONDENADA ,LEO, ✔, ✔,,BOLETIM_RADIO_TJRN_26_03_2026_B5_TJRN_EMPRESA_HOME_CARE_CONDENADA_,https://docs.google.com/document/d/1OMDhG6VACBWHpzX_-ADqkm0yDhkP4eI7soiYIrBNzT0/edit?usp=drivesdk,2026-03-26,
"=HYPERLINK(""https://drive.google.com/drive/folders/1t1P50J4rrjAaorxDx3jT5mgsMSK-IMQR"", ""03 - MAR - 26 / 26/03 - QUI"")",B4- TJRN EMPRESA ENERGIA SOLAR CONDENADA ,LEO, ✔, ✔,,BOLETIM_RADIO_TJRN_26_03_2026_B4_TJRN_EMPRESA_ENERGIA_SOLAR_CONDENADA_,https://docs.google.com/document/d/1Fhx7JsGt5dhWThWv5Vh6vkxnfPzjr79Q8CZapwI4mXY/edit?usp=drivesdk,2026-03-26,
"=HYPERLINK(""https://drive.google.com/drive/folders/1t1P50J4rrjAaorxDx3jT5mgsMSK-IMQR"", ""03 - MAR - 26 / 26/03 - QUI"")",B3- TJRN GARANTE ABANDONO PERMANÊNCIA RETROATIVO ,LEO, ✔, ✔,,BOLETIM_RADIO_TJRN_26_03_2026_B3_TJRN_GARANTE_ABANDONO_PERMANENCIA_RETROATIVO_,https://docs.google.com/document/d/1X89-dUCyUbXRQAD7ulCW8WwjQMWA9woDEDyCQ2KQZj8/edit?usp=drivesdk,2026-03-26,
"=HYPERLINK(""https://drive.google.com/drive/folders/1t1P50J4rrjAaorxDx3jT5mgsMSK-IMQR"", ""03 - MAR - 26 / 26/03 - QUI"")",B2- TJRN INAUGURA PLATAFORMA ACESSIBILIDADE,LEO, ✔, ✔,,BOLETIM_RADIO_TJRN_26_03_2026_B2_TJRN_INAUGURA_PLATAFORMA_ACESSIBILIDADE,https://docs.google.com/document/d/1hO9jY3wBOoWI-kRgWalYLUChSuwALTtXemm-mvPBIqk/edit?usp=drivesdk,2026-03-26,
"=HYPERLINK(""https://drive.google.com/drive/folders/1t1P50J4rrjAaorxDx3jT5mgsMSK-IMQR"", ""03 - MAR - 26 / 26/03 - QUI"")",B1- TJRN CANGUARETAMA SELEÇÃO INTERINO,LEO, ✔, ✔,,BOLETIM_RADIO_TJRN_26_03_2026_B1_TJRN_CANGUARETAMA_SELECAO_INTERINO,https://docs.google.com/document/d/1OPWhwxdJgiEP3tL5fMr8Gj5Q4jqcmbLKFuSVLTIqdrg/edit?usp=drivesdk,2026-03-26,
"=HYPERLINK(""https://drive.google.com/drive/folders/1j1X6NMkMAWO66d0uTctGEvWLaUmiCh-y"", ""03 - MAR - 26 / 25/03 - QUA"")",B10- MPRN COMBATE REDE TRÁFICO ,LEO, ✔, ✔,,BOLETIM_RADIO_TJRN_25_03_2026_B10_MPRN_COMBATE_REDE_TRAFICO_,https://docs.google.com/document/d/1fxfmtHF_KCDpJSLYf8TK_Al3k219l8SnHu8YUIdwVVg/edit?usp=drivesdk,2026-03-26,
"=HYPERLINK(""https://drive.google.com/drive/folders/1j1X6NMkMAWO66d0uTctGEvWLaUmiCh-y"", ""03 - MAR - 26 / 25/03 - QUA"")",B9- OAB/RB CAMPANHA VACINAÇÃO ,LEO, ✔, ✔,,BOLETIM_RADIO_TJRN_25_03_2026_B9_OABRB_CAMPANHA_VACINACAO_,https://docs.google.com/document/d/1RnNGhUAzYgZQe7y9-4aK-Ik0H-lhoroQvh6tybIRW0Q/edit?usp=drivesdk,2026-03-26,
"=HYPERLINK(""https://drive.google.com/drive/folders/1j1X6NMkMAWO66d0uTctGEvWLaUmiCh-y"", ""03 - MAR - 26 / 25/03 - QUA"")",B8- TJRN ASSEGURA CIRURGIA ALTA COMPLEXIDADE,LEO, ✔, ✔,,BOLETIM_RADIO_TJRN_25_03_2026_B8_TJRN_ASSEGURA_CIRURGIA_ALTA_COMPLEXIDADE,https://docs.google.com/document/d/1ywVcLb1a6lAsiHlObLXKmrvbSA88yiepIlEEol-qEAw/edit?usp=drivesdk,2026-03-26,
"=HYPERLINK(""https://drive.google.com/drive/folders/1j1X6NMkMAWO66d0uTctGEvWLaUmiCh-y"", ""03 - MAR - 26 / 25/03 - QUA"")",B7- TJRN OPERADORA CELULAR ENVIO EXCESSIVO ,LEO, ✔, ✔,,BOLETIM_RADIO_TJRN_25_03_2026_B7_TJRN_OPERADORA_CELULAR_ENVIO_EXCESSIVO_,https://docs.google.com/document/d/1wE6D0iNH1YPzeAJG3npYBqM4jRSXN3jR79Ww5BdKQEg/edit?usp=drivesdk,2026-03-26,
"=HYPERLINK(""https://drive.google.com/drive/folders/1j1X6NMkMAWO66d0uTctGEvWLaUmiCh-y"", ""03 - MAR - 26 / 25/03 - QUA"")",B6- TJRN EMPRESA TELEFONIA CONDENADA  ,LEO, ✔, ✔,,BOLETIM_RADIO_TJRN_25_03_2026_B6_TJRN_EMPRESA_TELEFONIA_CONDENADA_,https://docs.google.com/document/d/1YfCF90Xz_5NgeI4zpsEhcszY5KaUIvW8AvNwfzSPQ0c/edit?usp=drivesdk,2026-03-26,
"=HYPERLINK(""https://drive.google.com/drive/folders/1j1X6NMkMAWO66d0uTctGEvWLaUmiCh-y"", ""03 - MAR - 26 / 25/03 - QUA"")",B5- TJRN RECONHECE FALHA PLATAFORMA JOGOS ,LEO, ✔, ✔,,BOLETIM_RADIO_TJRN_25_03_2026_B5_TJRN_RECONHECE_FALHA_PLATAFORMA_JOGOS_,https://docs.google.com/document/d/1tcnslenzAlw7mFTJ1Xi7zgqrQ0qkOGM0GJMTRQhpsfU/edit?usp=drivesdk,2026-03-26,
"=HYPERLINK(""https://drive.google.com/drive/folders/1j1X6NMkMAWO66d0uTctGEvWLaUmiCh-y"", ""03 - MAR - 26 / 25/03 - QUA"")",B4- TJRN AFASTA RESPONSABILIDADE BANCO GOLPE ,LEO, ✔, ✔,,BOLETIM_RADIO_TJRN_25_03_2026_B4_TJRN_AFASTA_RESPONSABILIDADE_BANCO_GOLPE_,https://docs.google.com/document/d/14BdE8SdsVTD1lyoRvQTfMVwPNQh24aNViRIIWOy17vc/edit?usp=drivesdk,2026-03-26,
"=HYPERLINK(""https://drive.google.com/drive/folders/1j1X6NMkMAWO66d0uTctGEvWLaUmiCh-y"", ""03 - MAR - 26 / 25/03 - QUA"")",B3-TJRN CLIENTE INDENIZADO COMPRA CANCELADA ,LEO, ✔, ✔,,BOLETIM_RADIO_TJRN_25_03_2026_B3_TJRN_CLIENTE_INDENIZADO_COMPRA_CANCELADA_,https://docs.google.com/document/d/16jsfNaqP_vj9LxXe8bxjpgZjdDE5wsnkRi1LDOI1aE4/edit?usp=drivesdk,2026-03-26,
"=HYPERLINK(""https://drive.google.com/drive/folders/1j1X6NMkMAWO66d0uTctGEvWLaUmiCh-y"", ""03 - MAR - 26 / 25/03 - QUA"")",B2- TJRN SUSPENDE LICITAÇÃO PREGÃO ,LEO, ✔, ✔,,BOLETIM_RADIO_TJRN_25_03_2026_B2_TJRN_SUSPENDE_LICITACAO_PREGAO_,https://docs.google.com/document/d/1QRj33RDrr31T7ACZAkiepaGx503R4T95LUkcJFfAn2o/edit?usp=drivesdk,2026-03-26,
"=HYPERLINK(""https://drive.google.com/drive/folders/1j1X6NMkMAWO66d0uTctGEvWLaUmiCh-y"", ""03 - MAR - 26 / 25/03 - QUA"")",B1- TJRN CURSO SEGURANÇA INSTITUCIONAL ,LEO, ✔, ✔,,BOLETIM_RADIO_TJRN_25_03_2026_B1_TJRN_CURSO_SEGURANCA_INSTITUCIONAL_,https://docs.google.com/document/d/1aeTR-RkYd4M-16BdzMWiF_S3lwQYl5WtC_8_7PJzcgs/edit?usp=drivesdk,2026-03-23,
"=HYPERLINK(""https://drive.google.com/drive/folders/1xWS9vErg5ikVvDM9OXHmmV8C4CNPVtHT"", ""03 - MAR - 26 / 24/03 - TER"")",B10- MPRN ORIENTA PREFEITOS GASTOS JUNINOS ,LEO, ✔, ✔,,BOLETIM_RADIO_TJRN_24_03_2026_B10_MPRN_ORIENTA_PREFEITOS_GASTOS_JUNINOS_,https://docs.google.com/document/d/17sVvGPzC5JHoZ86C8yNgGYYUCJr5YM3MhRK_3tgg4Zk/edit?usp=drivesdk,2026-03-23,
"=HYPERLINK(""https://drive.google.com/drive/folders/1xWS9vErg5ikVvDM9OXHmmV8C4CNPVtHT"", ""03 - MAR - 26 / 24/03 - TER"")",B9- DPERN BLOQUEIO VERBAS ,LEO, ✔, ✔,,BOLETIM_RADIO_TJRN_24_03_2026_B9_DPERN_BLOQUEIO_VERBAS_,https://docs.google.com/document/d/1GnEOrifDV2Lj6wF__QMZYJcxe3fh33VDbr0PjbK26qU/edit?usp=drivesdk,2026-03-23,
"=HYPERLINK(""https://drive.google.com/drive/folders/1xWS9vErg5ikVvDM9OXHmmV8C4CNPVtHT"", ""03 - MAR - 26 / 24/03 - TER"")",B8- TJRN PARELHAS PROJETOS PRESTAÇÕES PECUNIÁRIAS ,LEO, ✔, ✔,,BOLETIM_RADIO_TJRN_24_03_2026_B8_TJRN_PARELHAS_PROJETOS_PRESTACOES_PECUNIARIAS_,https://docs.google.com/document/d/1xVWIf2zEFxQZGYAgsbPjnUqhMI8emZuGDgGLhX-Q3NI/edit?usp=drivesdk,2026-03-23,
"=HYPERLINK(""https://drive.google.com/drive/folders/1xWS9vErg5ikVvDM9OXHmmV8C4CNPVtHT"", ""03 - MAR - 26 / 24/03 - TER"")",B7- TJRN COMPANHIA AÉREA CONDENADA OVERBOOKING ,LEO, ✔, ✔,,BOLETIM_RADIO_TJRN_24_03_2026_B7_TJRN_COMPANHIA_AEREA_CONDENADA_OVERBOOKING_,https://docs.google.com/document/d/1zIeY8YSRt_4nW9pYI4SK-cGtOkD-5t_zk_u1ThirGus/edit?usp=drivesdk,2026-03-23,
"=HYPERLINK(""https://drive.google.com/drive/folders/1xWS9vErg5ikVvDM9OXHmmV8C4CNPVtHT"", ""03 - MAR - 26 / 24/03 - TER"")",B6- TJRN EMPRESA CONDENADA NEGATIVAÇÃO INDEVIDA,LEO, ✔, ✔,,BOLETIM_RADIO_TJRN_24_03_2026_B6_TJRN_EMPRESA_CONDENADA_NEGATIVACAO_INDEVIDA,https://docs.google.com/document/d/18Is8kib9gMardz2eBMKlID9vkuLMTyl8s8QEQaNLncE/edit?usp=drivesdk,2026-03-23,
"=HYPERLINK(""https://drive.google.com/drive/folders/1xWS9vErg5ikVvDM9OXHmmV8C4CNPVtHT"", ""03 - MAR - 26 / 24/03 - TER"")",B5- TJRN CUMPRIMENTO IMEDIATO  E MULTA,LEO, ✔, ✔,,BOLETIM_RADIO_TJRN_24_03_2026_B5_TJRN_CUMPRIMENTO_IMEDIATO_E_MULTA,https://docs.google.com/document/d/1jvWKNKqf8fhII4RbpFnN3cdFf4bfx5WKCGMfhFyZ5wI/edit?usp=drivesdk,2026-03-23,
"=HYPERLINK(""https://drive.google.com/drive/folders/1xWS9vErg5ikVvDM9OXHmmV8C4CNPVtHT"", ""03 - MAR - 26 / 24/03 - TER"")",B4- TJRN COLISÃO CAMINHÃO ENTULHOS ,LEO, ✔, ✔,,BOLETIM_RADIO_TJRN_24_03_2026_B4_TJRN_COLISAO_CAMINHAO_ENTULHOS_,https://docs.google.com/document/d/1KCB42EP3sMFEincCP-2Xt-oCAq7GU3lBG33Ob_vfVz4/edit?usp=drivesdk,2026-03-23,
"=HYPERLINK(""https://drive.google.com/drive/folders/1xWS9vErg5ikVvDM9OXHmmV8C4CNPVtHT"", ""03 - MAR - 26 / 24/03 - TER"")",B3- TJRN ATRASO REEMBOLSO,LEO, ✔, ✔,,BOLETIM_RADIO_TJRN_24_03_2026_B3_TJRN_ATRASO_REEMBOLSO,https://docs.google.com/document/d/1SUh7eIDdHc1LF6l5w7-96I52ogGgSTzWrRntcjFwuM0/edit?usp=drivesdk,2026-03-23,
"=HYPERLINK(""https://drive.google.com/drive/folders/1xWS9vErg5ikVvDM9OXHmmV8C4CNPVtHT"", ""03 - MAR - 26 / 24/03 - TER"")",B2- TJRN SERRA MEL CONVOCAÇÃO CANDIDATO ,LEO, ✔, ✔,,BOLETIM_RADIO_TJRN_24_03_2026_B2_TJRN_SERRA_MEL_CONVOCACAO_CANDIDATO_,https://docs.google.com/document/d/14WnAj6Ou_AEtBO625E3lo9hhxuf57kS_io4uOwj8Vcs/edit?usp=drivesdk,2026-03-23,
"=HYPERLINK(""https://drive.google.com/drive/folders/1xWS9vErg5ikVvDM9OXHmmV8C4CNPVtHT"", ""03 - MAR - 26 / 24/03 - TER"")",B1- TJRN PLANO SAÚDE NEGA TRATAMENTO,LEO, ✔, ✔,,BOLETIM_RADIO_TJRN_24_03_2026_B1_TJRN_PLANO_SAUDE_NEGA_TRATAMENTO,https://docs.google.com/document/d/1wPhf2z8R5HOkzvXWYwx3D6EgZLnx2EtZiQyEMuoCcos/edit?usp=drivesdk,2026-03-23,
"=HYPERLINK(""https://drive.google.com/drive/folders/15JvhpdBw2LkO6kJf5sfZ5pmZW-vj1-Le"", ""03 - MAR - 26 / 23/03 - SEG"")",B10- TRATAMENTO DOMICILIAR CRIANÇA,LIV, ✔, ✔,,BOLETIM_RADIO_TJRN_23_03_2026_B10_TRATAMENTO_DOMICILIAR_CRIANCA,https://docs.google.com/document/d/1pr0Tic_zMfG1y9tGm8fFKmOPUH851wROIcddyHBc8DU/edit?usp=drivesdk,2026-03-23,
"=HYPERLINK(""https://drive.google.com/drive/folders/15JvhpdBw2LkO6kJf5sfZ5pmZW-vj1-Le"", ""03 - MAR - 26 / 23/03 - SEG"")",B9- CAPACITAÇÃO ESCUTA PROTEGIDA,LIV, ✔, ✔,,BOLETIM_RADIO_TJRN_23_03_2026_B9_CAPACITACAO_ESCUTA_PROTEGIDA,https://docs.google.com/document/d/1AXyh-D27RbgoyV-ulcT5YB4SxlPuVmMuHWMQCmCxVg8/edit?usp=drivesdk,2026-03-23,
"=HYPERLINK(""https://drive.google.com/drive/folders/15JvhpdBw2LkO6kJf5sfZ5pmZW-vj1-Le"", ""03 - MAR - 26 / 23/03 - SEG"")",B8- MUTIRÃO EFICIÊNCIA PJE,LIV, ✔, ✔,,BOLETIM_RADIO_TJRN_23_03_2026_B8_MUTIRAO_EFICIENCIA_PJE,https://docs.google.com/document/d/1oHGgf1-gSZn-LvQsW1MlJPJFKVB2F5liMPGspPO2l7g/edit?usp=drivesdk,2026-03-23,
"=HYPERLINK(""https://drive.google.com/drive/folders/15JvhpdBw2LkO6kJf5sfZ5pmZW-vj1-Le"", ""03 - MAR - 26 / 23/03 - SEG"")",B7- DEVOLUÇÃO MILHAS,LIV, ✔, ✔,,BOLETIM_RADIO_TJRN_23_03_2026_B7_DEVOLUCAO_MILHAS,https://docs.google.com/document/d/1VOO6XMmxPztY6KhGVqQRF2ROUayO3X4-ePG9Orv3gDY/edit?usp=drivesdk,2026-03-23,
"=HYPERLINK(""https://drive.google.com/drive/folders/15JvhpdBw2LkO6kJf5sfZ5pmZW-vj1-Le"", ""03 - MAR - 26 / 23/03 - SEG"")",B6- CANCELAMENTO ABUSIVO PASSAGEM,LIV, ✔, ✔,,BOLETIM_RADIO_TJRN_23_03_2026_B6_CANCELAMENTO_ABUSIVO_PASSAGEM,https://docs.google.com/document/d/1QytXdUcnbpfg7gYex_5QAKFU2V9jsHg1ouiFFrVs7dA/edit?usp=drivesdk,2026-03-23,
"=HYPERLINK(""https://drive.google.com/drive/folders/15JvhpdBw2LkO6kJf5sfZ5pmZW-vj1-Le"", ""03 - MAR - 26 / 23/03 - SEG"")",B5- INTERNAÇÃO PENDÊNCIAS,LIV, ✔, ✔,,BOLETIM_RADIO_TJRN_23_03_2026_B5_INTERNACAO_PENDENCIAS,https://docs.google.com/document/d/1IdP4yCHBzwtIeB5FhW8KC1KPBKHlxLL6aYLyL9rqpvM/edit?usp=drivesdk,2026-03-23,
"=HYPERLINK(""https://drive.google.com/drive/folders/15JvhpdBw2LkO6kJf5sfZ5pmZW-vj1-Le"", ""03 - MAR - 26 / 23/03 - SEG"")",B4- NEGADA REVISÃO MEDIDAS PROTETIVAS,LIV, ✔, ✔,,BOLETIM_RADIO_TJRN_23_03_2026_B4_NEGADA_REVISAO_MEDIDAS_PROTETIVAS,https://docs.google.com/document/d/1ljhZLpyrpR5oulXvSL45Fru-886Nm4LAJbqMTWw-j54/edit?usp=drivesdk,2026-03-23,
"=HYPERLINK(""https://drive.google.com/drive/folders/15JvhpdBw2LkO6kJf5sfZ5pmZW-vj1-Le"", ""03 - MAR - 26 / 23/03 - SEG"")",B3- AULA INAUGURAL DOUTORADO ESMARN,LIV, ✔, ✔,,BOLETIM_RADIO_TJRN_23_03_2026_B3_AULA_INAUGURAL_DOUTORADO_ESMARN,https://docs.google.com/document/d/1v8OKxp0JNZ--p3AYGCpL5uWUfPjZwRtevaR-D6Mm088/edit?usp=drivesdk,2026-03-23,
"=HYPERLINK(""https://drive.google.com/drive/folders/15JvhpdBw2LkO6kJf5sfZ5pmZW-vj1-Le"", ""03 - MAR - 26 / 23/03 - SEG"")",B2- SUSPENSÃO EVENTOS PRAIA MIAMI,LIV, ✔, ✔,,BOLETIM_RADIO_TJRN_23_03_2026_B2_SUSPENSAO_EVENTOS_PRAIA_MIAMI,https://docs.google.com/document/d/1IhqkkTBA-YmeRA5qfqz-RKPFfEzgbGyIG8btZENtoK8/edit?usp=drivesdk,2026-03-23,
"=HYPERLINK(""https://drive.google.com/drive/folders/15JvhpdBw2LkO6kJf5sfZ5pmZW-vj1-Le"", ""03 - MAR - 26 / 23/03 - SEG"")",B1- RESSARCIMENTO CUSTOS FISIOTERAPIA,LIV, ✔, ✔,,BOLETIM_RADIO_TJRN_23_03_2026_B1_RESSARCIMENTO_CUSTOS_FISIOTERAPIA,https://docs.google.com/document/d/12R6yyJY7dUCqeExP34iBKnQ93T7LDx59rgCJebeCwCA/edit?usp=drivesdk,2026-03-23,
"=HYPERLINK(""https://drive.google.com/drive/folders/10wZ9Qe_sVAK6vUKify1ciKD83h1eEa8d"", ""03 - MAR - 26 / 20/03 - SEX"")",B10- CNJ DENUNCIAS GOLPES FALSO ADVOGADO ,LEO, ✔, ✔,,BOLETIM_RADIO_TJRN_20_03_2026_B10_CNJ_DENUNCIAS_GOLPES_FALSO_ADVOGADO_,https://docs.google.com/document/d/1WCG8pznu_RJFXr01fvQidqhhs8MM8GSXoZbhTdQStPc/edit?usp=drivesdk,2026-03-19,
"=HYPERLINK(""https://drive.google.com/drive/folders/10wZ9Qe_sVAK6vUKify1ciKD83h1eEa8d"", ""03 - MAR - 26 / 20/03 - SEX"")",B9- MPRN CONDENAÇÃO EMPRESA MEDICAMENTOS ,LEO, ✔, ✔,,BOLETIM_RADIO_TJRN_20_03_2026_B9_MPRN_CONDENACAO_EMPRESA_MEDICAMENTOS_,https://docs.google.com/document/d/1QuDJcCTeUoMn6RRcF86lPV-md1Pfoqg3Nd5y6tJl9iI/edit?usp=drivesdk,2026-03-19,
"=HYPERLINK(""https://drive.google.com/drive/folders/10wZ9Qe_sVAK6vUKify1ciKD83h1eEa8d"", ""03 - MAR - 26 / 20/03 - SEX"")",B8- OAB/RN TIPIFICA CRIME FALSO ADVOGADO ,LEO, ✔, ✔,,BOLETIM_RADIO_TJRN_20_03_2026_B8_OABRN_TIPIFICA_CRIME_FALSO_ADVOGADO_,https://docs.google.com/document/d/1XxKMIgMO07a0P22cqjAwdDQdyOFr-nM7yCSmTdqkQD8/edit?usp=drivesdk,2026-03-19,
"=HYPERLINK(""https://drive.google.com/drive/folders/10wZ9Qe_sVAK6vUKify1ciKD83h1eEa8d"", ""03 - MAR - 26 / 20/03 - SEX"")",B7- TJRN ENCONTRO MULHERES JUSTIÇA,LEO, ✔, ✔,,BOLETIM_RADIO_TJRN_20_03_2026_B7_TJRN_ENCONTRO_MULHERES_JUSTICA,https://docs.google.com/document/d/1PBHcxAJY7hqoY8r8GKKf7znW7TYJR9pOjNT3z75rsHU/edit?usp=drivesdk,2026-03-19,
"=HYPERLINK(""https://drive.google.com/drive/folders/10wZ9Qe_sVAK6vUKify1ciKD83h1eEa8d"", ""03 - MAR - 26 / 20/03 - SEX"")",B6- TJRN NEGA MANDADO SEGURANÇA EMPRESA,LEO, ✔, ✔,,BOLETIM_RADIO_TJRN_20_03_2026_B6_TJRN_NEGA_MANDADO_SEGURANCA_EMPRESA,https://docs.google.com/document/d/1BPX6xDnhKQkWi39vRBZpPbsoHontKKoy81ju6zuc4wk/edit?usp=drivesdk,2026-03-19,
"=HYPERLINK(""https://drive.google.com/drive/folders/10wZ9Qe_sVAK6vUKify1ciKD83h1eEa8d"", ""03 - MAR - 26 / 20/03 - SEX"")",B5- TJRN EMPRESA VAREJO ONLINE DANO MORAL ,LEO, ✔, ✔,,BOLETIM_RADIO_TJRN_20_03_2026_B5_TJRN_EMPRESA_VAREJO_ONLINE_DANO_MORAL_,https://docs.google.com/document/d/1d6uhy7mzj8rs208t3xvY3tVt5Ys-3T6s9q5bDd_SkaE/edit?usp=drivesdk,2026-03-19,
"=HYPERLINK(""https://drive.google.com/drive/folders/10wZ9Qe_sVAK6vUKify1ciKD83h1eEa8d"", ""03 - MAR - 26 / 20/03 - SEX"")",B4- TJRN PLANO SAÚDE CONDENADO ,LEO, ✔, ✔,,BOLETIM_RADIO_TJRN_20_03_2026_B4_TJRN_PLANO_SAUDE_CONDENADO_,https://docs.google.com/document/d/1ugbW6OK1tSpaEIetchv_ESj7YLyJ53vhMyrxU3nVGjs/edit?usp=drivesdk,2026-03-19,
"=HYPERLINK(""https://drive.google.com/drive/folders/10wZ9Qe_sVAK6vUKify1ciKD83h1eEa8d"", ""03 - MAR - 26 / 20/03 - SEX"")",B3- TJRN REALIZAR CIRURGIA OMBRO ,LEO, ✔, ✔,,BOLETIM_RADIO_TJRN_20_03_2026_B3_TJRN_REALIZAR_CIRURGIA_OMBRO_,https://docs.google.com/document/d/16bBViWDO8RMRRu4IGf_AVeDBsdUWx-HVWP0Mv9cZV6s/edit?usp=drivesdk,2026-03-19,
"=HYPERLINK(""https://drive.google.com/drive/folders/10wZ9Qe_sVAK6vUKify1ciKD83h1eEa8d"", ""03 - MAR - 26 / 20/03 - SEX"")",B2- TJRN SERVIDOR PÚBLICO REENQUADRAMENTO ,LEO, ✔, ✔,,BOLETIM_RADIO_TJRN_20_03_2026_B2_TJRN_SERVIDOR_PUBLICO_REENQUADRAMENTO_,https://docs.google.com/document/d/1aqCfbeXnXuMLvVgrNmWnAorbtoQG6vdVI8ZGFcmOwlQ/edit?usp=drivesdk,2026-03-19,
"=HYPERLINK(""https://drive.google.com/drive/folders/10wZ9Qe_sVAK6vUKify1ciKD83h1eEa8d"", ""03 - MAR - 26 / 20/03 - SEX"")",B1- TJRN DECISÃO PLANO SAÚDE ,LEO, ✔, ✔,,BOLETIM_RADIO_TJRN_20_03_2026_B1_TJRN_DECISAO_PLANO_SAUDE_,https://docs.google.com/document/d/1LeyQGYRgBlu6-9Gb2vScV3Juc8h6w0kQTVO4lTBQVsE/edit?usp=drivesdk,2026-03-19,
"=HYPERLINK(""https://drive.google.com/drive/folders/1YmNceLHTFAnkFpdUiW-Fye-_B3tAi_d_"", ""03 - MAR - 26 / 19/03 - QUI"")",B10- DECISÃO PENA JUSTA,LIV, ✔, ✔,,BOLETIM_RADIO_TJRN_19_03_2026_B10_DECISAO_PENA_JUSTA,https://docs.google.com/document/d/17Bj8hAbNFYxOWr26fWLZrSBkAOiEi1w0sjNB6G_VIe8/edit?usp=drivesdk,2026-03-19,
"=HYPERLINK(""https://drive.google.com/drive/folders/1YmNceLHTFAnkFpdUiW-Fye-_B3tAi_d_"", ""03 - MAR - 26 / 19/03 - QUI"")",B9- ENCONTRO OUVIDORES JUDICIAIS,LIV, ✔, ✔,,BOLETIM_RADIO_TJRN_19_03_2026_B9_ENCONTRO_OUVIDORES_JUDICIAIS,https://docs.google.com/document/d/1yUR3-AM5h17_vE96oriKuBq7cQyp2O8u2dFp-3_d-6s/edit?usp=drivesdk,2026-03-19,
"=HYPERLINK(""https://drive.google.com/drive/folders/1YmNceLHTFAnkFpdUiW-Fye-_B3tAi_d_"", ""03 - MAR - 26 / 19/03 - QUI"")",B8- VISITA MAGISTRADOS PARAÍBA,LIV, ✔, ✔,,BOLETIM_RADIO_TJRN_19_03_2026_B8_VISITA_MAGISTRADOS_PARAIBA,https://docs.google.com/document/d/1hFXw-ZK3yGx3OS2sE8TOIDavr51Di3sUe_ZmLCFU8Ig/edit?usp=drivesdk,2026-03-19,
"=HYPERLINK(""https://drive.google.com/drive/folders/1YmNceLHTFAnkFpdUiW-Fye-_B3tAi_d_"", ""03 - MAR - 26 / 19/03 - QUI"")",B7- APOIO FAMÍLIAS AFETADAS LAGOA CAPTAÇÃO,LIV, ✔, ✔,,BOLETIM_RADIO_TJRN_19_03_2026_B7_APOIO_FAMILIAS_AFETADAS_LAGOA_CAPTACAO,https://docs.google.com/document/d/1UljSGq_S7F62_cC0W3dYABDKVbjd53qen-R5qT7iD8I/edit?usp=drivesdk,2026-03-19,
"=HYPERLINK(""https://drive.google.com/drive/folders/1YmNceLHTFAnkFpdUiW-Fye-_B3tAi_d_"", ""03 - MAR - 26 / 19/03 - QUI"")",B6- HOMENAGEM DESEMBARGADOR AMAURY,LIV, ✔, ✔,,BOLETIM_RADIO_TJRN_19_03_2026_B6_HOMENAGEM_DESEMBARGADOR_AMAURY,https://docs.google.com/document/d/1jc0L--XAgyvsBsQxhsavoZNcD1zNBWm93Z9Jdmpg1kY/edit?usp=drivesdk,2026-03-19,
"=HYPERLINK(""https://drive.google.com/drive/folders/1YmNceLHTFAnkFpdUiW-Fye-_B3tAi_d_"", ""03 - MAR - 26 / 19/03 - QUI"")",B5- ESTÁGIO JUIZADOS ESPECIAIS,LIV, ✔, ✔,,BOLETIM_RADIO_TJRN_19_03_2026_B5_ESTAGIO_JUIZADOS_ESPECIAIS,https://docs.google.com/document/d/1cLFCz6unHb1XBYRRSHMR3nSQ3paD_Zvo63EZT7prDJA/edit?usp=drivesdk,2026-03-19,
"=HYPERLINK(""https://drive.google.com/drive/folders/1YmNceLHTFAnkFpdUiW-Fye-_B3tAi_d_"", ""03 - MAR - 26 / 19/03 - QUI"")",B4- SUBSTITUIÇÃO PORTA-VEÍCULOS,LIV, ✔, ✔,,BOLETIM_RADIO_TJRN_19_03_2026_B4_SUBSTITUICAO_PORTA_VEICULOS,https://docs.google.com/document/d/13ax35l2EBp_onT2n3BeAmftwt-olb7qy9CZXKqr9CK8/edit?usp=drivesdk,2026-03-19,
"=HYPERLINK(""https://drive.google.com/drive/folders/1YmNceLHTFAnkFpdUiW-Fye-_B3tAi_d_"", ""03 - MAR - 26 / 19/03 - QUI"")",B3- CONDENAÇÃO FACULDADE ENCERRAMENTO ATIVIDADES,LIV, ✔, ✔,,BOLETIM_RADIO_TJRN_19_03_2026_B3_CONDENACAO_FACULDADE_ENCERRAMENTO_ATIVIDADES,https://docs.google.com/document/d/1P4kDbDQhFENvURX2DPNW-3GEVEX71smoXK9wVBEzdRk/edit?usp=drivesdk,2026-03-19,
"=HYPERLINK(""https://drive.google.com/drive/folders/1YmNceLHTFAnkFpdUiW-Fye-_B3tAi_d_"", ""03 - MAR - 26 / 19/03 - QUI"")",B2- SUSPENSÃO ICMS ENERGIA SOLAR,LIV, ✔, ✔,,BOLETIM_RADIO_TJRN_19_03_2026_B2_SUSPENSAO_ICMS_ENERGIA_SOLAR,https://docs.google.com/document/d/1569OuV8HS3aA-0of2t1R_5BMpD2CRKzXPUi8C1ag64Q/edit?usp=drivesdk,2026-03-19,
"=HYPERLINK(""https://drive.google.com/drive/folders/1YmNceLHTFAnkFpdUiW-Fye-_B3tAi_d_"", ""03 - MAR - 26 / 19/03 - QUI"")",B1- AMPLIAÇÃO PROTECÇÃO VIOLÊNCIA DOMÉSTICA,LIV, ✔, ✔,,BOLETIM_RADIO_TJRN_19_03_2026_B1_AMPLIACAO_PROTECCAO_VIOLENCIA_DOMESTICA,https://docs.google.com/document/d/1Sydu5NRnCGt4X3fkUr_F0mIs6abTZcO8kONFZ9QdzMw/edit?usp=drivesdk,2026-03-19,
"=HYPERLINK(""https://drive.google.com/drive/folders/1sG8A-YI2wCZFSTiLSUCEs9gjlCR1BI1V"", ""03 - MAR - 26 / 18/03- QUA"")",B10- FALHA CONSTRUÇÃO TERRENO,LIV, ✔, ✔,,BOLETIM_RADIO_TJRN_18_03_2026_B10_FALHA_CONSTRUCAO_TERRENO,https://docs.google.com/document/d/1rBP_V42HaFQ5_6O0vB4qO8Uq3DwHZyBK2zw_IuOGsgo/edit?usp=drivesdk,2026-03-18,
"=HYPERLINK(""https://drive.google.com/drive/folders/1sG8A-YI2wCZFSTiLSUCEs9gjlCR1BI1V"", ""03 - MAR - 26 / 18/03- QUA"")",B9- CONDENAÇÃO PREJUÍZOS COLISÃO,LIV, ✔, ✔,,BOLETIM_RADIO_TJRN_18_03_2026_B9_CONDENACAO_PREJUIZOS_COLISAO,https://docs.google.com/document/d/1lZ8SZkqTuGmONy5Nh_W3rrUj2Yr0ozOvwmrqjrb9QxQ/edit?usp=drivesdk,2026-03-18,
"=HYPERLINK(""https://drive.google.com/drive/folders/1sG8A-YI2wCZFSTiLSUCEs9gjlCR1BI1V"", ""03 - MAR - 26 / 18/03- QUA"")",B8- TJRN OBSERVATÓRIO PRISIONAL,LIV, ✔, ✔,,BOLETIM_RADIO_TJRN_18_03_2026_B8_TJRN_OBSERVATORIO_PRISIONAL,https://docs.google.com/document/d/19b9dj1P8VmvjLR7Dn1Adb3YqwbRGvTGswhzKEMRYvh0/edit?usp=drivesdk,2026-03-18,
"=HYPERLINK(""https://drive.google.com/drive/folders/1sG8A-YI2wCZFSTiLSUCEs9gjlCR1BI1V"", ""03 - MAR - 26 / 18/03- QUA"")",B7- TRT/RN CONVÊNIO PREFEITURAS ,LEO, ✔, ✔,,BOLETIM_RADIO_TJRN_18_03_2026_B7_TRTRN_CONVENIO_PREFEITURAS_,https://docs.google.com/document/d/1QX3_1Ww_7gUv3ucoqEz7AeX1cQH4JgOdxvahsj49Xn0/edit?usp=drivesdk,2026-03-17,
"=HYPERLINK(""https://drive.google.com/drive/folders/1sG8A-YI2wCZFSTiLSUCEs9gjlCR1BI1V"", ""03 - MAR - 26 / 18/03- QUA"")",B6- TJRN MUTIRÃO JUIZADO ESPECIAL ,LEO, ✔, ✔,,BOLETIM_RADIO_TJRN_18_03_2026_B6_TJRN_MUTIRAO_JUIZADO_ESPECIAL_,https://docs.google.com/document/d/1so9kzlMZZdhEuUIOqDrNt6QUt0kwPmc8ZiAca_7-V0s/edit?usp=drivesdk,2026-03-17,
"=HYPERLINK(""https://drive.google.com/drive/folders/1sG8A-YI2wCZFSTiLSUCEs9gjlCR1BI1V"", ""03 - MAR - 26 / 18/03- QUA"")",B5- TJRN GMF RELATÓRIO SISTEMA,LEO, ✔, ✔,,BOLETIM_RADIO_TJRN_18_03_2026_B5_TJRN_GMF_RELATORIO_SISTEMA,https://docs.google.com/document/d/1DTF2RHzeo4A7aTSZs3g6hLKee8-x2gsoDdz2MfSoIkw/edit?usp=drivesdk,2026-03-17,
"=HYPERLINK(""https://drive.google.com/drive/folders/1sG8A-YI2wCZFSTiLSUCEs9gjlCR1BI1V"", ""03 - MAR - 26 / 18/03- QUA"")",B4- TJRN CONDENA HOMEM EXTORSÃO ,LEO, ✔, ✔,,BOLETIM_RADIO_TJRN_18_03_2026_B4_TJRN_CONDENA_HOMEM_EXTORSAO_,https://docs.google.com/document/d/1AGxlRslcq3kaoQIdp4kvbCiaMqdt-NRfuDJEnRJRPDs/edit?usp=drivesdk,2026-03-17,
"=HYPERLINK(""https://drive.google.com/drive/folders/1sG8A-YI2wCZFSTiLSUCEs9gjlCR1BI1V"", ""03 - MAR - 26 / 18/03- QUA"")",B3- TJRN DETERMINA REATIVAÇÃO CONTAS FACEBOOK,LEO, ✔, ✔,,BOLETIM_RADIO_TJRN_18_03_2026_B3_TJRN_DETERMINA_REATIVACAO_CONTAS_FACEBOOK,https://docs.google.com/document/d/1TI7yEfz7viBJtccIxqFqpxfQEFkzobvguBg860QmMPM/edit?usp=drivesdk,2026-03-17,
"=HYPERLINK(""https://drive.google.com/drive/folders/1sG8A-YI2wCZFSTiLSUCEs9gjlCR1BI1V"", ""03 - MAR - 26 / 18/03- QUA"")",B2- TJRN FALHA EM MARKETPLACE,LEO, ✔, ✔,,BOLETIM_RADIO_TJRN_18_03_2026_B2_TJRN_FALHA_EM_MARKETPLACE,https://docs.google.com/document/d/1X8GkUDJgIiAzx-ef9WT4CS3m0W7ykugddAsk7-8eSU8/edit?usp=drivesdk,2026-03-17,
"=HYPERLINK(""https://drive.google.com/drive/folders/1sG8A-YI2wCZFSTiLSUCEs9gjlCR1BI1V"", ""03 - MAR - 26 / 18/03- QUA"")",B1- TJRN FABRICANTE MULTINACIONAL CONDENADA ,LEO, ✔, ✔,,BOLETIM_RADIO_TJRN_18_03_2026_B1_TJRN_FABRICANTE_MULTINACIONAL_CONDENADA_,https://docs.google.com/document/d/1OFrMsse2HWz4YT66qbfgik7P68P0kLeaTxdtaCo4Npc/edit?usp=drivesdk,2026-03-17,
"=HYPERLINK(""https://drive.google.com/drive/folders/1qWhmJWqjdzN_fgIreUmKIuekD_gLXIV8"", ""03 - MAR - 26 / 17/03 - TER"")",B10- MPRN RECOMDENÇÃO POLUIÇÃO SONORA ,LEO, ✔, ✔,,BOLETIM_RADIO_TJRN_17_03_2026_B10_MPRN_RECOMDENCAO_POLUICAO_SONORA_,https://docs.google.com/document/d/19G3OOWIFPfZDlS021tDO72_FbplPIl6xjCYPMcWDyvE/edit?usp=drivesdk,2026-03-17,
"=HYPERLINK(""https://drive.google.com/drive/folders/1qWhmJWqjdzN_fgIreUmKIuekD_gLXIV8"", ""03 - MAR - 26 / 17/03 - TER"")",B9- OAB/RN PROGRAMA DESENVOLVIMENTO ,LEO, ✔, ✔,,BOLETIM_RADIO_TJRN_17_03_2026_B9_OABRN_PROGRAMA_DESENVOLVIMENTO_,https://docs.google.com/document/d/1sDteUMcMjH5HyKriR1ZuYdvw-nhm_Im7AL1Tw08ct1g/edit?usp=drivesdk,2026-03-17,
"=HYPERLINK(""https://drive.google.com/drive/folders/1qWhmJWqjdzN_fgIreUmKIuekD_gLXIV8"", ""03 - MAR - 26 / 17/03 - TER"")",B8- TJRN IMOBILIÁRIA COSERN CONDENADAS,LEO, ✔, ✔,,BOLETIM_RADIO_TJRN_17_03_2026_B8_TJRN_IMOBILIARIA_COSERN_CONDENADAS,https://docs.google.com/document/d/1zNDxmoP-47Pej6Nuxw_x5bOHmMl5AjDY7EUOGwktpgQ/edit?usp=drivesdk,2026-03-17,
"=HYPERLINK(""https://drive.google.com/drive/folders/1qWhmJWqjdzN_fgIreUmKIuekD_gLXIV8"", ""03 - MAR - 26 / 17/03 - TER"")",B7- TJRN ESTADO LEITO UTI PACIENTE ,LEO, ✔, ✔,,BOLETIM_RADIO_TJRN_17_03_2026_B7_TJRN_ESTADO_LEITO_UTI_PACIENTE_,https://docs.google.com/document/d/14uf81kCD6S2uGNWKnukfPbVQEdOLxQxN0lS7doaXt9U/edit?usp=drivesdk,2026-03-17,
"=HYPERLINK(""https://drive.google.com/drive/folders/1qWhmJWqjdzN_fgIreUmKIuekD_gLXIV8"", ""03 - MAR - 26 / 17/03 - TER"")",B6- TJRN AULA INAUGURAL DINTER ,LEO, ✔, ✔,,BOLETIM_RADIO_TJRN_17_03_2026_B6_TJRN_AULA_INAUGURAL_DINTER_,https://docs.google.com/document/d/1AQPAPD8IefUdo1FhjsiGJ6e6OoxmminINRDL3XNxU4c/edit?usp=drivesdk,2026-03-17,
"=HYPERLINK(""https://drive.google.com/drive/folders/1qWhmJWqjdzN_fgIreUmKIuekD_gLXIV8"", ""03 - MAR - 26 / 17/03 - TER"")",B5- TJRN  PROMOVE CURSO MAGISTRADOS ,LEO, ✔, ✔,,BOLETIM_RADIO_TJRN_17_03_2026_B5_TJRN_PROMOVE_CURSO_MAGISTRADOS_,https://docs.google.com/document/d/1SDOdMSrUkpxGUNORtzRD2qpmfu8PIF2yhEstF-T6kYQ/edit?usp=drivesdk,2026-03-17,
"=HYPERLINK(""https://drive.google.com/drive/folders/1qWhmJWqjdzN_fgIreUmKIuekD_gLXIV8"", ""03 - MAR - 26 / 17/03 - TER"")",B4- TJRN EXECUÇÃO FISCAL TRIBUTÁRIA ,LEO, ✔, ✔,,BOLETIM_RADIO_TJRN_17_03_2026_B4_TJRN_EXECUCAO_FISCAL_TRIBUTARIA_,https://docs.google.com/document/d/18cHh9t5a-lF1v7IqbfWQktcaKbDF-fd6g712LOvA2Jc/edit?usp=drivesdk,2026-03-17,
"=HYPERLINK(""https://drive.google.com/drive/folders/1qWhmJWqjdzN_fgIreUmKIuekD_gLXIV8"", ""03 - MAR - 26 / 17/03 - TER"")",B3- TJRN SERVIDÃO ADMINISTRATIVA ,LEO, ✔, ✔,,BOLETIM_RADIO_TJRN_17_03_2026_B3_TJRN_SERVIDAO_ADMINISTRATIVA_,https://docs.google.com/document/d/1AUsx-5O8-mtreRJaXtLO6N0ytrSdujyaJWCoPgcV8Cg/edit?usp=drivesdk,2026-03-17,
"=HYPERLINK(""https://drive.google.com/drive/folders/1qWhmJWqjdzN_fgIreUmKIuekD_gLXIV8"", ""03 - MAR - 26 / 17/03 - TER"")",B2- TJRN CEARÁ-MIRIM PROJETOS ,LEO, ✔, ✔,,BOLETIM_RADIO_TJRN_17_03_2026_B2_TJRN_CEARA_MIRIM_PROJETOS_,https://docs.google.com/document/d/1qEpSShbGNpcSNhGx5CKhssxS_OrG1cccK6JH_MCwexo/edit?usp=drivesdk,2026-03-17,
"=HYPERLINK(""https://drive.google.com/drive/folders/1qWhmJWqjdzN_fgIreUmKIuekD_gLXIV8"", ""03 - MAR - 26 / 17/03 - TER"")",B1- TJRN NEGA DECISÃO DANO MORAL ,LEO, ✔, ✔,,BOLETIM_RADIO_TJRN_17_03_2026_B1_TJRN_NEGA_DECISAO_DANO_MORAL_,https://docs.google.com/document/d/1VQGQtqMVEjpVuS0uGEn8LLx5qvDbRbxotxmhFNMRC6E/edit?usp=drivesdk,2026-03-17,
"=HYPERLINK(""https://drive.google.com/drive/folders/18NSGVEhXONxBAnPeOeahAJyUKIMIobGz"", ""03 - MAR - 26 / 16/03 - SEG"")",B10- TJRN POTILAB INOVAÇÃO ,LEO, ✔, ✔,,BOLETIM_RADIO_TJRN_16_03_2026_B10_TJRN_POTILAB_INOVACAO_,https://docs.google.com/document/d/1aUTSee-Greone5HFz6RJkqhAfg5NKwUlfm7jaJzkn6E/edit?usp=drivesdk,2026-03-17,
"=HYPERLINK(""https://drive.google.com/drive/folders/18NSGVEhXONxBAnPeOeahAJyUKIMIobGz"", ""03 - MAR - 26 / 16/03 - SEG"")",B9- TJRN MACAÍBA PROJETOS IMPACTO SOCIAL ,LEO, ✔, ✔,,BOLETIM_RADIO_TJRN_16_03_2026_B9_TJRN_MACAIBA_PROJETOS_IMPACTO_SOCIAL_,https://docs.google.com/document/d/1xrMNtOmv-oFExggpkMvTiuNV4JF7lJcmqhSlsU9aIuI/edit?usp=drivesdk,2026-03-16,
"=HYPERLINK(""https://drive.google.com/drive/folders/18NSGVEhXONxBAnPeOeahAJyUKIMIobGz"", ""03 - MAR - 26 / 16/03 - SEG"")",B8- TJRN CAMPANHA CRIANÇA NÃO NAMORA ,LEO, ✔, ✔,,BOLETIM_RADIO_TJRN_16_03_2026_B8_TJRN_CAMPANHA_CRIANCA_NAO_NAMORA_,https://docs.google.com/document/d/1AIayQtIFHWF8qBylnsWRXaywNg56K0KJYyUii6hiI7s/edit?usp=drivesdk,2026-03-16,
"=HYPERLINK(""https://drive.google.com/drive/folders/18NSGVEhXONxBAnPeOeahAJyUKIMIobGz"", ""03 - MAR - 26 / 16/03 - SEG"")",B7- TJRN PROCON AÇÃO CONJUNTA,LEO, ✔, ✔,,BOLETIM_RADIO_TJRN_16_03_2026_B7_TJRN_PROCON_ACAO_CONJUNTA,https://docs.google.com/document/d/1T2L0q_TnV1-O2t97bc4z8-ZuicVCCLXuVdvOFGAwX3U/edit?usp=drivesdk,2026-03-16,
"=HYPERLINK(""https://drive.google.com/drive/folders/18NSGVEhXONxBAnPeOeahAJyUKIMIobGz"", ""03 - MAR - 26 / 16/03 - SEG"")",B6- TJRN FEIRA ARTESANATO GASTRONOMIA ,LEO, ✔, ✔,,BOLETIM_RADIO_TJRN_16_03_2026_B6_TJRN_FEIRA_ARTESANATO_GASTRONOMIA_,https://docs.google.com/document/d/1jf_Ci6pOruEEXZP7yCHVZrM9rxaPFiGvzzqW2A9XzkQ/edit?usp=drivesdk,2026-03-16,
"=HYPERLINK(""https://drive.google.com/drive/folders/18NSGVEhXONxBAnPeOeahAJyUKIMIobGz"", ""03 - MAR - 26 / 16/03 - SEG"")",B5- TJRN BOAS PRÁTICAS ,LEO, ✔, ✔,,BOLETIM_RADIO_TJRN_16_03_2026_B5_TJRN_BOAS_PRATICAS_,https://docs.google.com/document/d/1M-Fz7jZVFMeFd2fIzI5Zb-nb_WqOCdmpeznzkslZ8QY/edit?usp=drivesdk,2026-03-16,
"=HYPERLINK(""https://drive.google.com/drive/folders/18NSGVEhXONxBAnPeOeahAJyUKIMIobGz"", ""03 - MAR - 26 / 16/03 - SEG"")",B4- TJRN ENTREGA TV DEMORA,LEO, ✔, ✔,,BOLETIM_RADIO_TJRN_16_03_2026_B4_TJRN_ENTREGA_TV_DEMORA,https://docs.google.com/document/d/10b_wV405YqMII4Z71pbhoZ83myl2gNGa58tajO24BZk/edit?usp=drivesdk,2026-03-16,
"=HYPERLINK(""https://drive.google.com/drive/folders/18NSGVEhXONxBAnPeOeahAJyUKIMIobGz"", ""03 - MAR - 26 / 16/03 - SEG"")",B3- TJRN EMPRESA TELEFONIA CONDENADA,LEO, ✔, ✔,,BOLETIM_RADIO_TJRN_16_03_2026_B3_TJRN_EMPRESA_TELEFONIA_CONDENADA,https://docs.google.com/document/d/1EvuNCrEQ6nyuvsTetXeEGFuRBNi5ObYJCAx9U4sLJiY/edit?usp=drivesdk,2026-03-16,
"=HYPERLINK(""https://drive.google.com/drive/folders/18NSGVEhXONxBAnPeOeahAJyUKIMIobGz"", ""03 - MAR - 26 / 16/03 - SEG"")",B2- TJRN ABERTA INSCRIÇÕES ENAM,LEO, ✔, ✔,,BOLETIM_RADIO_TJRN_16_03_2026_B2_TJRN_ABERTA_INSCRICOES_ENAM,https://docs.google.com/document/d/1XpJ9QowT3ul5WHZ9oxZ02QqDpVpXTdGpIB9J2kajYd0/edit?usp=drivesdk,2026-03-16,
"=HYPERLINK(""https://drive.google.com/drive/folders/18NSGVEhXONxBAnPeOeahAJyUKIMIobGz"", ""03 - MAR - 26 / 16/03 - SEG"")",B1- TJRN CLIENTE INDENIZADA CLÍNICA ,LEO, ✔, ✔,,BOLETIM_RADIO_TJRN_16_03_2026_B1_TJRN_CLIENTE_INDENIZADA_CLINICA_,https://docs.google.com/document/d/1W2fvc2uVLKBWBIVH6kVbHKgXUPl7ru7xWtmTBXLj904/edit?usp=drivesdk,2026-03-16,
"=HYPERLINK(""https://drive.google.com/drive/folders/1lq53wcpGWfp0spPAaUGmedzpc3hl_8q0"", ""03 - MAR - 26 / 13/03 - SEX"")",B10- POSSE TERRENO USUCAPIÃO,LIV, ✔, ✔,,BOLETIM_RADIO_TJRN_13_03_2026_B10_POSSE_TERRENO_USUCAPIAO,https://docs.google.com/document/d/1YHxzoTVmOziUzvuXQ2A-qFIEaGI2WRMOQDIWNxhFTVc/edit?usp=drivesdk,2026-03-13,
"=HYPERLINK(""https://drive.google.com/drive/folders/1lq53wcpGWfp0spPAaUGmedzpc3hl_8q0"", ""03 - MAR - 26 / 13/03 - SEX"")",B9- INDENIZAÇÃO DEMORA CONSERTO VEÍCULO,LIV, ✔, ✔,,BOLETIM_RADIO_TJRN_13_03_2026_B9_INDENIZACAO_DEMORA_CONSERTO_VEICULO,https://docs.google.com/document/d/16Xd-7VLim2JwI6D8D--_ZuBtF62KFYxzEs31yxZ__Pc/edit?usp=drivesdk,2026-03-13,
"=HYPERLINK(""https://drive.google.com/drive/folders/1lq53wcpGWfp0spPAaUGmedzpc3hl_8q0"", ""03 - MAR - 26 / 13/03 - SEX"")",B8- PALESTRA SAÚDE FEMININA,LIV, ✔, ✔,,BOLETIM_RADIO_TJRN_13_03_2026_B8_PALESTRA_SAUDE_FEMININA,https://docs.google.com/document/d/1ZKTbw_ffNQ-A41YL4VegFWimWXUIfcaez3zxwOyBCfk/edit?usp=drivesdk,2026-03-13,
"=HYPERLINK(""https://drive.google.com/drive/folders/1lq53wcpGWfp0spPAaUGmedzpc3hl_8q0"", ""03 - MAR - 26 / 13/03 - SEX"")",B7- CNJ REDES ATENDIMENTOS DENÚNCIA ,LEO, ✔, ✔,,BOLETIM_RADIO_TJRN_13_03_2026_B7_CNJ_REDES_ATENDIMENTOS_DENUNCIA_,https://docs.google.com/document/d/1-hP-QR9R6OqNFFgxT-uE40Cb4TRgPk-VW3J-fNGKOLs/edit?usp=drivesdk,2026-03-12,
"=HYPERLINK(""https://drive.google.com/drive/folders/1lq53wcpGWfp0spPAaUGmedzpc3hl_8q0"", ""03 - MAR - 26 / 13/03 - SEX"")",B6- TJRN VARA MACAÍBA PENAS PECUNIÁRIAS ,LEO, ✔, ✔,,BOLETIM_RADIO_TJRN_13_03_2026_B6_TJRN_VARA_MACAIBA_PENAS_PECUNIARIAS_,https://docs.google.com/document/d/1KKUnF2tSLr4XOUZW2Md5S0DgPd1qRnrKfyY5teMQdBc/edit?usp=drivesdk,2026-03-12,
"=HYPERLINK(""https://drive.google.com/drive/folders/1lq53wcpGWfp0spPAaUGmedzpc3hl_8q0"", ""03 - MAR - 26 / 13/03 - SEX"")",B5- TJRN CLÁUSULAS CLARAS CONSÓRCIO ,LEO, ✔, ✔,,BOLETIM_RADIO_TJRN_13_03_2026_B5_TJRN_CLAUSULAS_CLARAS_CONSORCIO_,https://docs.google.com/document/d/1xIPmH0BPQoKtylhsVH4v-R9JN85hqI0DwbFRp2DWZX0/edit?usp=drivesdk,2026-03-12,
"=HYPERLINK(""https://drive.google.com/drive/folders/1lq53wcpGWfp0spPAaUGmedzpc3hl_8q0"", ""03 - MAR - 26 / 13/03 - SEX"")",B4- TJRN HOMEM CONDENADO VIOLÊNCIA PSICOLÓGICA ,LEO, ✔, ✔,,BOLETIM_RADIO_TJRN_13_03_2026_B4_TJRN_HOMEM_CONDENADO_VIOLENCIA_PSICOLOGICA_,https://docs.google.com/document/d/1JZ0n8_iuRUwj8AgjFshL46Ydn8QKpTet3poQ14XOJbQ/edit?usp=drivesdk,2026-03-12,
"=HYPERLINK(""https://drive.google.com/drive/folders/1lq53wcpGWfp0spPAaUGmedzpc3hl_8q0"", ""03 - MAR - 26 / 13/03 - SEX"")",B3- TJRN MANTÉM CONDENAÇÃO DANO AMBIENTAL ,LEO, ✔, ✔,,BOLETIM_RADIO_TJRN_13_03_2026_B3_TJRN_MANTEM_CONDENACAO_DANO_AMBIENTAL_,https://docs.google.com/document/d/19BOiSXq3TOSoTIGX6bG2qUewcPWjep-oSzP-P7N0I5s/edit?usp=drivesdk,2026-03-12,
"=HYPERLINK(""https://drive.google.com/drive/folders/1lq53wcpGWfp0spPAaUGmedzpc3hl_8q0"", ""03 - MAR - 26 / 13/03 - SEX"")",B2- TJRN DETERMINA SUSPENSÃO COBRANÇA ,LEO, ✔, ✔,,BOLETIM_RADIO_TJRN_13_03_2026_B2_TJRN_DETERMINA_SUSPENSAO_COBRANCA_,https://docs.google.com/document/d/1xdxuPONePte1ClxC9u87fFxzMTGSLnAhyWqg89jkhWU/edit?usp=drivesdk,2026-03-12,
"=HYPERLINK(""https://drive.google.com/drive/folders/1lq53wcpGWfp0spPAaUGmedzpc3hl_8q0"", ""03 - MAR - 26 / 13/03 - SEX"")",B1- TJRN NOTIFICAÇÃO DEVEDOR LEGITIMA,LEO, ✔, ✔,,BOLETIM_RADIO_TJRN_13_03_2026_B1_TJRN_NOTIFICACAO_DEVEDOR_LEGITIMA,https://docs.google.com/document/d/1S_qfu_TK2CSOuJONPKaRKF2ozsq9Xx_FbYvShQAap-U/edit?usp=drivesdk,2026-03-12,
"=HYPERLINK(""https://drive.google.com/drive/folders/1tzmkcNB3Vy5Df9KzLzmG2LVdMgFjbmiK"", ""03 - MAR - 26 / 12/03 - QUI"")",B10- TRT/RN CUIDADORA REVEZAVA PLANTÕES ,LEO, ✔, ✔,,BOLETIM_RADIO_TJRN_12_03_2026_B10_TRTRN_CUIDADORA_REVEZAVA_PLANTOES_,https://docs.google.com/document/d/15TRHvUubViHfb6EhWrjgwdy_nf0X9HcHC1cteLrYgYM/edit?usp=drivesdk,2026-03-12,
"=HYPERLINK(""https://drive.google.com/drive/folders/1tzmkcNB3Vy5Df9KzLzmG2LVdMgFjbmiK"", ""03 - MAR - 26 / 12/03 - QUI"")",B9- DPERN EDITAL DOAÇÃO VEÍCULOS ,LEO, ✔, ✔,,BOLETIM_RADIO_TJRN_12_03_2026_B9_DPERN_EDITAL_DOACAO_VEICULOS_,https://docs.google.com/document/d/1ok4sSbtGnp9LXkY_OQ4AZw9Cm8obxvpnZGIauCAdN4E/edit?usp=drivesdk,2026-03-12,
"=HYPERLINK(""https://drive.google.com/drive/folders/1tzmkcNB3Vy5Df9KzLzmG2LVdMgFjbmiK"", ""03 - MAR - 26 / 12/03 - QUI"")",B8- TJRN VARA ANGICOS EDITAL ,LEO, ✔, ✔,,BOLETIM_RADIO_TJRN_12_03_2026_B8_TJRN_VARA_ANGICOS_EDITAL_,https://docs.google.com/document/d/12g8XbUv2qEAk7r9r9mxWmmYj2GLHErktcuiCZZ4Joyk/edit?usp=drivesdk,2026-03-12,
"=HYPERLINK(""https://drive.google.com/drive/folders/1tzmkcNB3Vy5Df9KzLzmG2LVdMgFjbmiK"", ""03 - MAR - 26 / 12/03 - QUI"")",B7- TJRN EDITAL PROJETOS SOCIAIS ,LEO, ✔, ✔,,BOLETIM_RADIO_TJRN_12_03_2026_B7_TJRN_EDITAL_PROJETOS_SOCIAIS_,https://docs.google.com/document/d/1DngyFKthTs3S6aL69uUftIkgI0ysfUfK6GZoS8Xwu0A/edit?usp=drivesdk,2026-03-12,
"=HYPERLINK(""https://drive.google.com/drive/folders/1tzmkcNB3Vy5Df9KzLzmG2LVdMgFjbmiK"", ""03 - MAR - 26 / 12/03 - QUI"")",B6- TJRN CEJUSC CEARÁ-MIRIM ACORDO ,LEO, ✔, ✔,,BOLETIM_RADIO_TJRN_12_03_2026_B6_TJRN_CEJUSC_CEARA_MIRIM_ACORDO_,https://docs.google.com/document/d/1rOkl5JuhzbkYKlgz8vrbU6VvTJ0G0plfFduPnEk61Hk/edit?usp=drivesdk,2026-03-12,
"=HYPERLINK(""https://drive.google.com/drive/folders/1tzmkcNB3Vy5Df9KzLzmG2LVdMgFjbmiK"", ""03 - MAR - 26 / 12/03 - QUI"")",B5- TJRN COMITÊ GESTOR PENAS PECUNIÁRIAS ,LEO, ✔, ✔,,BOLETIM_RADIO_TJRN_12_03_2026_B5_TJRN_COMITE_GESTOR_PENAS_PECUNIARIAS_,https://docs.google.com/document/d/1SoCcLCwnKiI4isJ0DjgGIEieQFPE8tZkXhkretTATl4/edit?usp=drivesdk,2026-03-12,
"=HYPERLINK(""https://drive.google.com/drive/folders/1tzmkcNB3Vy5Df9KzLzmG2LVdMgFjbmiK"", ""03 - MAR - 26 / 12/03 - QUI"")",B4- TJRN TOUROS PROCESSO SELETIVO ,LEO, ✔, ✔,,BOLETIM_RADIO_TJRN_12_03_2026_B4_TJRN_TOUROS_PROCESSO_SELETIVO_,https://docs.google.com/document/d/1rVoj2WnVWU6HcrpzdvYe0AK7DZkyY3uArEa-YNrfXgI/edit?usp=drivesdk,2026-03-12,
"=HYPERLINK(""https://drive.google.com/drive/folders/1tzmkcNB3Vy5Df9KzLzmG2LVdMgFjbmiK"", ""03 - MAR - 26 / 12/03 - QUI"")",B3- TJRN EDITAL FORMAÇÃO MANUTENÇÃO ,LEO, ✔, ✔,,BOLETIM_RADIO_TJRN_12_03_2026_B3_TJRN_EDITAL_FORMACAO_MANUTENCAO_,https://docs.google.com/document/d/1gDYUvGURkmVT0lqExD6Je-FEvRYdUHLXQyoMSPSpXsg/edit?usp=drivesdk,2026-03-12,
"=HYPERLINK(""https://drive.google.com/drive/folders/1tzmkcNB3Vy5Df9KzLzmG2LVdMgFjbmiK"", ""03 - MAR - 26 / 12/03 - QUI"")",B2- TJRN EMPRESA BLACK FRIDAY,LEO, ✔, ✔,,BOLETIM_RADIO_TJRN_12_03_2026_B2_TJRN_EMPRESA_BLACK_FRIDAY,https://docs.google.com/document/d/1CF7nc3rUvwQDrsA2C6oFFHhQ9qdYcacFgudR43Wfic4/edit?usp=drivesdk,2026-03-12,
"=HYPERLINK(""https://drive.google.com/drive/folders/1tzmkcNB3Vy5Df9KzLzmG2LVdMgFjbmiK"", ""03 - MAR - 26 / 12/03 - QUI"")",B1- TJRN MANTIDA LEGALIDADE NOMEAÇÕES ,LEO, ✔, ✔,,BOLETIM_RADIO_TJRN_12_03_2026_B1_TJRN_MANTIDA_LEGALIDADE_NOMEACOES_,https://docs.google.com/document/d/1xYknSZMSrbSjCBwFOJW05W-6Mi5weZmmHAifBoBb4Wo/edit?usp=drivesdk,2026-03-11,
"=HYPERLINK(""https://drive.google.com/drive/folders/1nwero2re4TXtdOMASQsZhT0ual9Z801k"", ""03 - MAR - 26 / 11/03 - QUA"")",B10- CRONOGRAMA OBRAS,LIV, ✔, ✔,,BOLETIM_RADIO_TJRN_11_03_2026_B10_CRONOGRAMA_OBRAS,https://docs.google.com/document/d/1wzz4_YSXmtJeBxBuM_w_Z8Vq_vZcrVF53kbW--D1HWo/edit?usp=drivesdk,2026-03-11,
"=HYPERLINK(""https://drive.google.com/drive/folders/1nwero2re4TXtdOMASQsZhT0ual9Z801k"", ""03 - MAR - 26 / 11/03 - QUA"")",B9- AFASTAMENTO CURSO FORMAÇÃO,LIV, ✔, ✔,,BOLETIM_RADIO_TJRN_11_03_2026_B9_AFASTAMENTO_CURSO_FORMACAO,https://docs.google.com/document/d/1nks0kgCuuGY3KIcr6P5Calj1HoEO8BUhOqMt4rdgmxg/edit?usp=drivesdk,2026-03-11,
"=HYPERLINK(""https://drive.google.com/drive/folders/1nwero2re4TXtdOMASQsZhT0ual9Z801k"", ""03 - MAR - 26 / 11/03 - QUA"")",B8- ESTÁGIO PÓS ALEXANDRIA,LIV, ✔, ✔,,BOLETIM_RADIO_TJRN_11_03_2026_B8_ESTAGIO_POS_ALEXANDRIA,https://docs.google.com/document/d/1evpzQSVY7BrhTqw4j6tCBTPSI7JwDov-eKcrfFYs53Q/edit?usp=drivesdk,2026-03-11,
"=HYPERLINK(""https://drive.google.com/drive/folders/1nwero2re4TXtdOMASQsZhT0ual9Z801k"", ""03 - MAR - 26 / 11/03 - QUA"")",B7- CNJ TRIBUNAIS FERRAMENTA IA ,LEO, ✔, ✔,,BOLETIM_RADIO_TJRN_11_03_2026_B7_CNJ_TRIBUNAIS_FERRAMENTA_IA_,https://docs.google.com/document/d/1vXW-Efj3RRqhL0jQKAMd0cjM3oPeH47WZiMcQk8hvBE/edit?usp=drivesdk,2026-03-10,
"=HYPERLINK(""https://drive.google.com/drive/folders/1nwero2re4TXtdOMASQsZhT0ual9Z801k"", ""03 - MAR - 26 / 11/03 - QUA"")",B6- TRE/RN 82 ATENDIMENTOS ,LEO, ✔, ✔,,BOLETIM_RADIO_TJRN_11_03_2026_B6_TRERN_82_ATENDIMENTOS_,https://docs.google.com/document/d/18sHkFNAPOZ8A7oubDgPz5H66xoOk93PGgZAkrBuO6m4/edit?usp=drivesdk,2026-03-10,
"=HYPERLINK(""https://drive.google.com/drive/folders/1nwero2re4TXtdOMASQsZhT0ual9Z801k"", ""03 - MAR - 26 / 11/03 - QUA"")",B5- TJRN LIVRO IMPACTOS FEMINICÍDIOS ,LEO, ✔, ✔,,BOLETIM_RADIO_TJRN_11_03_2026_B5_TJRN_LIVRO_IMPACTOS_FEMINICIDIOS_,https://docs.google.com/document/d/12ECTcePkvmcoyIAw5UErdFxnxL9vmw-33eNFCHo3z10/edit?usp=drivesdk,2026-03-10,
"=HYPERLINK(""https://drive.google.com/drive/folders/1nwero2re4TXtdOMASQsZhT0ual9Z801k"", ""03 - MAR - 26 / 11/03 - QUA"")",B4- TJRN JUIZADO VIOLÊNCIA DOMÉSTICA,LEO, ✔, ✔,,BOLETIM_RADIO_TJRN_11_03_2026_B4_TJRN_JUIZADO_VIOLENCIA_DOMESTICA,https://docs.google.com/document/d/1BDb7uDR1V6R_rgmBsleDWDFbA2zatK5k0DXs2weHhq0/edit?usp=drivesdk,2026-03-10,
"=HYPERLINK(""https://drive.google.com/drive/folders/1nwero2re4TXtdOMASQsZhT0ual9Z801k"", ""03 - MAR - 26 / 11/03 - QUA"")",B3- TJRN ACUSADO MATAR PREFEITO ,LEO, ✔, ✔,,BOLETIM_RADIO_TJRN_11_03_2026_B3_TJRN_ACUSADO_MATAR_PREFEITO_,https://docs.google.com/document/d/1ZOmRykzpUA4-AUXRp9zgRMAve1j0rvk2YHUmZaHIb8E/edit?usp=drivesdk,2026-03-10,
"=HYPERLINK(""https://drive.google.com/drive/folders/1nwero2re4TXtdOMASQsZhT0ual9Z801k"", ""03 - MAR - 26 / 11/03 - QUA"")",B2- TJRN EMPRESA ÔNIBUS CONDENADA ,LEO, ✔, ✔,,BOLETIM_RADIO_TJRN_11_03_2026_B2_TJRN_EMPRESA_ONIBUS_CONDENADA_,https://docs.google.com/document/d/1ts5rSIwP9Ec5-rfyt3TqWs7yR9OXNdgoalxF_NYrWcg/edit?usp=drivesdk,2026-03-10,
"=HYPERLINK(""https://drive.google.com/drive/folders/1nwero2re4TXtdOMASQsZhT0ual9Z801k"", ""03 - MAR - 26 / 11/03 - QUA"")",B1- TJRN NEGLIGÊNCIA MÉDICA ,LEO, ✔, ✔,,BOLETIM_RADIO_TJRN_11_03_2026_B1_TJRN_NEGLIGENCIA_MEDICA_,https://docs.google.com/document/d/1Upxo27PvqXounYNfDB4APSl0c3eSHcUht9zp969JL8g/edit?usp=drivesdk,2026-03-10,
"=HYPERLINK(""https://drive.google.com/drive/folders/18aYZMm_tbbZSF0jx-Wlhtc_WShF8VeCc"", ""03 - MAR - 26 / 10/03 - TER"")",B10- TJRN TERMO GUIA ÚNICA ARRECADAÇÃO ,LEO, ✔, ✔,,BOLETIM_RADIO_TJRN_10_03_2026_B10_TJRN_TERMO_GUIA_UNICA_ARRECADACAO_,https://docs.google.com/document/d/1PDpCmRgTiQlP_KKP2FmZuqqo3XBYWgj76AZfRkI7zZw/edit?usp=drivesdk,2026-03-10,
"=HYPERLINK(""https://drive.google.com/drive/folders/18aYZMm_tbbZSF0jx-Wlhtc_WShF8VeCc"", ""03 - MAR - 26 / 10/03 - TER"")",B9- TJRN PRESTADOR SERVIÇOS ACUSADO ,LEO, ✔, ✔,,BOLETIM_RADIO_TJRN_10_03_2026_B9_TJRN_PRESTADOR_SERVICOS_ACUSADO_,https://docs.google.com/document/d/1ZRnudL3cAZ66kL3qaL0m7ep4ZIYzcxd0tGvmopK6ftY/edit?usp=drivesdk,2026-03-10,
"=HYPERLINK(""https://drive.google.com/drive/folders/18aYZMm_tbbZSF0jx-Wlhtc_WShF8VeCc"", ""03 - MAR - 26 / 10/03 - TER"")",B8- TJRN EMPRESA SETOR INFORMÁTICA ,LEO, ✔, ✔,,BOLETIM_RADIO_TJRN_10_03_2026_B8_TJRN_EMPRESA_SETOR_INFORMATICA_,https://docs.google.com/document/d/1RgI1p2HitBQgTZq4FsSaStQDbxjZQu-4P92D7D5Ya48/edit?usp=drivesdk,2026-03-10,
"=HYPERLINK(""https://drive.google.com/drive/folders/18aYZMm_tbbZSF0jx-Wlhtc_WShF8VeCc"", ""03 - MAR - 26 / 10/03 - TER"")",B7- TJRN PARNAMIRIM ESTÁGIO DIREITO ,LEO, ✔, ✔,,BOLETIM_RADIO_TJRN_10_03_2026_B7_TJRN_PARNAMIRIM_ESTAGIO_DIREITO_,https://docs.google.com/document/d/1aK_PC7QfiezWXeQlI4sDBckvGytzXHPjCIMWWqOv2VY/edit?usp=drivesdk,2026-03-10,
"=HYPERLINK(""https://drive.google.com/drive/folders/18aYZMm_tbbZSF0jx-Wlhtc_WShF8VeCc"", ""03 - MAR - 26 / 10/03 - TER"")",B6- TJRN PARTICIPAÇÃO ATLETA CAMPEONATO,LEO, ✔, ✔,,BOLETIM_RADIO_TJRN_10_03_2026_B6_TJRN_PARTICIPACAO_ATLETA_CAMPEONATO,https://docs.google.com/document/d/1fS3d-Yfqa9BM3NHuM7Qdp6AI6v2bRXC8pIZ8FrlX1T4/edit?usp=drivesdk,2026-03-10,
"=HYPERLINK(""https://drive.google.com/drive/folders/18aYZMm_tbbZSF0jx-Wlhtc_WShF8VeCc"", ""03 - MAR - 26 / 10/03 - TER"")",B5- TJRN COMARCA SÃO MIGUEL ,LEO, ✔, ✔,,BOLETIM_RADIO_TJRN_10_03_2026_B5_TJRN_COMARCA_SAO_MIGUEL_,https://docs.google.com/document/d/1G8tYGe5uJ3NzdopK7G0OKfa2c6Yrmlc_Ev5M81jv_uI/edit?usp=drivesdk,2026-03-10,
"=HYPERLINK(""https://drive.google.com/drive/folders/18aYZMm_tbbZSF0jx-Wlhtc_WShF8VeCc"", ""03 - MAR - 26 / 10/03 - TER"")",B4- TJRN NEGA BLOQUEIO VERBAS ,LEO, ✔, ✔,,BOLETIM_RADIO_TJRN_10_03_2026_B4_TJRN_NEGA_BLOQUEIO_VERBAS_,https://docs.google.com/document/d/1qHa86qn6dpaR12fgzzrg6GM9L9cONWup5NrM9ZmZHaQ/edit?usp=drivesdk,2026-03-10,
"=HYPERLINK(""https://drive.google.com/drive/folders/18aYZMm_tbbZSF0jx-Wlhtc_WShF8VeCc"", ""03 - MAR - 26 / 10/03 - TER"")",B3- TJRN PLANO SAÚDE SENSOR GLICOSE,LEO, ✔, ✔,,BOLETIM_RADIO_TJRN_10_03_2026_B3_TJRN_PLANO_SAUDE_SENSOR_GLICOSE,https://docs.google.com/document/d/1UPidMi-l1jfFnFYJf436cn4n-EESa9xtpvwSXJDz7fU/edit?usp=drivesdk,2026-03-10,
"=HYPERLINK(""https://drive.google.com/drive/folders/18aYZMm_tbbZSF0jx-Wlhtc_WShF8VeCc"", ""03 - MAR - 26 / 10/03 - TER"")",B2- TJRN FURTO ESTACIONAMENTO ,LEO, ✔, ✔,,BOLETIM_RADIO_TJRN_10_03_2026_B2_TJRN_FURTO_ESTACIONAMENTO_,https://docs.google.com/document/d/1Du7_9YI8EOZei9rl6pP-icTzhf6KjvbJrCockwtWjoM/edit?usp=drivesdk,2026-03-10,
"=HYPERLINK(""https://drive.google.com/drive/folders/18aYZMm_tbbZSF0jx-Wlhtc_WShF8VeCc"", ""03 - MAR - 26 / 10/03 - TER"")",B1- TJRN DEFEITO MAQUINA VENDAS PREJUÍZO,LEO, ✔, ✔,,BOLETIM_RADIO_TJRN_10_03_2026_B1_TJRN_DEFEITO_MAQUINA_VENDAS_PREJUIZO,https://docs.google.com/document/d/17ID81UypfHjLtIZXTTEJBEtRJDQEBqanyO4JNiBzpbU/edit?usp=drivesdk,2026-03-09,
"=HYPERLINK(""https://drive.google.com/drive/folders/1BWfcjjR1VPoxJdMXGmUmV-hd4NxM3X2b"", ""03 - MAR - 26 / 09/03 - SEG"")",B10- TRT/RN ACORDO CEJUSC MOSSORÓ ,LEO, ✔, ✔,,BOLETIM_RADIO_TJRN_09_03_2026_B10_TRTRN_ACORDO_CEJUSC_MOSSORO_,https://docs.google.com/document/d/1N4VFPdPfR9T8c1LAZkJTaz7H3tKVyBgoVTxm862i0jM/edit?usp=drivesdk,2026-03-09,
"=HYPERLINK(""https://drive.google.com/drive/folders/1BWfcjjR1VPoxJdMXGmUmV-hd4NxM3X2b"", ""03 - MAR - 26 / 09/03 - SEG"")",B9- TJRN EMPRESAS CONDENADAS RESTITUIR VALORES,LEO, ✔, ✔,,BOLETIM_RADIO_TJRN_09_03_2026_B9_TJRN_EMPRESAS_CONDENADAS_RESTITUIR_VALORES,https://docs.google.com/document/d/13h7XuInSraU3NdqBDwPkSM7OWIXPYLJKC6-QXZRxYxo/edit?usp=drivesdk,2026-03-09,
"=HYPERLINK(""https://drive.google.com/drive/folders/1BWfcjjR1VPoxJdMXGmUmV-hd4NxM3X2b"", ""03 - MAR - 26 / 09/03 - SEG"")",B8- FURTO ESTACIONAMENTO INDENIZAÇÃO,LEO, ✔, ✔,,BOLETIM_RADIO_TJRN_09_03_2026_B8_FURTO_ESTACIONAMENTO_INDENIZACAO,https://docs.google.com/document/d/1iXtyH1XYN9-4_ZjOS0tY7CxLyTagwsSvd7HAy3cSvyg/edit?usp=drivesdk,2026-03-09,
"=HYPERLINK(""https://drive.google.com/drive/folders/1BWfcjjR1VPoxJdMXGmUmV-hd4NxM3X2b"", ""03 - MAR - 26 / 09/03 - SEG"")",B7- TJRN MUTIRÃO CONCILIAÇÃO ,LEO, ✔, ✔,,BOLETIM_RADIO_TJRN_09_03_2026_B7_TJRN_MUTIRAO_CONCILIACAO_,https://docs.google.com/document/d/1PSXV9rIR-kSySieE5xELTJQG_-92gqgX4w6SRiyBlAc/edit?usp=drivesdk,2026-03-09,
"=HYPERLINK(""https://drive.google.com/drive/folders/1BWfcjjR1VPoxJdMXGmUmV-hd4NxM3X2b"", ""03 - MAR - 26 / 09/03 - SEG"")",B6- TJRN ENCONTRO JUÍZES VIRTUAL ,LEO, ✔, ✔,,BOLETIM_RADIO_TJRN_09_03_2026_B6_TJRN_ENCONTRO_JUIZES_VIRTUAL_,https://docs.google.com/document/d/1eMdIDZC8bnOGGidBer4sZKE8nqV_dm-EA_JnIuhhQCM/edit?usp=drivesdk,2026-03-09,
"=HYPERLINK(""https://drive.google.com/drive/folders/1BWfcjjR1VPoxJdMXGmUmV-hd4NxM3X2b"", ""03 - MAR - 26 / 09/03 - SEG"")",B5- TJRN SUSPENDE ATO PARELHAS,LEO, ✔, ✔,,BOLETIM_RADIO_TJRN_09_03_2026_B5_TJRN_SUSPENDE_ATO_PARELHAS,https://docs.google.com/document/d/1YqtcJaLCzuCZEz57uGtjUgLJECwooWQ3_5cQgxY0rqw/edit?usp=drivesdk,2026-03-09,
"=HYPERLINK(""https://drive.google.com/drive/folders/1BWfcjjR1VPoxJdMXGmUmV-hd4NxM3X2b"", ""03 - MAR - 26 / 09/03 - SEG"")",B4- ANULAÇÃO ATO POSSE CONCURSO,LIV, ✔, ✔,,BOLETIM_RADIO_TJRN_09_03_2026_B4_ANULACAO_ATO_POSSE_CONCURSO,https://docs.google.com/document/d/1R7s4sHkgD3qfoJlB-5jW1C66IpW8_-wBbg65CprcPg4/edit?usp=drivesdk,2026-03-06,
"=HYPERLINK(""https://drive.google.com/drive/folders/1BWfcjjR1VPoxJdMXGmUmV-hd4NxM3X2b"", ""03 - MAR - 26 / 09/03 - SEG"")",B3- CIRURGIA GLAUCOMA AVANÇADO,LIV, ✔, ✔,,BOLETIM_RADIO_TJRN_09_03_2026_B3_CIRURGIA_GLAUCOMA_AVANCADO,https://docs.google.com/document/d/1hW7oYaiBLyVBEtOPTXiUfvYVO_U2XvnlKXFLG7T7b7U/edit?usp=drivesdk,2026-03-06,
"=HYPERLINK(""https://drive.google.com/drive/folders/1BWfcjjR1VPoxJdMXGmUmV-hd4NxM3X2b"", ""03 - MAR - 26 / 09/03 - SEG"")",B2- INDENIZAÇÃO FAMÍLIA MORTE IDOSA,LIV, ✔, ✔,,BOLETIM_RADIO_TJRN_09_03_2026_B2_INDENIZACAO_FAMILIA_MORTE_IDOSA,https://docs.google.com/document/d/1aVj2LBXuvlHYA8SBTL4JNXKvk8ubMRt7B3le1kEnl88/edit?usp=drivesdk,2026-03-06,
"=HYPERLINK(""https://drive.google.com/drive/folders/1BWfcjjR1VPoxJdMXGmUmV-hd4NxM3X2b"", ""03 - MAR - 26 / 09/03 - SEG"")",B1- DESCREDENCIAMENTO PLANO SAÚDE,LIV, ✔, ✔,,BOLETIM_RADIO_TJRN_09_03_2026_B1_DESCREDENCIAMENTO_PLANO_SAUDE,https://docs.google.com/document/d/14OaTn3iOo3byiAgb8M-6BX4fjPENIBzGS1QTj8pKmsk/edit?usp=drivesdk,2026-03-06,
"=HYPERLINK(""https://drive.google.com/drive/folders/1UsqKx0WHm_vT3UDY-o77zmjnq8O9kMMY"", ""03 - MAR - 26 / 06/03 - SEX"")",B10- DPERN MEDICAMENTO ALTO CUSTO,LEO, ✔, ✔,,BOLETIM_RADIO_TJRN_06_03_2026_B10_DPERN_MEDICAMENTO_ALTO_CUSTO,https://docs.google.com/document/d/193SORDbBXg8pfqWElTtsX9r6ybAgB0Gm27Bx8oz1rQk/edit?usp=drivesdk,2026-03-05,
"=HYPERLINK(""https://drive.google.com/drive/folders/1UsqKx0WHm_vT3UDY-o77zmjnq8O9kMMY"", ""03 - MAR - 26 / 06/03 - SEX"")",B9- TRT/RN PROCURADORA CHEFE UNIÃO,LEO, ✔, ✔,,BOLETIM_RADIO_TJRN_06_03_2026_B9_TRTRN_PROCURADORA_CHEFE_UNIAO,https://docs.google.com/document/d/1yJnL_KIjCXQ6nowmtN0nVbB5O_uJZi3CBEf-GirRUpo/edit?usp=drivesdk,2026-03-05,
"=HYPERLINK(""https://drive.google.com/drive/folders/1UsqKx0WHm_vT3UDY-o77zmjnq8O9kMMY"", ""03 - MAR - 26 / 06/03 - SEX"")",B8- TJRN PAU FERROS PROCESSO SELETIVO ,LEO, ✔, ✔,,BOLETIM_RADIO_TJRN_06_03_2026_B8_TJRN_PAU_FERROS_PROCESSO_SELETIVO_,https://docs.google.com/document/d/1_2aPjhniC5_YFP7yBmvZ31iWSRVTGRsFK38UJk_-y1w/edit?usp=drivesdk,2026-03-05,
"=HYPERLINK(""https://drive.google.com/drive/folders/1UsqKx0WHm_vT3UDY-o77zmjnq8O9kMMY"", ""03 - MAR - 26 / 06/03 - SEX"")",B7- TJRN DESOCUPAÇÃO IMÓVEIS FELIPE CAMARÃO ,LEO, ✔, ✔,,BOLETIM_RADIO_TJRN_06_03_2026_B7_TJRN_DESOCUPACAO_IMOVEIS_FELIPE_CAMARAO_,https://docs.google.com/document/d/1lZUoq2d2fKDamo-CkLQGyhFpJ0aaL6_8m0Hs4peVphc/edit?usp=drivesdk,2026-03-05,
"=HYPERLINK(""https://drive.google.com/drive/folders/1UsqKx0WHm_vT3UDY-o77zmjnq8O9kMMY"", ""03 - MAR - 26 / 06/03 - SEX"")",B6- TJRN FUNDAÇÃO EX-EMPREGADOS TELERN ,LEO, ✔, ✔,,BOLETIM_RADIO_TJRN_06_03_2026_B6_TJRN_FUNDACAO_EX_EMPREGADOS_TELERN_,https://docs.google.com/document/d/1vJKwRJQfjtEMNgKpP7SiefUudMdzYleuIaMEz_CNPec/edit?usp=drivesdk,2026-03-05,
"=HYPERLINK(""https://drive.google.com/drive/folders/1UsqKx0WHm_vT3UDY-o77zmjnq8O9kMMY"", ""03 - MAR - 26 / 06/03 - SEX"")",B5- TJRN HOMEM CONDENADO ROUBO,LEO, ✔, ✔,,BOLETIM_RADIO_TJRN_06_03_2026_B5_TJRN_HOMEM_CONDENADO_ROUBO,https://docs.google.com/document/d/1lKc9TDlDf-lG0Up3IGCUkYN71QjYeJGPzBr3X4QYRbw/edit?usp=drivesdk,2026-03-05,
"=HYPERLINK(""https://drive.google.com/drive/folders/1UsqKx0WHm_vT3UDY-o77zmjnq8O9kMMY"", ""03 - MAR - 26 / 06/03 - SEX"")",B4- TJRN REDE SOCIAL DECISÃO ,LEO, ✔, ✔,,BOLETIM_RADIO_TJRN_06_03_2026_B4_TJRN_REDE_SOCIAL_DECISAO_,https://docs.google.com/document/d/1HWMC-ZC4XZNg4PoHqIPqmsPSlCmkiQQuCGhUGaHycsk/edit?usp=drivesdk,2026-03-05,
"=HYPERLINK(""https://drive.google.com/drive/folders/1UsqKx0WHm_vT3UDY-o77zmjnq8O9kMMY"", ""03 - MAR - 26 / 06/03 - SEX"")",B3- TJRN CAMPESTRE PROCESSO SELETIVO ,LEO, ✔, ✔,,BOLETIM_RADIO_TJRN_06_03_2026_B3_TJRN_CAMPESTRE_PROCESSO_SELETIVO_,https://docs.google.com/document/d/1hut8ULQqFaoVS-vw6Wy7yK5X6glqE6pb1-QNfmEVgl0/edit?usp=drivesdk,2026-03-05,
"=HYPERLINK(""https://drive.google.com/drive/folders/1UsqKx0WHm_vT3UDY-o77zmjnq8O9kMMY"", ""03 - MAR - 26 / 06/03 - SEX"")",B2- TJRN VALOR COPARTICIPAÇÃO ,LEO, ✔, ✔,,BOLETIM_RADIO_TJRN_06_03_2026_B2_TJRN_VALOR_COPARTICIPACAO_,https://docs.google.com/document/d/1j6fSexFL82UHPFI8SdVNQrC4xpCWxD316zSKkIJKNrQ/edit?usp=drivesdk,2026-03-05,
"=HYPERLINK(""https://drive.google.com/drive/folders/1UsqKx0WHm_vT3UDY-o77zmjnq8O9kMMY"", ""03 - MAR - 26 / 06/03 - SEX"")",B1- TJRN DETERMINA RESTITUIÇÃO DOBRO,LEO, ✔, ✔,,BOLETIM_RADIO_TJRN_06_03_2026_B1_TJRN_DETERMINA_RESTITUICAO_DOBRO,https://docs.google.com/document/d/1jdMol3SJmLBnDGwsGV3un_6jGVc8rpUMJTPFvDC6eQU/edit?usp=drivesdk,2026-03-05,
"=HYPERLINK(""https://drive.google.com/drive/folders/1RC57PVwBZ1GPvxxdy8m8NTiT_OkMwIcS"", ""03 - MAR - 26 / 05/03 - QUI"")",B10- ESMARN EDITAL PROVA PRÁTICA,LEO, ✔, ✔,,BOLETIM_RADIO_TJRN_05_03_2026_B10_ESMARN_EDITAL_PROVA_PRATICA,https://docs.google.com/document/d/1eEVyf9hy9fZ_yqToJfXiKcEl6CueET2csd07k3nAltg/edit?usp=drivesdk,2026-03-04,
"=HYPERLINK(""https://drive.google.com/drive/folders/1RC57PVwBZ1GPvxxdy8m8NTiT_OkMwIcS"", ""03 - MAR - 26 / 05/03 - QUI"")",B9- TRT/RN ASSISTENTE VIRTUAL,LEO, ✔, ✔,,BOLETIM_RADIO_TJRN_05_03_2026_B9_TRTRN_ASSISTENTE_VIRTUAL,https://docs.google.com/document/d/1RjGgbXHyimFAYMa0AvGM7ip67OwGdudJKwwY0dodlX0/edit?usp=drivesdk,2026-03-04,
"=HYPERLINK(""https://drive.google.com/drive/folders/1RC57PVwBZ1GPvxxdy8m8NTiT_OkMwIcS"", ""03 - MAR - 26 / 05/03 - QUI"")",B8- DPERN JARDIM PRIMAVERA ,LEO, ✔, ✔,,BOLETIM_RADIO_TJRN_05_03_2026_B8_DPERN_JARDIM_PRIMAVERA_,https://docs.google.com/document/d/1UrYhkx3IXxfgsejvNA1EO1WJ_-uuAYOkg2FKr7Livzg/edit?usp=drivesdk,2026-03-04,
"=HYPERLINK(""https://drive.google.com/drive/folders/1RC57PVwBZ1GPvxxdy8m8NTiT_OkMwIcS"", ""03 - MAR - 26 / 05/03 - QUI"")",B7- TJRN NOMEIA 13 APROVADOS ,LEO, ✔, ✔,,BOLETIM_RADIO_TJRN_05_03_2026_B7_TJRN_NOMEIA_13_APROVADOS_,https://docs.google.com/document/d/13xQHMmR_vwP-81_Rhn0wt1itH7njf0yDOk5FfWMfp4M/edit?usp=drivesdk,2026-03-04,
"=HYPERLINK(""https://drive.google.com/drive/folders/1RC57PVwBZ1GPvxxdy8m8NTiT_OkMwIcS"", ""03 - MAR - 26 / 05/03 - QUI"")",B6- TJRN RESPOSABILIDADE REDE SOCIAL ,LEO, ✔, ✔,,BOLETIM_RADIO_TJRN_05_03_2026_B6_TJRN_RESPOSABILIDADE_REDE_SOCIAL_,https://docs.google.com/document/d/1Au0gXOaplhy7jtAJ4BekBSnMSgaO4l_rCTdYWQsiFjU/edit?usp=drivesdk,2026-03-04,
"=HYPERLINK(""https://drive.google.com/drive/folders/1RC57PVwBZ1GPvxxdy8m8NTiT_OkMwIcS"", ""03 - MAR - 26 / 05/03 - QUI"")",B5- TJRN HOMEM CONDENADO ESTELIONATO,LEO, ✔, ✔,,BOLETIM_RADIO_TJRN_05_03_2026_B5_TJRN_HOMEM_CONDENADO_ESTELIONATO,https://docs.google.com/document/d/1Y3wsOCNERm9mdcQvs_yFHYtbblSuxffM8s77JL_uKxo/edit?usp=drivesdk,2026-03-04,
"=HYPERLINK(""https://drive.google.com/drive/folders/1RC57PVwBZ1GPvxxdy8m8NTiT_OkMwIcS"", ""03 - MAR - 26 / 05/03 - QUI"")",B4- TJRN MANTÉM LICITAÇÃO CABEAMENTO ,LEO, ✔, ✔,,BOLETIM_RADIO_TJRN_05_03_2026_B4_TJRN_MANTEM_LICITACAO_CABEAMENTO_,https://docs.google.com/document/d/10fXL0g0gopFTiLGImmciS7IHDDlfWUDK44G2otY0SVA/edit?usp=drivesdk,2026-03-04,
"=HYPERLINK(""https://drive.google.com/drive/folders/1RC57PVwBZ1GPvxxdy8m8NTiT_OkMwIcS"", ""03 - MAR - 26 / 05/03 - QUI"")",B3- TJRN ANPP NEGADO NOVA DECISÃO,LEO, ✔, ✔,,BOLETIM_RADIO_TJRN_05_03_2026_B3_TJRN_ANPP_NEGADO_NOVA_DECISAO,https://docs.google.com/document/d/1W57wLnsK0KJNOoFUH6BeB7w3UPOsdVJxz4M1CoBDvo0/edit?usp=drivesdk,2026-03-04,
"=HYPERLINK(""https://drive.google.com/drive/folders/1RC57PVwBZ1GPvxxdy8m8NTiT_OkMwIcS"", ""03 - MAR - 26 / 05/03 - QUI"")",B2- TJRN CONDENA COMERCIANTES REVENDA ,LEO, ✔, ✔,,BOLETIM_RADIO_TJRN_05_03_2026_B2_TJRN_CONDENA_COMERCIANTES_REVENDA_,https://docs.google.com/document/d/1ti1IS0vkGbFa1p_6sWIUJA3UcYmKCvaBysjsjA6r4Hw/edit?usp=drivesdk,2026-03-04,
"=HYPERLINK(""https://drive.google.com/drive/folders/1RC57PVwBZ1GPvxxdy8m8NTiT_OkMwIcS"", ""03 - MAR - 26 / 05/03 - QUI"")",B1- TJRN ATO IMPROBIDADE LICITATÓRIO ,LEO, ✔, ✔,,BOLETIM_RADIO_TJRN_05_03_2026_B1_TJRN_ATO_IMPROBIDADE_LICITATORIO_,https://docs.google.com/document/d/1JL_FCwarJnVFMpXpgECSzY-e6A6JguhrfgrtQmH3nos/edit?usp=drivesdk,2026-03-04,
"=HYPERLINK(""https://drive.google.com/drive/folders/1w9i22U5E5i1y47x5vjQ-jmyssnUsf5sx"", ""03 - MAR - 26 / 04/03 - QUA"")",B10- MPRN FIRMA ACORDO INTERINSTITUCIONAL ,LEO, ✔, ✔,,BOLETIM_RADIO_TJRN_04_03_2026_B10_MPRN_FIRMA_ACORDO_INTERINSTITUCIONAL_,https://docs.google.com/document/d/1XwzMiW4yLGx8qBS0CzCTNSvNegp3FXKq1l6JBZ7eHAQ/edit?usp=drivesdk,2026-03-03,
"=HYPERLINK(""https://drive.google.com/drive/folders/1w9i22U5E5i1y47x5vjQ-jmyssnUsf5sx"", ""03 - MAR - 26 / 04/03 - QUA"")",B9- CNJ NOTA TÉCNICA COMBATE FALSO ADVOGADO ,LEO, ✔, ✔,,BOLETIM_RADIO_TJRN_04_03_2026_B9_CNJ_NOTA_TECNICA_COMBATE_FALSO_ADVOGADO_,https://docs.google.com/document/d/1ZlCEWlCSoK3QnP0Y5rf1WYG7s5qZj_5jQK9r-K6rbc8/edit?usp=drivesdk,2026-03-03,
"=HYPERLINK(""https://drive.google.com/drive/folders/1w9i22U5E5i1y47x5vjQ-jmyssnUsf5sx"", ""03 - MAR - 26 / 04/03 - QUA"")",B7- TRT/RN SÓCIO RESPONSABILIZADO ,LEO, ✔, ✔,,BOLETIM_RADIO_TJRN_04_03_2026_B7_TRTRN_SOCIO_RESPONSABILIZADO_,https://docs.google.com/document/d/1eCxBE32LxWAFb5I8eapDC7Eh6AyUFifcylhpO7qh2W0/edit?usp=drivesdk,2026-03-03,
"=HYPERLINK(""https://drive.google.com/drive/folders/1w9i22U5E5i1y47x5vjQ-jmyssnUsf5sx"", ""03 - MAR - 26 / 04/03 - QUA"")",B6- PENAS PECUNIÁRIAS CANGUARETAMA,LET, ✔, ✔,,BOLETIM_RADIO_TJRN_04_03_2026_B6_PENAS_PECUNIARIAS_CANGUARETAMA,https://docs.google.com/document/d/1cm7J_6crxzpHJLsLE4wg4GzXkZF5kITfn3p-T8nUdpY/edit?usp=drivesdk,2026-03-03,
"=HYPERLINK(""https://drive.google.com/drive/folders/1w9i22U5E5i1y47x5vjQ-jmyssnUsf5sx"", ""03 - MAR - 26 / 04/03 - QUA"")",B5- COSERN DEVE INDENIZAR USUÁRIA,LET, ✔, ✔,,BOLETIM_RADIO_TJRN_04_03_2026_B5_COSERN_DEVE_INDENIZAR_USUARIA,https://docs.google.com/document/d/1P4XXUUVPY6ictT1MzphpV5ob_PXEA6yONFN9NLkFum4/edit?usp=drivesdk,2026-03-03,
"=HYPERLINK(""https://drive.google.com/drive/folders/1w9i22U5E5i1y47x5vjQ-jmyssnUsf5sx"", ""03 - MAR - 26 / 04/03 - QUA"")",B4- REDE SOCIAL DEVE INDENIZAR USUÁRIA,LET, ✔, ✔,,BOLETIM_RADIO_TJRN_04_03_2026_B4_REDE_SOCIAL_DEVE_INDENIZAR_USUARIA,https://docs.google.com/document/d/1MaJpvBF49lYrdU507_2zwJmG9lyxJtfB_wDwL5M5jkw/edit?usp=drivesdk,2026-03-03,
"=HYPERLINK(""https://drive.google.com/drive/folders/1w9i22U5E5i1y47x5vjQ-jmyssnUsf5sx"", ""03 - MAR - 26 / 04/03 - QUA"")",B3- PARNAMIRIM DEVE PAGAR ALUGUEIS,LET, ✔, ✔,,BOLETIM_RADIO_TJRN_04_03_2026_B3_PARNAMIRIM_DEVE_PAGAR_ALUGUEIS,https://docs.google.com/document/d/12dgrM60nDXFYMZN0vyUsxrfgwbC_O1VmA-RvEcwRNNM/edit?usp=drivesdk,2026-03-03,
"=HYPERLINK(""https://drive.google.com/drive/folders/1w9i22U5E5i1y47x5vjQ-jmyssnUsf5sx"", ""03 - MAR - 26 / 04/03 - QUA"")",B2- COSERN DEVE AUMENTAR CARGA ENERGÉTICA,LET, ✔, ✔,,BOLETIM_RADIO_TJRN_04_03_2026_B2_COSERN_DEVE_AUMENTAR_CARGA_ENERGETICA,https://docs.google.com/document/d/1KbNNDaLaFn5leLs2bsly4WtAqUz1RWHdp88ftwgSb7I/edit?usp=drivesdk,2026-03-03,
"=HYPERLINK(""https://drive.google.com/drive/folders/1w9i22U5E5i1y47x5vjQ-jmyssnUsf5sx"", ""03 - MAR - 26 / 04/03 - QUA"")",B1- CAERN CONDENADA POR SUSPENSÃO DE ÁGUA,LET, ✔, ✔,,BOLETIM_RADIO_TJRN_04_03_2026_B1_CAERN_CONDENADA_POR_SUSPENSAO_DE_AGUA,https://docs.google.com/document/d/1PT2UhhVf7jOWy72N6aTi52DKV4qtVmvGIjDht0lBCsY/edit?usp=drivesdk,2026-03-03,
"=HYPERLINK(""https://drive.google.com/drive/folders/1fIhLXMP5NjTaJQQLR8k3_ffm5vkLcJd2"", ""03 - MAR - 26 / 03/03 - TER"")",B10- TJRN CURSO ESTRATÉGICO SEGURANÇA ,LEO, ✔, ✔,,BOLETIM_RADIO_TJRN_03_03_2026_B10_TJRN_CURSO_ESTRATEGICO_SEGURANCA_,https://docs.google.com/document/d/1IkQHY7xdpZgQKzTdlSoTicOUTNui3uPatTteXxa_pCA/edit?usp=drivesdk,2026-03-02,
"=HYPERLINK(""https://drive.google.com/drive/folders/1fIhLXMP5NjTaJQQLR8k3_ffm5vkLcJd2"", ""03 - MAR - 26 / 03/03 - TER"")",B9 - PAGAMENTO PASSAGENS INTERMUNICIPAL,LET, ✔, ✔,,BOLETIM_RADIO_TJRN_03_03_2026_B9_PAGAMENTO_PASSAGENS_INTERMUNICIPAL,https://docs.google.com/document/d/15oPz3Vf9g7BQJp2StBgn95AHMcH_TVggMplPFghvNhE/edit?usp=drivesdk,2026-03-02,
"=HYPERLINK(""https://drive.google.com/drive/folders/1fIhLXMP5NjTaJQQLR8k3_ffm5vkLcJd2"", ""03 - MAR - 26 / 03/03 - TER"")",B8 - AMPLIAÇÃO SALAS DEPOIMENTO ESPECIAL,LET, ✔, ✔,,BOLETIM_RADIO_TJRN_03_03_2026_B8_AMPLIACAO_SALAS_DEPOIMENTO_ESPECIAL,https://docs.google.com/document/d/1R2niGGHasE0rrs1Cc_kCudfY6V6RNcLow_7DO3P4Isc/edit?usp=drivesdk,2026-03-02,
"=HYPERLINK(""https://drive.google.com/drive/folders/1fIhLXMP5NjTaJQQLR8k3_ffm5vkLcJd2"", ""03 - MAR - 26 / 03/03 - TER"")",B7 - CONDENAÇÃO RESPONSABILIDADE SOLIDÁRIA,LET, ✔, ✔,,BOLETIM_RADIO_TJRN_03_03_2026_B7_CONDENACAO_RESPONSABILIDADE_SOLIDARIA,https://docs.google.com/document/d/1vIZeq9ufAZxMOfKH9wvDgFGv8IMgK9dIVRO97uJqx5Q/edit?usp=drivesdk,2026-03-02,
"=HYPERLINK(""https://drive.google.com/drive/folders/1fIhLXMP5NjTaJQQLR8k3_ffm5vkLcJd2"", ""03 - MAR - 26 / 03/03 - TER"")",B6 - CONDENAÇÃO FRAUDE LICITAÇÃO,LET, ✔, ✔,,BOLETIM_RADIO_TJRN_03_03_2026_B6_CONDENACAO_FRAUDE_LICITACAO,https://docs.google.com/document/d/1GUvh_yfZE9P38JvspHHv-Ic1pYD6yFfavye34qkq4q4/edit?usp=drivesdk,2026-03-02,
"=HYPERLINK(""https://drive.google.com/drive/folders/1fIhLXMP5NjTaJQQLR8k3_ffm5vkLcJd2"", ""03 - MAR - 26 / 03/03 - TER"")",B5 - CONVOCAÇÃO CONCURSO CAERN,LET, ✔, ✔,,BOLETIM_RADIO_TJRN_03_03_2026_B5_CONVOCACAO_CONCURSO_CAERN,https://docs.google.com/document/d/1oYHZT_MHUrnJICmeOTY9qMk0SZtMbZPcEkdKY6WG6Qg/edit?usp=drivesdk,2026-03-02,
"=HYPERLINK(""https://drive.google.com/drive/folders/1fIhLXMP5NjTaJQQLR8k3_ffm5vkLcJd2"", ""03 - MAR - 26 / 03/03 - TER"")",B4 - ESTÁGIO ENSINO MÉDIO,LET, ✔, ✔,,BOLETIM_RADIO_TJRN_03_03_2026_B4_ESTAGIO_ENSINO_MEDIO,https://docs.google.com/document/d/1dHMKxcwdBoagk66ECUL81cP2xEB-waEj9E45U3-FKKI/edit?usp=drivesdk,2026-03-02,
"=HYPERLINK(""https://drive.google.com/drive/folders/1fIhLXMP5NjTaJQQLR8k3_ffm5vkLcJd2"", ""03 - MAR - 26 / 03/03 - TER"")",B3 - CONDENAÇÃO FABRICANTE PNEUS,LET, ✔, ✔,,BOLETIM_RADIO_TJRN_03_03_2026_B3_CONDENACAO_FABRICANTE_PNEUS,https://docs.google.com/document/d/1DFgKjI5AYduDkqrZxxllQPpcq5mgBI6yiEt4fcyBX6Q/edit?usp=drivesdk,2026-03-02,
"=HYPERLINK(""https://drive.google.com/drive/folders/1fIhLXMP5NjTaJQQLR8k3_ffm5vkLcJd2"", ""03 - MAR - 26 / 03/03 - TER"")",B2 - CONVÊNIO DÉBITO PRECATÓRIOS,LET, ✔, ✔,,BOLETIM_RADIO_TJRN_03_03_2026_B2_CONVENIO_DEBITO_PRECATORIOS,https://docs.google.com/document/d/1fctIpCs0EJrH3_8d5vAcPkoa1yvDf0--rtT4NDY4zak/edit?usp=drivesdk,2026-03-02,
"=HYPERLINK(""https://drive.google.com/drive/folders/1fIhLXMP5NjTaJQQLR8k3_ffm5vkLcJd2"", ""03 - MAR - 26 / 03/03 - TER"")",B1- MINICURSO COMITÊ SAÚDE,LET, ✔, ✔,,BOLETIM_RADIO_TJRN_03_03_2026_B1_MINICURSO_COMITE_SAUDE,https://docs.google.com/document/d/13lwkoqvePYZICazsD_0uCHatIMHTjDGG_JYoiQDQYcA/edit?usp=drivesdk,2026-03-02,
"=HYPERLINK(""https://drive.google.com/drive/folders/1TIgWaeClgWT_zJYK14YOz-37GitImnx_"", ""03 - MAR - 26 / 02/03 - SEG"")",B10- TJRN PRIMEIRO TECNOLOGIA FOCO 2026,LEO, ✔, ✔,,BOLETIM_RADIO_TJRN_02_03_2026_B10_TJRN_PRIMEIRO_TECNOLOGIA_FOCO_2026,https://docs.google.com/document/d/1cFKoiLiv8K6eSF-27wUQ47ISVy4JB-aDPNKd8jCANOQ/edit?usp=drivesdk,2026-02-27,
"=HYPERLINK(""https://drive.google.com/drive/folders/1TIgWaeClgWT_zJYK14YOz-37GitImnx_"", ""03 - MAR - 26 / 02/03 - SEG"")",B9- TJRN JUSTIÇA ELEVA PERCENTUAL ALIMENTOS ,LEO, ✔, ✔,,BOLETIM_RADIO_TJRN_02_03_2026_B9_TJRN_JUSTICA_ELEVA_PERCENTUAL_ALIMENTOS_,https://docs.google.com/document/d/1nRCa1KBAcYCfuwv5KsA3-uvu6ml1gAKtFrGkE6TTlbE/edit?usp=drivesdk,2026-02-27,
"=HYPERLINK(""https://drive.google.com/drive/folders/1TIgWaeClgWT_zJYK14YOz-37GitImnx_"", ""03 - MAR - 26 / 02/03 - SEG"")",B8- TJRN 2 VARA PARNAMIRIM ESTÁGIO,LIV, ✔, ✔,,BOLETIM_RADIO_TJRN_02_03_2026_B8_TJRN_2_VARA_PARNAMIRIM_ESTAGIO,https://docs.google.com/document/d/1Yug9vkwid6Z8F0FT-Ftivfzcp7AX3E2aXD3-kzkqPPw/edit?usp=drivesdk,2026-02-27,
"=HYPERLINK(""https://drive.google.com/drive/folders/1TIgWaeClgWT_zJYK14YOz-37GitImnx_"", ""03 - MAR - 26 / 02/03 - SEG"")",B7- RESPONSÁVEL INTERINO CANGUARETAMA,LIV, ✔, ✔,,BOLETIM_RADIO_TJRN_02_03_2026_B7_RESPONSAVEL_INTERINO_CANGUARETAMA,https://docs.google.com/document/d/13i-HEE_Al1mLLNQsRohFduVXXLqEwYOL_o2-rKJFP1g/edit?usp=drivesdk,2026-02-27,
"=HYPERLINK(""https://drive.google.com/drive/folders/1TIgWaeClgWT_zJYK14YOz-37GitImnx_"", ""03 - MAR - 26 / 02/03 - SEG"")",B6- CONDENAÇÃO EXTRAVIO BAGAGEM,LIV, ✔, ✔,,BOLETIM_RADIO_TJRN_02_03_2026_B6_CONDENACAO_EXTRAVIO_BAGAGEM,https://docs.google.com/document/d/1p1cPAzwWe4GL73-oatcFurnRxnkt59rD0kibpZlwYU4/edit?usp=drivesdk,2026-02-27,
"=HYPERLINK(""https://drive.google.com/drive/folders/1TIgWaeClgWT_zJYK14YOz-37GitImnx_"", ""03 - MAR - 26 / 02/03 - SEG"")",B5- LICENÇA REMUNERADA JOÃO CÂMARA,LIV, ✔, ✔,,BOLETIM_RADIO_TJRN_02_03_2026_B5_LICENCA_REMUNERADA_JOAO_CAMARA,https://docs.google.com/document/d/19K4k8hdkBHomjJStA0pXdkQ5H_C7v1uZTzLGxPF3jeg/edit?usp=drivesdk,2026-02-27,
"=HYPERLINK(""https://drive.google.com/drive/folders/1TIgWaeClgWT_zJYK14YOz-37GitImnx_"", ""03 - MAR - 26 / 02/03 - SEG"")",B4- CONDENAÇÃO SALÁRIO SEM  EXERCER FUNÇÃO,LIV, ✔, ✔,,BOLETIM_RADIO_TJRN_02_03_2026_B4_CONDENACAO_SALARIO_SEM_EXERCER_FUNCAO,https://docs.google.com/document/d/1WIV5scKy2fi-BAJeTMAUwasMCN_3Lu-HVKOVYKoLSiI/edit?usp=drivesdk,2026-02-27,
"=HYPERLINK(""https://drive.google.com/drive/folders/1TIgWaeClgWT_zJYK14YOz-37GitImnx_"", ""03 - MAR - 26 / 02/03 - SEG"")",B3- SUSPENSÃO DESCONTO PENSÃO,LIV, ✔, ✔,,BOLETIM_RADIO_TJRN_02_03_2026_B3_SUSPENSAO_DESCONTO_PENSAO,https://docs.google.com/document/d/1qemi6tlfLi5bewSG0f6ubqNfo0Lpp10rOWlPkCP-FIY/edit?usp=drivesdk,2026-02-27,
"=HYPERLINK(""https://drive.google.com/drive/folders/1TIgWaeClgWT_zJYK14YOz-37GitImnx_"", ""03 - MAR - 26 / 02/03 - SEG"")",B2- ACESSIBILIDADE CAPS PARNAMIRIM,LIV, ✔, ✔,,BOLETIM_RADIO_TJRN_02_03_2026_B2_ACESSIBILIDADE_CAPS_PARNAMIRIM,https://docs.google.com/document/d/1sw7Cdj1lwDYZcZf2fzCq40Z4jm6ZXfB-FUeLUlxFkbg/edit?usp=drivesdk,2026-02-27,
"=HYPERLINK(""https://drive.google.com/drive/folders/1TIgWaeClgWT_zJYK14YOz-37GitImnx_"", ""03 - MAR - 26 / 02/03 - SEG"")",B1- TRE/RN ADQUIRE NOVAS CADEIRAS ,LEO, ✔, ✔,,BOLETIM_RADIO_TJRN_02_03_2026_B1_TRERN_ADQUIRE_NOVAS_CADEIRAS_,https://docs.google.com/document/d/1qiUvw1Q1kYlSHD5djgC_w9v8F_ouC-weT4IVOiyrtiw/edit?usp=drivesdk,2026-02-26,
Última sincronização: 08/06/2026 14:15 • Sistema Rádio Web 2026,,,,,,,,,
