"Name","Extension","Length","LastWriteTime","FullName","RelativePath"
"NJUD 1792.gdoc",".gdoc","200","09/01/2026 07:56:37","H:\Meu Drive\RADIO TJRN CONTEÚDO\NOT JUDICIARIO (5 MIN)\NJUD 2026\1 - JANEIRO\NJUD 1792.gdoc","1 - JANEIRO\NJUD 1792.gdoc"
"NJUD 1793.gdoc",".gdoc","200","15/01/2026 08:53:46","H:\Meu Drive\RADIO TJRN CONTEÚDO\NOT JUDICIARIO (5 MIN)\NJUD 2026\1 - JANEIRO\NJUD 1793.gdoc","1 - JANEIRO\NJUD 1793.gdoc"
"NJUD 1797 .gdoc",".gdoc","200","15/01/2026 08:55:37","H:\Meu Drive\RADIO TJRN CONTEÚDO\NOT JUDICIARIO (5 MIN)\NJUD 2026\1 - JANEIRO\NJUD 1797 .gdoc","1 - JANEIRO\NJUD 1797 .gdoc"
"NJUD 1795 .gdoc",".gdoc","200","15/01/2026 10:33:48","H:\Meu Drive\RADIO TJRN CONTEÚDO\NOT JUDICIARIO (5 MIN)\NJUD 2026\1 - JANEIRO\NJUD 1795 .gdoc","1 - JANEIRO\NJUD 1795 .gdoc"
"NJUD 1794.gdoc",".gdoc","200","15/01/2026 10:45:54","H:\Meu Drive\RADIO TJRN CONTEÚDO\NOT JUDICIARIO (5 MIN)\NJUD 2026\1 - JANEIRO\NJUD 1794.gdoc","1 - JANEIRO\NJUD 1794.gdoc"
"NJUD 1796.gdoc",".gdoc","200","15/01/2026 10:52:16","H:\Meu Drive\RADIO TJRN CONTEÚDO\NOT JUDICIARIO (5 MIN)\NJUD 2026\1 - JANEIRO\NJUD 1796.gdoc","1 - JANEIRO\NJUD 1796.gdoc"
"NJUD 1798 .gdoc",".gdoc","200","15/01/2026 15:42:55","H:\Meu Drive\RADIO TJRN CONTEÚDO\NOT JUDICIARIO (5 MIN)\NJUD 2026\1 - JANEIRO\NJUD 1798 .gdoc","1 - JANEIRO\NJUD 1798 .gdoc"
"NJUD 1799 .gdoc",".gdoc","200","19/01/2026 10:57:04","H:\Meu Drive\RADIO TJRN CONTEÚDO\NOT JUDICIARIO (5 MIN)\NJUD 2026\1 - JANEIRO\NJUD 1799 .gdoc","1 - JANEIRO\NJUD 1799 .gdoc"
"NJUD 1800 .gdoc",".gdoc","200","19/01/2026 11:00:02","H:\Meu Drive\RADIO TJRN CONTEÚDO\NOT JUDICIARIO (5 MIN)\NJUD 2026\1 - JANEIRO\NJUD 1800 .gdoc","1 - JANEIRO\NJUD 1800 .gdoc"
"NJUD 1801 .gdoc",".gdoc","200","21/01/2026 10:03:15","H:\Meu Drive\RADIO TJRN CONTEÚDO\NOT JUDICIARIO (5 MIN)\NJUD 2026\1 - JANEIRO\NJUD 1801 .gdoc","1 - JANEIRO\NJUD 1801 .gdoc"
"NJUD 1803.gdoc",".gdoc","200","22/01/2026 15:18:15","H:\Meu Drive\RADIO TJRN CONTEÚDO\NOT JUDICIARIO (5 MIN)\NJUD 2026\1 - JANEIRO\NJUD 1803.gdoc","1 - JANEIRO\NJUD 1803.gdoc"
"NJUD 1802 .gdoc",".gdoc","200","22/01/2026 15:18:29","H:\Meu Drive\RADIO TJRN CONTEÚDO\NOT JUDICIARIO (5 MIN)\NJUD 2026\1 - JANEIRO\NJUD 1802 .gdoc","1 - JANEIRO\NJUD 1802 .gdoc"
"NJUD 1804.gdoc",".gdoc","200","26/01/2026 15:15:40","H:\Meu Drive\RADIO TJRN CONTEÚDO\NOT JUDICIARIO (5 MIN)\NJUD 2026\1 - JANEIRO\NJUD 1804.gdoc","1 - JANEIRO\NJUD 1804.gdoc"
"NJUD 1805.gdoc",".gdoc","200","26/01/2026 15:21:22","H:\Meu Drive\RADIO TJRN CONTEÚDO\NOT JUDICIARIO (5 MIN)\NJUD 2026\1 - JANEIRO\NJUD 1805.gdoc","1 - JANEIRO\NJUD 1805.gdoc"
"NJUD 1806 .gdoc",".gdoc","200","27/01/2026 15:32:51","H:\Meu Drive\RADIO TJRN CONTEÚDO\NOT JUDICIARIO (5 MIN)\NJUD 2026\1 - JANEIRO\NJUD 1806 .gdoc","1 - JANEIRO\NJUD 1806 .gdoc"
"NJUD 1807 .gdoc",".gdoc","200","29/01/2026 14:38:15","H:\Meu Drive\RADIO TJRN CONTEÚDO\NOT JUDICIARIO (5 MIN)\NJUD 2026\1 - JANEIRO\NJUD 1807 .gdoc","1 - JANEIRO\NJUD 1807 .gdoc"
"NJUD 1808.gdoc",".gdoc","200","29/01/2026 14:43:20","H:\Meu Drive\RADIO TJRN CONTEÚDO\NOT JUDICIARIO (5 MIN)\NJUD 2026\1 - JANEIRO\NJUD 1808.gdoc","1 - JANEIRO\NJUD 1808.gdoc"
"NJUD 1792 08-01.mp3",".mp3","1276437","23/01/2026 10:33:40","H:\Meu Drive\RADIO TJRN CONTEÚDO\NOT JUDICIARIO (5 MIN)\NJUD 2026\1 - JANEIRO\JORNAIS\NJUD 1792 08-01.mp3","1 - JANEIRO\JORNAIS\NJUD 1792 08-01.mp3"
"NJUD 1793 09-01.mp3",".mp3","1316886","23/01/2026 10:34:39","H:\Meu Drive\RADIO TJRN CONTEÚDO\NOT JUDICIARIO (5 MIN)\NJUD 2026\1 - JANEIRO\JORNAIS\NJUD 1793 09-01.mp3","1 - JANEIRO\JORNAIS\NJUD 1793 09-01.mp3"
"NJUD 1794 12-01.mp3",".mp3","1388610","23/01/2026 10:36:39","H:\Meu Drive\RADIO TJRN CONTEÚDO\NOT JUDICIARIO (5 MIN)\NJUD 2026\1 - JANEIRO\JORNAIS\NJUD 1794 12-01.mp3","1 - JANEIRO\JORNAIS\NJUD 1794 12-01.mp3"
"NJUD 1795 13-01.mp3",".mp3","1338570","23/01/2026 10:38:04","H:\Meu Drive\RADIO TJRN CONTEÚDO\NOT JUDICIARIO (5 MIN)\NJUD 2026\1 - JANEIRO\JORNAIS\NJUD 1795 13-01.mp3","1 - JANEIRO\JORNAIS\NJUD 1795 13-01.mp3"
"NJUD 1796 14-01.mp3",".mp3","1426140","23/01/2026 10:39:38","H:\Meu Drive\RADIO TJRN CONTEÚDO\NOT JUDICIARIO (5 MIN)\NJUD 2026\1 - JANEIRO\JORNAIS\NJUD 1796 14-01.mp3","1 - JANEIRO\JORNAIS\NJUD 1796 14-01.mp3"
"NJUD 1797 15-01.mp3",".mp3","1415298","23/01/2026 10:40:39","H:\Meu Drive\RADIO TJRN CONTEÚDO\NOT JUDICIARIO (5 MIN)\NJUD 2026\1 - JANEIRO\JORNAIS\NJUD 1797 15-01.mp3","1 - JANEIRO\JORNAIS\NJUD 1797 15-01.mp3"
"NJUD 1798 16-01.mp3",".mp3","1427808","23/01/2026 10:41:27","H:\Meu Drive\RADIO TJRN CONTEÚDO\NOT JUDICIARIO (5 MIN)\NJUD 2026\1 - JANEIRO\JORNAIS\NJUD 1798 16-01.mp3","1 - JANEIRO\JORNAIS\NJUD 1798 16-01.mp3"
"NJUD 1799 19-01.mp3",".mp3","1189701","23/01/2026 10:43:22","H:\Meu Drive\RADIO TJRN CONTEÚDO\NOT JUDICIARIO (5 MIN)\NJUD 2026\1 - JANEIRO\JORNAIS\NJUD 1799 19-01.mp3","1 - JANEIRO\JORNAIS\NJUD 1799 19-01.mp3"
"NJUD 1800 20-01.mp3",".mp3","1174272","23/01/2026 10:44:40","H:\Meu Drive\RADIO TJRN CONTEÚDO\NOT JUDICIARIO (5 MIN)\NJUD 2026\1 - JANEIRO\JORNAIS\NJUD 1800 20-01.mp3","1 - JANEIRO\JORNAIS\NJUD 1800 20-01.mp3"
"NJUD 1801 21-01.mp3",".mp3","1201377","23/01/2026 10:45:58","H:\Meu Drive\RADIO TJRN CONTEÚDO\NOT JUDICIARIO (5 MIN)\NJUD 2026\1 - JANEIRO\JORNAIS\NJUD 1801 21-01.mp3","1 - JANEIRO\JORNAIS\NJUD 1801 21-01.mp3"
"NJUD 1802 22-01.mp3",".mp3","1232235","23/01/2026 10:46:58","H:\Meu Drive\RADIO TJRN CONTEÚDO\NOT JUDICIARIO (5 MIN)\NJUD 2026\1 - JANEIRO\JORNAIS\NJUD 1802 22-01.mp3","1 - JANEIRO\JORNAIS\NJUD 1802 22-01.mp3"
"NJUD 1803 23-01.mp3",".mp3","1260174","23/01/2026 10:47:56","H:\Meu Drive\RADIO TJRN CONTEÚDO\NOT JUDICIARIO (5 MIN)\NJUD 2026\1 - JANEIRO\JORNAIS\NJUD 1803 23-01.mp3","1 - JANEIRO\JORNAIS\NJUD 1803 23-01.mp3"
"NJUD 1805 27-01.mp3",".mp3","1115475","06/02/2026 10:10:35","H:\Meu Drive\RADIO TJRN CONTEÚDO\NOT JUDICIARIO (5 MIN)\NJUD 2026\1 - JANEIRO\JORNAIS\NJUD 1805 27-01.mp3","1 - JANEIRO\JORNAIS\NJUD 1805 27-01.mp3"
"NJUD 1807 29-01.mp3",".mp3","1184697","06/02/2026 10:14:07","H:\Meu Drive\RADIO TJRN CONTEÚDO\NOT JUDICIARIO (5 MIN)\NJUD 2026\1 - JANEIRO\JORNAIS\NJUD 1807 29-01.mp3","1 - JANEIRO\JORNAIS\NJUD 1807 29-01.mp3"
"NJUD 1808 30-01.mp3",".mp3","1122147","06/02/2026 10:15:12","H:\Meu Drive\RADIO TJRN CONTEÚDO\NOT JUDICIARIO (5 MIN)\NJUD 2026\1 - JANEIRO\JORNAIS\NJUD 1808 30-01.mp3","1 - JANEIRO\JORNAIS\NJUD 1808 30-01.mp3"
"NJUD 1804 26-01.mp3",".mp3","1449492","06/02/2026 10:32:53","H:\Meu Drive\RADIO TJRN CONTEÚDO\NOT JUDICIARIO (5 MIN)\NJUD 2026\1 - JANEIRO\JORNAIS\NJUD 1804 26-01.mp3","1 - JANEIRO\JORNAIS\NJUD 1804 26-01.mp3"
"NJUD 1806 28-01.mp3",".mp3","1295202","06/02/2026 10:34:33","H:\Meu Drive\RADIO TJRN CONTEÚDO\NOT JUDICIARIO (5 MIN)\NJUD 2026\1 - JANEIRO\JORNAIS\NJUD 1806 28-01.mp3","1 - JANEIRO\JORNAIS\NJUD 1806 28-01.mp3"
"NJUD 1809 .gdoc",".gdoc","200","02/02/2026 15:44:56","H:\Meu Drive\RADIO TJRN CONTEÚDO\NOT JUDICIARIO (5 MIN)\NJUD 2026\2 - FEVEREIRO\NJUD 1809 .gdoc","2 - FEVEREIRO\NJUD 1809 .gdoc"
"NJUD 1812.gdoc",".gdoc","200","05/02/2026 14:45:16","H:\Meu Drive\RADIO TJRN CONTEÚDO\NOT JUDICIARIO (5 MIN)\NJUD 2026\2 - FEVEREIRO\NJUD 1812.gdoc","2 - FEVEREIRO\NJUD 1812.gdoc"
"NJUD 1813.gdoc",".gdoc","200","06/02/2026 08:39:07","H:\Meu Drive\RADIO TJRN CONTEÚDO\NOT JUDICIARIO (5 MIN)\NJUD 2026\2 - FEVEREIRO\NJUD 1813.gdoc","2 - FEVEREIRO\NJUD 1813.gdoc"
"NJUD 1811 .gdoc",".gdoc","200","06/02/2026 08:39:32","H:\Meu Drive\RADIO TJRN CONTEÚDO\NOT JUDICIARIO (5 MIN)\NJUD 2026\2 - FEVEREIRO\NJUD 1811 .gdoc","2 - FEVEREIRO\NJUD 1811 .gdoc"
"NJUD 1810.gdoc",".gdoc","200","06/02/2026 08:39:46","H:\Meu Drive\RADIO TJRN CONTEÚDO\NOT JUDICIARIO (5 MIN)\NJUD 2026\2 - FEVEREIRO\NJUD 1810.gdoc","2 - FEVEREIRO\NJUD 1810.gdoc"
"NJUD 1814 .gdoc",".gdoc","200","09/02/2026 10:26:21","H:\Meu Drive\RADIO TJRN CONTEÚDO\NOT JUDICIARIO (5 MIN)\NJUD 2026\2 - FEVEREIRO\NJUD 1814 .gdoc","2 - FEVEREIRO\NJUD 1814 .gdoc"
"NJUD 1815.gdoc",".gdoc","200","09/02/2026 14:58:24","H:\Meu Drive\RADIO TJRN CONTEÚDO\NOT JUDICIARIO (5 MIN)\NJUD 2026\2 - FEVEREIRO\NJUD 1815.gdoc","2 - FEVEREIRO\NJUD 1815.gdoc"
"NJUD 1816.gdoc",".gdoc","200","09/02/2026 15:04:52","H:\Meu Drive\RADIO TJRN CONTEÚDO\NOT JUDICIARIO (5 MIN)\NJUD 2026\2 - FEVEREIRO\NJUD 1816.gdoc","2 - FEVEREIRO\NJUD 1816.gdoc"
"NJUD 1817 .gdoc",".gdoc","200","11/02/2026 11:20:54","H:\Meu Drive\RADIO TJRN CONTEÚDO\NOT JUDICIARIO (5 MIN)\NJUD 2026\2 - FEVEREIRO\NJUD 1817 .gdoc","2 - FEVEREIRO\NJUD 1817 .gdoc"
"NJUD 1818 .gdoc",".gdoc","200","11/02/2026 15:21:29","H:\Meu Drive\RADIO TJRN CONTEÚDO\NOT JUDICIARIO (5 MIN)\NJUD 2026\2 - FEVEREIRO\NJUD 1818 .gdoc","2 - FEVEREIRO\NJUD 1818 .gdoc"
"NJUD 1819.gdoc",".gdoc","200","19/02/2026 10:31:06","H:\Meu Drive\RADIO TJRN CONTEÚDO\NOT JUDICIARIO (5 MIN)\NJUD 2026\2 - FEVEREIRO\NJUD 1819.gdoc","2 - FEVEREIRO\NJUD 1819.gdoc"
"NJUD 1820.gdoc",".gdoc","200","19/02/2026 13:50:25","H:\Meu Drive\RADIO TJRN CONTEÚDO\NOT JUDICIARIO (5 MIN)\NJUD 2026\2 - FEVEREIRO\NJUD 1820.gdoc","2 - FEVEREIRO\NJUD 1820.gdoc"
"NJUD 1821.gdoc",".gdoc","200","23/02/2026 15:25:40","H:\Meu Drive\RADIO TJRN CONTEÚDO\NOT JUDICIARIO (5 MIN)\NJUD 2026\2 - FEVEREIRO\NJUD 1821.gdoc","2 - FEVEREIRO\NJUD 1821.gdoc"
"NJUD 1823.gdoc",".gdoc","200","23/02/2026 15:32:26","H:\Meu Drive\RADIO TJRN CONTEÚDO\NOT JUDICIARIO (5 MIN)\NJUD 2026\2 - FEVEREIRO\NJUD 1823.gdoc","2 - FEVEREIRO\NJUD 1823.gdoc"
"NJUD 1822.gdoc",".gdoc","200","23/02/2026 15:32:41","H:\Meu Drive\RADIO TJRN CONTEÚDO\NOT JUDICIARIO (5 MIN)\NJUD 2026\2 - FEVEREIRO\NJUD 1822.gdoc","2 - FEVEREIRO\NJUD 1822.gdoc"
"NJUD 1824 .gdoc",".gdoc","200","24/02/2026 14:58:35","H:\Meu Drive\RADIO TJRN CONTEÚDO\NOT JUDICIARIO (5 MIN)\NJUD 2026\2 - FEVEREIRO\NJUD 1824 .gdoc","2 - FEVEREIRO\NJUD 1824 .gdoc"
"NJUD 1823.mp3",".mp3","3741551","24/02/2026 15:51:12","H:\Meu Drive\RADIO TJRN CONTEÚDO\NOT JUDICIARIO (5 MIN)\NJUD 2026\2 - FEVEREIRO\NJUD 1823.mp3","2 - FEVEREIRO\NJUD 1823.mp3"
"NJUD 1825 .gdoc",".gdoc","200","26/02/2026 15:09:10","H:\Meu Drive\RADIO TJRN CONTEÚDO\NOT JUDICIARIO (5 MIN)\NJUD 2026\2 - FEVEREIRO\NJUD 1825 .gdoc","2 - FEVEREIRO\NJUD 1825 .gdoc"
"NJUD 1809 02-02.mp3",".mp3","1229733","06/02/2026 10:40:43","H:\Meu Drive\RADIO TJRN CONTEÚDO\NOT JUDICIARIO (5 MIN)\NJUD 2026\2 - FEVEREIRO\JORNAIS - FEV\NJUD 1809 02-02.mp3","2 - FEVEREIRO\JORNAIS - FEV\NJUD 1809 02-02.mp3"
"NJUD 1810 03-02.mp3",".mp3","1321473","06/02/2026 10:42:07","H:\Meu Drive\RADIO TJRN CONTEÚDO\NOT JUDICIARIO (5 MIN)\NJUD 2026\2 - FEVEREIRO\JORNAIS - FEV\NJUD 1810 03-02.mp3","2 - FEVEREIRO\JORNAIS - FEV\NJUD 1810 03-02.mp3"
"NJUD 1811 04-02.mp3",".mp3","1192620","06/02/2026 10:43:11","H:\Meu Drive\RADIO TJRN CONTEÚDO\NOT JUDICIARIO (5 MIN)\NJUD 2026\2 - FEVEREIRO\JORNAIS - FEV\NJUD 1811 04-02.mp3","2 - FEVEREIRO\JORNAIS - FEV\NJUD 1811 04-02.mp3"
"NJUD 1812 05-02.mp3",".mp3","1127568","06/02/2026 10:44:11","H:\Meu Drive\RADIO TJRN CONTEÚDO\NOT JUDICIARIO (5 MIN)\NJUD 2026\2 - FEVEREIRO\JORNAIS - FEV\NJUD 1812 05-02.mp3","2 - FEVEREIRO\JORNAIS - FEV\NJUD 1812 05-02.mp3"
"NJUD 1813 06-02.mp3",".mp3","1153005","06/02/2026 10:45:02","H:\Meu Drive\RADIO TJRN CONTEÚDO\NOT JUDICIARIO (5 MIN)\NJUD 2026\2 - FEVEREIRO\JORNAIS - FEV\NJUD 1813 06-02.mp3","2 - FEVEREIRO\JORNAIS - FEV\NJUD 1813 06-02.mp3"
"NJUD 1814 09-02.mp3",".mp3","4135389","11/02/2026 11:36:40","H:\Meu Drive\RADIO TJRN CONTEÚDO\NOT JUDICIARIO (5 MIN)\NJUD 2026\2 - FEVEREIRO\JORNAIS - FEV\NJUD 1814 09-02.mp3","2 - FEVEREIRO\JORNAIS - FEV\NJUD 1814 09-02.mp3"
"NJUD 1815 10-02.mp3",".mp3","3544917","11/02/2026 11:59:13","H:\Meu Drive\RADIO TJRN CONTEÚDO\NOT JUDICIARIO (5 MIN)\NJUD 2026\2 - FEVEREIRO\JORNAIS - FEV\NJUD 1815 10-02.mp3","2 - FEVEREIRO\JORNAIS - FEV\NJUD 1815 10-02.mp3"
"NJUD 1816 11-02.mp3",".mp3","4621194","11/02/2026 12:07:09","H:\Meu Drive\RADIO TJRN CONTEÚDO\NOT JUDICIARIO (5 MIN)\NJUD 2026\2 - FEVEREIRO\JORNAIS - FEV\NJUD 1816 11-02.mp3","2 - FEVEREIRO\JORNAIS - FEV\NJUD 1816 11-02.mp3"
"NJUD 1817 12-02.mp3",".mp3","4248813","11/02/2026 12:16:17","H:\Meu Drive\RADIO TJRN CONTEÚDO\NOT JUDICIARIO (5 MIN)\NJUD 2026\2 - FEVEREIRO\JORNAIS - FEV\NJUD 1817 12-02.mp3","2 - FEVEREIRO\JORNAIS - FEV\NJUD 1817 12-02.mp3"
"NJUD 1818 13-02.mp3",".mp3","4707513","12/02/2026 12:52:50","H:\Meu Drive\RADIO TJRN CONTEÚDO\NOT JUDICIARIO (5 MIN)\NJUD 2026\2 - FEVEREIRO\JORNAIS - FEV\NJUD 1818 13-02.mp3","2 - FEVEREIRO\JORNAIS - FEV\NJUD 1818 13-02.mp3"
"NJUD 1819 19-02.mp3",".mp3","4280505","19/02/2026 10:56:59","H:\Meu Drive\RADIO TJRN CONTEÚDO\NOT JUDICIARIO (5 MIN)\NJUD 2026\2 - FEVEREIRO\JORNAIS - FEV\NJUD 1819 19-02.mp3","2 - FEVEREIRO\JORNAIS - FEV\NJUD 1819 19-02.mp3"
"NJUD 1820 20-02.mp3",".mp3","2703411","20/02/2026 12:22:10","H:\Meu Drive\RADIO TJRN CONTEÚDO\NOT JUDICIARIO (5 MIN)\NJUD 2026\2 - FEVEREIRO\JORNAIS - FEV\NJUD 1820 20-02.mp3","2 - FEVEREIRO\JORNAIS - FEV\NJUD 1820 20-02.mp3"
"NJUD 1821 23-02.mp3",".mp3","3828477","06/03/2026 10:02:03","H:\Meu Drive\RADIO TJRN CONTEÚDO\NOT JUDICIARIO (5 MIN)\NJUD 2026\2 - FEVEREIRO\JORNAIS - FEV\NJUD 1821 23-02.mp3","2 - FEVEREIRO\JORNAIS - FEV\NJUD 1821 23-02.mp3"
"NJUD 1822 24-02.mp3",".mp3","3670434","06/03/2026 10:05:31","H:\Meu Drive\RADIO TJRN CONTEÚDO\NOT JUDICIARIO (5 MIN)\NJUD 2026\2 - FEVEREIRO\JORNAIS - FEV\NJUD 1822 24-02.mp3","2 - FEVEREIRO\JORNAIS - FEV\NJUD 1822 24-02.mp3"
"NJUD 1823 25-02.mp3",".mp3","3562014","06/03/2026 10:08:33","H:\Meu Drive\RADIO TJRN CONTEÚDO\NOT JUDICIARIO (5 MIN)\NJUD 2026\2 - FEVEREIRO\JORNAIS - FEV\NJUD 1823 25-02.mp3","2 - FEVEREIRO\JORNAIS - FEV\NJUD 1823 25-02.mp3"
"NJUD 1824 26-02.mp3",".mp3","3439416","06/03/2026 10:11:35","H:\Meu Drive\RADIO TJRN CONTEÚDO\NOT JUDICIARIO (5 MIN)\NJUD 2026\2 - FEVEREIRO\JORNAIS - FEV\NJUD 1824 26-02.mp3","2 - FEVEREIRO\JORNAIS - FEV\NJUD 1824 26-02.mp3"
"NJUD 1825 27-02.mp3",".mp3","3546585","06/03/2026 10:14:22","H:\Meu Drive\RADIO TJRN CONTEÚDO\NOT JUDICIARIO (5 MIN)\NJUD 2026\2 - FEVEREIRO\JORNAIS - FEV\NJUD 1825 27-02.mp3","2 - FEVEREIRO\JORNAIS - FEV\NJUD 1825 27-02.mp3"
"NJUD 1826.gdoc",".gdoc","200","26/02/2026 15:15:04","H:\Meu Drive\RADIO TJRN CONTEÚDO\NOT JUDICIARIO (5 MIN)\NJUD 2026\3 - MARÇO\NJUD 1826.gdoc","3 - MARÇO\NJUD 1826.gdoc"
"NJUD 1826 NOTAS.mp3",".mp3","4192559","26/02/2026 15:58:32","H:\Meu Drive\RADIO TJRN CONTEÚDO\NOT JUDICIARIO (5 MIN)\NJUD 2026\3 - MARÇO\NJUD 1826 NOTAS.mp3","3 - MARÇO\NJUD 1826 NOTAS.mp3"
"NJUD 1827 .gdoc",".gdoc","200","02/03/2026 14:25:40","H:\Meu Drive\RADIO TJRN CONTEÚDO\NOT JUDICIARIO (5 MIN)\NJUD 2026\3 - MARÇO\NJUD 1827 .gdoc","3 - MARÇO\NJUD 1827 .gdoc"
"NJUD 1828.gdoc",".gdoc","200","02/03/2026 14:32:00","H:\Meu Drive\RADIO TJRN CONTEÚDO\NOT JUDICIARIO (5 MIN)\NJUD 2026\3 - MARÇO\NJUD 1828.gdoc","3 - MARÇO\NJUD 1828.gdoc"
"NJUD 1827.mp3",".mp3","4292783","02/03/2026 15:05:17","H:\Meu Drive\RADIO TJRN CONTEÚDO\NOT JUDICIARIO (5 MIN)\NJUD 2026\3 - MARÇO\NJUD 1827.mp3","3 - MARÇO\NJUD 1827.mp3"
"NJUD 1829 .gdoc",".gdoc","200","03/03/2026 14:40:26","H:\Meu Drive\RADIO TJRN CONTEÚDO\NOT JUDICIARIO (5 MIN)\NJUD 2026\3 - MARÇO\NJUD 1829 .gdoc","3 - MARÇO\NJUD 1829 .gdoc"
"NJUD 1830 .gdoc",".gdoc","200","04/03/2026 14:58:04","H:\Meu Drive\RADIO TJRN CONTEÚDO\NOT JUDICIARIO (5 MIN)\NJUD 2026\3 - MARÇO\NJUD 1830 .gdoc","3 - MARÇO\NJUD 1830 .gdoc"
"NJUD 1831 .gdoc",".gdoc","200","05/03/2026 14:51:27","H:\Meu Drive\RADIO TJRN CONTEÚDO\NOT JUDICIARIO (5 MIN)\NJUD 2026\3 - MARÇO\NJUD 1831 .gdoc","3 - MARÇO\NJUD 1831 .gdoc"
"NJUD 1832 .gdoc",".gdoc","200","11/03/2026 12:02:50","H:\Meu Drive\RADIO TJRN CONTEÚDO\NOT JUDICIARIO (5 MIN)\NJUD 2026\3 - MARÇO\NJUD 1832 .gdoc","3 - MARÇO\NJUD 1832 .gdoc"
"NJUD 1834.gdoc",".gdoc","200","11/03/2026 12:12:06","H:\Meu Drive\RADIO TJRN CONTEÚDO\NOT JUDICIARIO (5 MIN)\NJUD 2026\3 - MARÇO\NJUD 1834.gdoc","3 - MARÇO\NJUD 1834.gdoc"
"NJUD 1832 - LOCUÇÃO.mp3",".mp3","4652207","11/03/2026 12:17:52","H:\Meu Drive\RADIO TJRN CONTEÚDO\NOT JUDICIARIO (5 MIN)\NJUD 2026\3 - MARÇO\NJUD 1832 - LOCUÇÃO.mp3","3 - MARÇO\NJUD 1832 - LOCUÇÃO.mp3"
"NJUD 1833.gdoc",".gdoc","200","11/03/2026 12:20:02","H:\Meu Drive\RADIO TJRN CONTEÚDO\NOT JUDICIARIO (5 MIN)\NJUD 2026\3 - MARÇO\NJUD 1833.gdoc","3 - MARÇO\NJUD 1833.gdoc"
"NJUD 1833 - NOTAS.mp3",".mp3","4036463","11/03/2026 12:21:10","H:\Meu Drive\RADIO TJRN CONTEÚDO\NOT JUDICIARIO (5 MIN)\NJUD 2026\3 - MARÇO\NJUD 1833 - NOTAS.mp3","3 - MARÇO\NJUD 1833 - NOTAS.mp3"
"NJUD 1834 - APRESENTAÇÃO.mp3",".mp3","3465071","11/03/2026 12:24:23","H:\Meu Drive\RADIO TJRN CONTEÚDO\NOT JUDICIARIO (5 MIN)\NJUD 2026\3 - MARÇO\NJUD 1834 - APRESENTAÇÃO.mp3","3 - MARÇO\NJUD 1834 - APRESENTAÇÃO.mp3"
"NJUD 1835.gdoc",".gdoc","200","12/03/2026 15:14:28","H:\Meu Drive\RADIO TJRN CONTEÚDO\NOT JUDICIARIO (5 MIN)\NJUD 2026\3 - MARÇO\NJUD 1835.gdoc","3 - MARÇO\NJUD 1835.gdoc"
"NJUD 1836.gdoc",".gdoc","200","12/03/2026 15:20:52","H:\Meu Drive\RADIO TJRN CONTEÚDO\NOT JUDICIARIO (5 MIN)\NJUD 2026\3 - MARÇO\NJUD 1836.gdoc","3 - MARÇO\NJUD 1836.gdoc"
"NJUD 1835 NOTAS.mp3",".mp3","4379183","12/03/2026 15:36:21","H:\Meu Drive\RADIO TJRN CONTEÚDO\NOT JUDICIARIO (5 MIN)\NJUD 2026\3 - MARÇO\NJUD 1835 NOTAS.mp3","3 - MARÇO\NJUD 1835 NOTAS.mp3"
"NJUD 1836 LOCUÇÃO.mp3",".mp3","4035311","12/03/2026 15:39:52","H:\Meu Drive\RADIO TJRN CONTEÚDO\NOT JUDICIARIO (5 MIN)\NJUD 2026\3 - MARÇO\NJUD 1836 LOCUÇÃO.mp3","3 - MARÇO\NJUD 1836 LOCUÇÃO.mp3"
"NJUD 1838.gdoc",".gdoc","200","17/03/2026 15:22:49","H:\Meu Drive\RADIO TJRN CONTEÚDO\NOT JUDICIARIO (5 MIN)\NJUD 2026\3 - MARÇO\NJUD 1838.gdoc","3 - MARÇO\NJUD 1838.gdoc"
"NJUD 1832. - NOTAS mp3.mp3",".mp3","4160303","19/03/2026 13:12:17","H:\Meu Drive\RADIO TJRN CONTEÚDO\NOT JUDICIARIO (5 MIN)\NJUD 2026\3 - MARÇO\NJUD 1832. - NOTAS mp3.mp3","3 - MARÇO\NJUD 1832. - NOTAS mp3.mp3"
"NJUD 1839 .gdoc",".gdoc","200","19/03/2026 13:19:34","H:\Meu Drive\RADIO TJRN CONTEÚDO\NOT JUDICIARIO (5 MIN)\NJUD 2026\3 - MARÇO\NJUD 1839 .gdoc","3 - MARÇO\NJUD 1839 .gdoc"
"NJUD 1840 .gdoc",".gdoc","200","19/03/2026 13:45:10","H:\Meu Drive\RADIO TJRN CONTEÚDO\NOT JUDICIARIO (5 MIN)\NJUD 2026\3 - MARÇO\NJUD 1840 .gdoc","3 - MARÇO\NJUD 1840 .gdoc"
"NJUD 1837 .gdoc",".gdoc","200","19/03/2026 13:53:07","H:\Meu Drive\RADIO TJRN CONTEÚDO\NOT JUDICIARIO (5 MIN)\NJUD 2026\3 - MARÇO\NJUD 1837 .gdoc","3 - MARÇO\NJUD 1837 .gdoc"
"NJUDs 1835 notas E 1836 locução.mp3",".mp3","9075887","19/03/2026 13:54:53","H:\Meu Drive\RADIO TJRN CONTEÚDO\NOT JUDICIARIO (5 MIN)\NJUD 2026\3 - MARÇO\NJUDs 1835 notas E 1836 locução.mp3","3 - MARÇO\NJUDs 1835 notas E 1836 locução.mp3"
"NJUD 1837 - NOTAS.mp3",".mp3","4016303","19/03/2026 13:58:34","H:\Meu Drive\RADIO TJRN CONTEÚDO\NOT JUDICIARIO (5 MIN)\NJUD 2026\3 - MARÇO\NJUD 1837 - NOTAS.mp3","3 - MARÇO\NJUD 1837 - NOTAS.mp3"
"NJUD 1838 - NOTAS.mp3",".mp3","3837167","19/03/2026 14:02:09","H:\Meu Drive\RADIO TJRN CONTEÚDO\NOT JUDICIARIO (5 MIN)\NJUD 2026\3 - MARÇO\NJUD 1838 - NOTAS.mp3","3 - MARÇO\NJUD 1838 - NOTAS.mp3"
"NJUD 1839 - NOTAS.mp3",".mp3","3801455","19/03/2026 14:08:34","H:\Meu Drive\RADIO TJRN CONTEÚDO\NOT JUDICIARIO (5 MIN)\NJUD 2026\3 - MARÇO\NJUD 1839 - NOTAS.mp3","3 - MARÇO\NJUD 1839 - NOTAS.mp3"
"NJUD 1840 - NOTAS.mp3",".mp3","4304303","19/03/2026 14:13:08","H:\Meu Drive\RADIO TJRN CONTEÚDO\NOT JUDICIARIO (5 MIN)\NJUD 2026\3 - MARÇO\NJUD 1840 - NOTAS.mp3","3 - MARÇO\NJUD 1840 - NOTAS.mp3"
"NJUD 1839 LOC.mp3",".mp3","3523823","19/03/2026 15:21:25","H:\Meu Drive\RADIO TJRN CONTEÚDO\NOT JUDICIARIO (5 MIN)\NJUD 2026\3 - MARÇO\NJUD 1839 LOC.mp3","3 - MARÇO\NJUD 1839 LOC.mp3"
"NJUD 1841.gdoc",".gdoc","200","23/03/2026 10:26:42","H:\Meu Drive\RADIO TJRN CONTEÚDO\NOT JUDICIARIO (5 MIN)\NJUD 2026\3 - MARÇO\NJUD 1841.gdoc","3 - MARÇO\NJUD 1841.gdoc"
"NJUD 1842 .gdoc",".gdoc","200","23/03/2026 14:33:30","H:\Meu Drive\RADIO TJRN CONTEÚDO\NOT JUDICIARIO (5 MIN)\NJUD 2026\3 - MARÇO\NJUD 1842 .gdoc","3 - MARÇO\NJUD 1842 .gdoc"
"NJUD 1843.gdoc",".gdoc","200","23/03/2026 14:40:02","H:\Meu Drive\RADIO TJRN CONTEÚDO\NOT JUDICIARIO (5 MIN)\NJUD 2026\3 - MARÇO\NJUD 1843.gdoc","3 - MARÇO\NJUD 1843.gdoc"
"NJUD 1844 .gdoc",".gdoc","200","30/03/2026 14:12:27","H:\Meu Drive\RADIO TJRN CONTEÚDO\NOT JUDICIARIO (5 MIN)\NJUD 2026\3 - MARÇO\NJUD 1844 .gdoc","3 - MARÇO\NJUD 1844 .gdoc"
"NJUD 1845.gdoc",".gdoc","200","30/03/2026 14:16:29","H:\Meu Drive\RADIO TJRN CONTEÚDO\NOT JUDICIARIO (5 MIN)\NJUD 2026\3 - MARÇO\NJUD 1845.gdoc","3 - MARÇO\NJUD 1845.gdoc"
"NJUD 1846.gdoc",".gdoc","200","30/03/2026 14:22:19","H:\Meu Drive\RADIO TJRN CONTEÚDO\NOT JUDICIARIO (5 MIN)\NJUD 2026\3 - MARÇO\NJUD 1846.gdoc","3 - MARÇO\NJUD 1846.gdoc"
"NJUD 1847.gdoc",".gdoc","200","30/03/2026 14:26:54","H:\Meu Drive\RADIO TJRN CONTEÚDO\NOT JUDICIARIO (5 MIN)\NJUD 2026\3 - MARÇO\NJUD 1847.gdoc","3 - MARÇO\NJUD 1847.gdoc"
"NJUD 1847 LOC.mp3",".mp3","4455215","31/03/2026 14:37:18","H:\Meu Drive\RADIO TJRN CONTEÚDO\NOT JUDICIARIO (5 MIN)\NJUD 2026\3 - MARÇO\NJUD 1847 LOC.mp3","3 - MARÇO\NJUD 1847 LOC.mp3"
"NJUD 1826 02-03.mp3",".mp3","3278871","06/03/2026 10:20:48","H:\Meu Drive\RADIO TJRN CONTEÚDO\NOT JUDICIARIO (5 MIN)\NJUD 2026\3 - MARÇO\EDITADOS\NJUD 1826 02-03.mp3","3 - MARÇO\EDITADOS\NJUD 1826 02-03.mp3"
"NJUD 1827 03-03.mp3",".mp3","2976963","06/03/2026 10:25:37","H:\Meu Drive\RADIO TJRN CONTEÚDO\NOT JUDICIARIO (5 MIN)\NJUD 2026\3 - MARÇO\EDITADOS\NJUD 1827 03-03.mp3","3 - MARÇO\EDITADOS\NJUD 1827 03-03.mp3"
"NJUD 1828 04-03.mp3",".mp3","3023667","06/03/2026 10:28:24","H:\Meu Drive\RADIO TJRN CONTEÚDO\NOT JUDICIARIO (5 MIN)\NJUD 2026\3 - MARÇO\EDITADOS\NJUD 1828 04-03.mp3","3 - MARÇO\EDITADOS\NJUD 1828 04-03.mp3"
"NJUD 1829 05-03.mp3",".mp3","2906490","06/03/2026 10:31:11","H:\Meu Drive\RADIO TJRN CONTEÚDO\NOT JUDICIARIO (5 MIN)\NJUD 2026\3 - MARÇO\EDITADOS\NJUD 1829 05-03.mp3","3 - MARÇO\EDITADOS\NJUD 1829 05-03.mp3"
"NJUD 1830 06-03.mp3",".mp3","4644963","06/03/2026 11:10:30","H:\Meu Drive\RADIO TJRN CONTEÚDO\NOT JUDICIARIO (5 MIN)\NJUD 2026\3 - MARÇO\EDITADOS\NJUD 1830 06-03.mp3","3 - MARÇO\EDITADOS\NJUD 1830 06-03.mp3"
"NJUD 1831 09-03.mp3",".mp3","4177923","06/03/2026 11:23:02","H:\Meu Drive\RADIO TJRN CONTEÚDO\NOT JUDICIARIO (5 MIN)\NJUD 2026\3 - MARÇO\EDITADOS\NJUD 1831 09-03.mp3","3 - MARÇO\EDITADOS\NJUD 1831 09-03.mp3"
"NJUD 1848 .gdoc",".gdoc","200","06/04/2026 14:46:23","H:\Meu Drive\RADIO TJRN CONTEÚDO\NOT JUDICIARIO (5 MIN)\NJUD 2026\4 - ABRIL\NJUD 1848 .gdoc","4 - ABRIL\NJUD 1848 .gdoc"
"NJUD 1849.gdoc",".gdoc","200","06/04/2026 14:54:28","H:\Meu Drive\RADIO TJRN CONTEÚDO\NOT JUDICIARIO (5 MIN)\NJUD 2026\4 - ABRIL\NJUD 1849.gdoc","4 - ABRIL\NJUD 1849.gdoc"
"NJUD 1850.gdoc",".gdoc","200","06/04/2026 15:00:13","H:\Meu Drive\RADIO TJRN CONTEÚDO\NOT JUDICIARIO (5 MIN)\NJUD 2026\4 - ABRIL\NJUD 1850.gdoc","4 - ABRIL\NJUD 1850.gdoc"
"NJUD 1851 .gdoc",".gdoc","200","07/04/2026 14:29:15","H:\Meu Drive\RADIO TJRN CONTEÚDO\NOT JUDICIARIO (5 MIN)\NJUD 2026\4 - ABRIL\NJUD 1851 .gdoc","4 - ABRIL\NJUD 1851 .gdoc"
"NJUD 1850.mp3 LOCUÇÃO .mp3",".mp3","4746095","07/04/2026 15:01:46","H:\Meu Drive\RADIO TJRN CONTEÚDO\NOT JUDICIARIO (5 MIN)\NJUD 2026\4 - ABRIL\NJUD 1850.mp3 LOCUÇÃO .mp3","4 - ABRIL\NJUD 1850.mp3 LOCUÇÃO .mp3"
"NJUD 1851.mp3 NOTAS.mp3",".mp3","4426991","07/04/2026 15:06:30","H:\Meu Drive\RADIO TJRN CONTEÚDO\NOT JUDICIARIO (5 MIN)\NJUD 2026\4 - ABRIL\NJUD 1851.mp3 NOTAS.mp3","4 - ABRIL\NJUD 1851.mp3 NOTAS.mp3"
"NJUD 1852.gdoc",".gdoc","200","09/04/2026 14:35:35","H:\Meu Drive\RADIO TJRN CONTEÚDO\NOT JUDICIARIO (5 MIN)\NJUD 2026\4 - ABRIL\NJUD 1852.gdoc","4 - ABRIL\NJUD 1852.gdoc"
"NJUD 1853.gdoc",".gdoc","200","09/04/2026 14:40:01","H:\Meu Drive\RADIO TJRN CONTEÚDO\NOT JUDICIARIO (5 MIN)\NJUD 2026\4 - ABRIL\NJUD 1853.gdoc","4 - ABRIL\NJUD 1853.gdoc"
"NJUD 1853 LOC.mp3",".mp3","4100975","09/04/2026 15:17:43","H:\Meu Drive\RADIO TJRN CONTEÚDO\NOT JUDICIARIO (5 MIN)\NJUD 2026\4 - ABRIL\NJUD 1853 LOC.mp3","4 - ABRIL\NJUD 1853 LOC.mp3"
"NOTAS NJUD 1850.mp3",".mp3","6223535","10/04/2026 13:58:34","H:\Meu Drive\RADIO TJRN CONTEÚDO\NOT JUDICIARIO (5 MIN)\NJUD 2026\4 - ABRIL\NOTAS NJUD 1850.mp3","4 - ABRIL\NOTAS NJUD 1850.mp3"
"LOC NJUD 1851.mp3",".mp3","5399855","10/04/2026 14:03:00","H:\Meu Drive\RADIO TJRN CONTEÚDO\NOT JUDICIARIO (5 MIN)\NJUD 2026\4 - ABRIL\LOC NJUD 1851.mp3","4 - ABRIL\LOC NJUD 1851.mp3"
"NJUD 1854.gdoc",".gdoc","200","14/04/2026 14:42:24","H:\Meu Drive\RADIO TJRN CONTEÚDO\NOT JUDICIARIO (5 MIN)\NJUD 2026\4 - ABRIL\NJUD 1854.gdoc","4 - ABRIL\NJUD 1854.gdoc"
"NJUD 1855.gdoc",".gdoc","200","14/04/2026 14:47:11","H:\Meu Drive\RADIO TJRN CONTEÚDO\NOT JUDICIARIO (5 MIN)\NJUD 2026\4 - ABRIL\NJUD 1855.gdoc","4 - ABRIL\NJUD 1855.gdoc"
"NJUD 1856.gdoc",".gdoc","200","14/04/2026 14:52:03","H:\Meu Drive\RADIO TJRN CONTEÚDO\NOT JUDICIARIO (5 MIN)\NJUD 2026\4 - ABRIL\NJUD 1856.gdoc","4 - ABRIL\NJUD 1856.gdoc"
"NJUD 1856 NOTAS.mp3",".mp3","4708655","14/04/2026 15:51:02","H:\Meu Drive\RADIO TJRN CONTEÚDO\NOT JUDICIARIO (5 MIN)\NJUD 2026\4 - ABRIL\NJUD 1856 NOTAS.mp3","4 - ABRIL\NJUD 1856 NOTAS.mp3"
"NJUD 1858 LOC.mp3",".mp3","4685615","16/04/2026 15:38:25","H:\Meu Drive\RADIO TJRN CONTEÚDO\NOT JUDICIARIO (5 MIN)\NJUD 2026\4 - ABRIL\NJUD 1858 LOC.mp3","4 - ABRIL\NJUD 1858 LOC.mp3"
"NJUD 1857 .gdoc",".gdoc","200","16/04/2026 15:40:23","H:\Meu Drive\RADIO TJRN CONTEÚDO\NOT JUDICIARIO (5 MIN)\NJUD 2026\4 - ABRIL\NJUD 1857 .gdoc","4 - ABRIL\NJUD 1857 .gdoc"
"NJUD 1858 .gdoc",".gdoc","200","22/04/2026 14:07:13","H:\Meu Drive\RADIO TJRN CONTEÚDO\NOT JUDICIARIO (5 MIN)\NJUD 2026\4 - ABRIL\NJUD 1858 .gdoc","4 - ABRIL\NJUD 1858 .gdoc"
"NJUD 1859 .gdoc",".gdoc","200","22/04/2026 14:12:31","H:\Meu Drive\RADIO TJRN CONTEÚDO\NOT JUDICIARIO (5 MIN)\NJUD 2026\4 - ABRIL\NJUD 1859 .gdoc","4 - ABRIL\NJUD 1859 .gdoc"
"NJUD 1859 LOC.mp3",".mp3","3750767","22/04/2026 15:10:17","H:\Meu Drive\RADIO TJRN CONTEÚDO\NOT JUDICIARIO (5 MIN)\NJUD 2026\4 - ABRIL\NJUD 1859 LOC.mp3","4 - ABRIL\NJUD 1859 LOC.mp3"
"NJUD 1860  .gdoc",".gdoc","200","23/04/2026 14:27:55","H:\Meu Drive\RADIO TJRN CONTEÚDO\NOT JUDICIARIO (5 MIN)\NJUD 2026\4 - ABRIL\NJUD 1860  .gdoc","4 - ABRIL\NJUD 1860  .gdoc"
"NJUD 1861 .gdoc",".gdoc","200","27/04/2026 15:25:02","H:\Meu Drive\RADIO TJRN CONTEÚDO\NOT JUDICIARIO (5 MIN)\NJUD 2026\4 - ABRIL\NJUD 1861 .gdoc","4 - ABRIL\NJUD 1861 .gdoc"
"NJUD 1862.gdoc",".gdoc","200","27/04/2026 15:29:38","H:\Meu Drive\RADIO TJRN CONTEÚDO\NOT JUDICIARIO (5 MIN)\NJUD 2026\4 - ABRIL\NJUD 1862.gdoc","4 - ABRIL\NJUD 1862.gdoc"
"NJUD 1862 NOTAS.mp3",".mp3","4648175","27/04/2026 15:56:00","H:\Meu Drive\RADIO TJRN CONTEÚDO\NOT JUDICIARIO (5 MIN)\NJUD 2026\4 - ABRIL\NJUD 1862 NOTAS.mp3","4 - ABRIL\NJUD 1862 NOTAS.mp3"
"NJUD 1863.gdoc",".gdoc","200","28/04/2026 14:57:11","H:\Meu Drive\RADIO TJRN CONTEÚDO\NOT JUDICIARIO (5 MIN)\NJUD 2026\4 - ABRIL\NJUD 1863.gdoc","4 - ABRIL\NJUD 1863.gdoc"
"NJUD 1864  .gdoc",".gdoc","200","30/04/2026 15:29:00","H:\Meu Drive\RADIO TJRN CONTEÚDO\NOT JUDICIARIO (5 MIN)\NJUD 2026\4 - ABRIL\NJUD 1864  .gdoc","4 - ABRIL\NJUD 1864  .gdoc"
"NJUD 1865 .gdoc",".gdoc","200","03/05/2026 18:41:57","H:\Meu Drive\RADIO TJRN CONTEÚDO\NOT JUDICIARIO (5 MIN)\NJUD 2026\5 - MAIO\NJUD 1865 .gdoc","5 - MAIO\NJUD 1865 .gdoc"
"NJUD 1866 .gdoc",".gdoc","200","05/05/2026 14:35:08","H:\Meu Drive\RADIO TJRN CONTEÚDO\NOT JUDICIARIO (5 MIN)\NJUD 2026\5 - MAIO\NJUD 1866 .gdoc","5 - MAIO\NJUD 1866 .gdoc"
"NJUD 1867 .gdoc",".gdoc","200","05/05/2026 14:40:39","H:\Meu Drive\RADIO TJRN CONTEÚDO\NOT JUDICIARIO (5 MIN)\NJUD 2026\5 - MAIO\NJUD 1867 .gdoc","5 - MAIO\NJUD 1867 .gdoc"
"NJUD 1868 .gdoc",".gdoc","200","06/05/2026 13:34:42","H:\Meu Drive\RADIO TJRN CONTEÚDO\NOT JUDICIARIO (5 MIN)\NJUD 2026\5 - MAIO\NJUD 1868 .gdoc","5 - MAIO\NJUD 1868 .gdoc"
"NJUD 1869.gdoc",".gdoc","200","06/05/2026 15:10:33","H:\Meu Drive\RADIO TJRN CONTEÚDO\NOT JUDICIARIO (5 MIN)\NJUD 2026\5 - MAIO\NJUD 1869.gdoc","5 - MAIO\NJUD 1869.gdoc"
"NJUD 1865 LOC.mp3",".mp3","3295151","06/05/2026 15:14:04","H:\Meu Drive\RADIO TJRN CONTEÚDO\NOT JUDICIARIO (5 MIN)\NJUD 2026\5 - MAIO\NJUD 1865 LOC.mp3","5 - MAIO\NJUD 1865 LOC.mp3"
"NJUD 1866 LOC.mp3",".mp3","3523247","06/05/2026 15:17:06","H:\Meu Drive\RADIO TJRN CONTEÚDO\NOT JUDICIARIO (5 MIN)\NJUD 2026\5 - MAIO\NJUD 1866 LOC.mp3","5 - MAIO\NJUD 1866 LOC.mp3"
"NJUD 1870 .gdoc",".gdoc","200","11/05/2026 14:40:59","H:\Meu Drive\RADIO TJRN CONTEÚDO\NOT JUDICIARIO (5 MIN)\NJUD 2026\5 - MAIO\NJUD 1870 .gdoc","5 - MAIO\NJUD 1870 .gdoc"
"NJUD 1871.gdoc",".gdoc","200","11/05/2026 14:45:14","H:\Meu Drive\RADIO TJRN CONTEÚDO\NOT JUDICIARIO (5 MIN)\NJUD 2026\5 - MAIO\NJUD 1871.gdoc","5 - MAIO\NJUD 1871.gdoc"
"NJUD 1868 LOC.mp3",".mp3","3860207","11/05/2026 15:46:52","H:\Meu Drive\RADIO TJRN CONTEÚDO\NOT JUDICIARIO (5 MIN)\NJUD 2026\5 - MAIO\NJUD 1868 LOC.mp3","5 - MAIO\NJUD 1868 LOC.mp3"
"NJUD 1872.gdoc",".gdoc","200","12/05/2026 13:59:57","H:\Meu Drive\RADIO TJRN CONTEÚDO\NOT JUDICIARIO (5 MIN)\NJUD 2026\5 - MAIO\NJUD 1872.gdoc","5 - MAIO\NJUD 1872.gdoc"
"NJUD 1872 LOC.mp3",".mp3","3743855","12/05/2026 15:20:45","H:\Meu Drive\RADIO TJRN CONTEÚDO\NOT JUDICIARIO (5 MIN)\NJUD 2026\5 - MAIO\NJUD 1872 LOC.mp3","5 - MAIO\NJUD 1872 LOC.mp3"
"NJUD 1873 .gdoc",".gdoc","200","14/05/2026 14:10:31","H:\Meu Drive\RADIO TJRN CONTEÚDO\NOT JUDICIARIO (5 MIN)\NJUD 2026\5 - MAIO\NJUD 1873 .gdoc","5 - MAIO\NJUD 1873 .gdoc"
"NJUD 1874.gdoc",".gdoc","200","14/05/2026 14:15:50","H:\Meu Drive\RADIO TJRN CONTEÚDO\NOT JUDICIARIO (5 MIN)\NJUD 2026\5 - MAIO\NJUD 1874.gdoc","5 - MAIO\NJUD 1874.gdoc"
"NJUD 1874 NOTAS.mp3",".mp3","3774383","14/05/2026 15:10:14","H:\Meu Drive\RADIO TJRN CONTEÚDO\NOT JUDICIARIO (5 MIN)\NJUD 2026\5 - MAIO\NJUD 1874 NOTAS.mp3","5 - MAIO\NJUD 1874 NOTAS.mp3"
"NJUD 1875 .gdoc",".gdoc","200","18/05/2026 11:18:49","H:\Meu Drive\RADIO TJRN CONTEÚDO\NOT JUDICIARIO (5 MIN)\NJUD 2026\5 - MAIO\NJUD 1875 .gdoc","5 - MAIO\NJUD 1875 .gdoc"
"NJUD 1876.gdoc",".gdoc","200","21/05/2026 08:55:41","H:\Meu Drive\RADIO TJRN CONTEÚDO\NOT JUDICIARIO (5 MIN)\NJUD 2026\5 - MAIO\NJUD 1876.gdoc","5 - MAIO\NJUD 1876.gdoc"
"NJUD 1877.gdoc",".gdoc","200","21/05/2026 14:30:04","H:\Meu Drive\RADIO TJRN CONTEÚDO\NOT JUDICIARIO (5 MIN)\NJUD 2026\5 - MAIO\NJUD 1877.gdoc","5 - MAIO\NJUD 1877.gdoc"
"NJUD 1878.gdoc",".gdoc","200","21/05/2026 14:36:35","H:\Meu Drive\RADIO TJRN CONTEÚDO\NOT JUDICIARIO (5 MIN)\NJUD 2026\5 - MAIO\NJUD 1878.gdoc","5 - MAIO\NJUD 1878.gdoc"
"NJUD 1879.gdoc",".gdoc","200","21/05/2026 14:43:36","H:\Meu Drive\RADIO TJRN CONTEÚDO\NOT JUDICIARIO (5 MIN)\NJUD 2026\5 - MAIO\NJUD 1879.gdoc","5 - MAIO\NJUD 1879.gdoc"
"NJUD 1878 LOC.mp3",".mp3","3340655","21/05/2026 15:15:06","H:\Meu Drive\RADIO TJRN CONTEÚDO\NOT JUDICIARIO (5 MIN)\NJUD 2026\5 - MAIO\NJUD 1878 LOC.mp3","5 - MAIO\NJUD 1878 LOC.mp3"
"NJUD 1881.gdoc",".gdoc","200","25/05/2026 14:59:19","H:\Meu Drive\RADIO TJRN CONTEÚDO\NOT JUDICIARIO (5 MIN)\NJUD 2026\5 - MAIO\NJUD 1881.gdoc","5 - MAIO\NJUD 1881.gdoc"
"NJUD 1880 .gdoc",".gdoc","200","25/05/2026 15:02:21","H:\Meu Drive\RADIO TJRN CONTEÚDO\NOT JUDICIARIO (5 MIN)\NJUD 2026\5 - MAIO\NJUD 1880 .gdoc","5 - MAIO\NJUD 1880 .gdoc"
"NJUD 1882 .gdoc",".gdoc","200","26/05/2026 13:54:45","H:\Meu Drive\RADIO TJRN CONTEÚDO\NOT JUDICIARIO (5 MIN)\NJUD 2026\5 - MAIO\NJUD 1882 .gdoc","5 - MAIO\NJUD 1882 .gdoc"
"NJUD 1883.gdoc",".gdoc","200","26/05/2026 14:10:44","H:\Meu Drive\RADIO TJRN CONTEÚDO\NOT JUDICIARIO (5 MIN)\NJUD 2026\5 - MAIO\NJUD 1883.gdoc","5 - MAIO\NJUD 1883.gdoc"
"NJUD 1884 .gdoc",".gdoc","200","28/05/2026 11:23:38","H:\Meu Drive\RADIO TJRN CONTEÚDO\NOT JUDICIARIO (5 MIN)\NJUD 2026\5 - MAIO\NJUD 1884 .gdoc","5 - MAIO\NJUD 1884 .gdoc"
"MJUD 1885 A FAZER.gdoc",".gdoc","200","28/05/2026 11:26:13","H:\Meu Drive\RADIO TJRN CONTEÚDO\NOT JUDICIARIO (5 MIN)\NJUD 2026\5 - MAIO\MJUD 1885 A FAZER.gdoc","5 - MAIO\MJUD 1885 A FAZER.gdoc"
"NJUD 1881 NOTAS.mp3",".mp3","5239727","28/05/2026 14:46:20","H:\Meu Drive\RADIO TJRN CONTEÚDO\NOT JUDICIARIO (5 MIN)\NJUD 2026\5 - MAIO\NJUD 1881 NOTAS.mp3","5 - MAIO\NJUD 1881 NOTAS.mp3"
